#
# A fatal error has been detected by the Java Runtime Environment:
#
#  SIGSEGV (0xb) at pc=0x00007f2035280350, pid=17967, tid=17969
#
# JRE version: OpenJDK Runtime Environment Corretto-21.0.6.7.1 (21.0.6+7) (build 21.0.6+7-LTS)
# Java VM: OpenJDK 64-Bit Server VM Corretto-21.0.6.7.1 (21.0.6+7-LTS, mixed mode, sharing, tiered, compressed oops, compressed class ptrs, g1 gc, linux-amd64)
# Problematic frame:
# C  [libmeos.so+0x4b350]  ensure_span_isof_type+0x0
#
# Core dump will be written. Default location: Core dumps may be processed with "/wsl-capture-crash %t %E %p %s" (or dumping to /usr/local/jmeos/core.17967)
#
# If you would like to submit a bug report, please visit:
#   https://github.com/corretto/corretto-21/issues/
# The crash happened outside the Java Virtual Machine in native code.
# See problematic frame for where to report the bug.
#

---------------  S U M M A R Y ------------

Command Line: -javaagent:/root/.m2/repository/org/jacoco/org.jacoco.agent/0.8.11/org.jacoco.agent-0.8.11-runtime.jar=destfile=/usr/local/jmeos/target/jacoco.exec /usr/local/jmeos/target/surefire/surefirebooter-20250905100721159_3.jar /usr/local/jmeos/target/surefire 2025-09-05T10-07-20_570-jvmRun1 surefire-20250905100721159_1tmp surefire_0-20250905100721159_2tmp

Host: AMD Ryzen 7 7800X3D 8-Core Processor, 16 cores, 15G, Debian GNU/Linux 12 (bookworm)
Time: Fri Sep  5 10:07:25 2025 UTC elapsed time: 4.318716 seconds (0d 0h 0m 4s)

---------------  T H R E A D  ---------------

Current thread (0x00007f20b402cd40):  JavaThread "main"             [_thread_in_native, id=17969, stack(0x00007f20b9e20000,0x00007f20b9f20000) (1024K)]

Stack: [0x00007f20b9e20000,0x00007f20b9f20000],  sp=0x00007f20b9f1ba98,  free space=1006k
Native frames: (J=compiled Java code, j=interpreted, Vv=VM code, C=native code)
C  [libmeos.so+0x4b350]  ensure_span_isof_type+0x0
Java frames: (J=compiled Java code, j=interpreted, Vv=VM code)
j  functions.functions$MeosLibrary$jnr$ffi$0.floatspan_out$jni$235(JI)J+0
j  functions.functions$MeosLibrary$jnr$ffi$0.floatspan_out(Ljnr/ffi/Pointer;I)Ljava/lang/String;+29
j  functions.functions.floatspan_out(Ljnr/ffi/Pointer;I)Ljava/lang/String;+12
j  types.collections.number.FloatSpan.toString(I)Ljava/lang/String;+12
j  collections.number.FloatSpanSetTest.testSpans()V+70
j  java.lang.invoke.LambdaForm$DMH+0x00007f203c218c00.invokeVirtual(Ljava/lang/Object;Ljava/lang/Object;)V+10 java.base@21.0.6
j  java.lang.invoke.LambdaForm$MH+0x00007f203c219400.invoke(Ljava/lang/Object;Ljava/lang/Object;)Ljava/lang/Object;+31 java.base@21.0.6
J 3593 c1 jdk.internal.reflect.DirectMethodHandleAccessor.invoke(Ljava/lang/Object;[Ljava/lang/Object;)Ljava/lang/Object; java.base@21.0.6 (92 bytes) @ 0x00007f209d02fd04 [0x00007f209d02e0e0+0x0000000000001c24]
J 5273 c1 org.junit.platform.commons.util.ReflectionUtils.invokeMethod(Ljava/lang/reflect/Method;Ljava/lang/Object;[Ljava/lang/Object;)Ljava/lang/Object; (128 bytes) @ 0x00007f209d36a5dc [0x00007f209d369a40+0x0000000000000b9c]
J 5993 c1 org.junit.jupiter.engine.execution.MethodInvocation.proceed()Ljava/lang/Object; (28 bytes) @ 0x00007f209d4a54c4 [0x00007f209d4a5360+0x0000000000000164]
J 5206 c1 org.junit.jupiter.engine.execution.InvocationInterceptorChain$ValidatingInvocation.proceed()Ljava/lang/Object; (26 bytes) @ 0x00007f209d346764 [0x00007f209d3465e0+0x0000000000000184]
J 5414 c1 org.junit.jupiter.engine.extension.TimeoutExtension.intercept(Lorg/junit/jupiter/api/extension/InvocationInterceptor$Invocation;Lorg/junit/jupiter/api/extension/ReflectiveInvocationContext;Lorg/junit/jupiter/api/extension/ExtensionContext;Lorg/junit/jupiter/engine/extension/TimeoutDuration;Lorg/junit/jupiter/engine/extension/TimeoutExtension$TimeoutProvider;)Ljava/lang/Object; (63 bytes) @ 0x00007f209d3acbc4 [0x00007f209d3ac980+0x0000000000000244]
J 5413 c1 org.junit.jupiter.engine.extension.TimeoutExtension.interceptTestableMethod(Lorg/junit/jupiter/api/extension/InvocationInterceptor$Invocation;Lorg/junit/jupiter/api/extension/ReflectiveInvocationContext;Lorg/junit/jupiter/api/extension/ExtensionContext;Lorg/junit/jupiter/engine/extension/TimeoutExtension$TimeoutProvider;)Ljava/lang/Object; (52 bytes) @ 0x00007f209d3ab6d4 [0x00007f209d3ab380+0x0000000000000354]
j  org.junit.jupiter.engine.extension.TimeoutExtension.interceptTestMethod(Lorg/junit/jupiter/api/extension/InvocationInterceptor$Invocation;Lorg/junit/jupiter/api/extension/ReflectiveInvocationContext;Lorg/junit/jupiter/api/extension/ExtensionContext;)V+14
j  org.junit.jupiter.engine.descriptor.TestMethodTestDescriptor$$Lambda+0x00007f203c103030.apply(Lorg/junit/jupiter/api/extension/InvocationInterceptor;Lorg/junit/jupiter/api/extension/InvocationInterceptor$Invocation;Lorg/junit/jupiter/api/extension/ReflectiveInvocationContext;Lorg/junit/jupiter/api/extension/ExtensionContext;)V+5
J 5410 c1 org.junit.jupiter.engine.execution.InterceptingExecutableInvoker$ReflectiveInterceptorCall.lambda$ofVoidMethod$0(Lorg/junit/jupiter/engine/execution/InterceptingExecutableInvoker$ReflectiveInterceptorCall$VoidMethodInterceptorCall;Lorg/junit/jupiter/api/extension/InvocationInterceptor;Lorg/junit/jupiter/api/extension/InvocationInterceptor$Invocation;Lorg/junit/jupiter/api/extension/ReflectiveInvocationContext;Lorg/junit/jupiter/api/extension/ExtensionContext;)Ljava/lang/Void; (23 bytes) @ 0x00007f209d3aa00c [0x00007f209d3a9ec0+0x000000000000014c]
J 5409 c1 org.junit.jupiter.engine.execution.InterceptingExecutableInvoker$ReflectiveInterceptorCall$$Lambda+0x00007f203c103430.apply(Lorg/junit/jupiter/api/extension/InvocationInterceptor;Lorg/junit/jupiter/api/extension/InvocationInterceptor$Invocation;Lorg/junit/jupiter/api/extension/ReflectiveInvocationContext;Lorg/junit/jupiter/api/extension/ExtensionContext;)Ljava/lang/Object; (13 bytes) @ 0x00007f209d3aa944 [0x00007f209d3aa8c0+0x0000000000000084]
J 5204 c1 org.junit.jupiter.engine.execution.InterceptingExecutableInvoker.lambda$invoke$0(Lorg/junit/jupiter/engine/execution/InterceptingExecutableInvoker$ReflectiveInterceptorCall;Lorg/junit/jupiter/api/extension/ReflectiveInvocationContext;Lorg/junit/jupiter/api/extension/ExtensionContext;Lorg/junit/jupiter/api/extension/InvocationInterceptor;Lorg/junit/jupiter/api/extension/InvocationInterceptor$Invocation;)Ljava/lang/Object; (23 bytes) @ 0x00007f209d34618c [0x00007f209d346040+0x000000000000014c]
J 5203 c1 org.junit.jupiter.engine.execution.InterceptingExecutableInvoker$$Lambda+0x00007f203c1838c8.apply(Lorg/junit/jupiter/api/extension/InvocationInterceptor;Lorg/junit/jupiter/api/extension/InvocationInterceptor$Invocation;)Ljava/lang/Object; (18 bytes) @ 0x00007f209d345ce4 [0x00007f209d345c40+0x00000000000000a4]
J 5202 c1 org.junit.jupiter.engine.execution.InvocationInterceptorChain$InterceptedInvocation.proceed()Ljava/lang/Object; (26 bytes) @ 0x00007f209d345274 [0x00007f209d345160+0x0000000000000114]
J 5227 c1 org.junit.jupiter.engine.execution.InvocationInterceptorChain.proceed(Lorg/junit/jupiter/api/extension/InvocationInterceptor$Invocation;)Ljava/lang/Object; (34 bytes) @ 0x00007f209d34f424 [0x00007f209d34f2e0+0x0000000000000144]
J 5022 c1 org.junit.jupiter.engine.execution.InvocationInterceptorChain.chainAndInvoke(Lorg/junit/jupiter/api/extension/InvocationInterceptor$Invocation;Lorg/junit/jupiter/engine/execution/InvocationInterceptorChain$InterceptorCall;Ljava/util/List;)Ljava/lang/Object; (65 bytes) @ 0x00007f209d2e9e34 [0x00007f209d2e9c80+0x00000000000001b4]
J 5021 c1 org.junit.jupiter.engine.execution.InvocationInterceptorChain.invoke(Lorg/junit/jupiter/api/extension/InvocationInterceptor$Invocation;Lorg/junit/jupiter/engine/extension/ExtensionRegistry;Lorg/junit/jupiter/engine/execution/InvocationInterceptorChain$InterceptorCall;)Ljava/lang/Object; (60 bytes) @ 0x00007f209d2e96c4 [0x00007f209d2e93a0+0x0000000000000324]
J 5019 c1 org.junit.jupiter.engine.execution.InterceptingExecutableInvoker.invoke(Lorg/junit/jupiter/api/extension/InvocationInterceptor$Invocation;Lorg/junit/jupiter/api/extension/ReflectiveInvocationContext;Lorg/junit/jupiter/api/extension/ExtensionContext;Lorg/junit/jupiter/engine/extension/ExtensionRegistry;Lorg/junit/jupiter/engine/execution/InterceptingExecutableInvoker$ReflectiveInterceptorCall;)Ljava/lang/Object; (30 bytes) @ 0x00007f209d2e4b24 [0x00007f209d2e4540+0x00000000000005e4]
J 5989 c1 org.junit.jupiter.engine.execution.InterceptingExecutableInvoker.invoke(Ljava/lang/reflect/Method;Ljava/lang/Object;Lorg/junit/jupiter/api/extension/ExtensionContext;Lorg/junit/jupiter/engine/extension/ExtensionRegistry;Lorg/junit/jupiter/engine/execution/InterceptingExecutableInvoker$ReflectiveInterceptorCall;)Ljava/lang/Object; (98 bytes) @ 0x00007f209d4a46b4 [0x00007f209d4a40c0+0x00000000000005f4]
J 5987 c1 org.junit.jupiter.engine.descriptor.TestMethodTestDescriptor.lambda$invokeTestMethod$7(Lorg/junit/jupiter/api/extension/ExtensionContext;Lorg/junit/jupiter/engine/execution/JupiterEngineExecutionContext;)V (103 bytes) @ 0x00007f209d4a2394 [0x00007f209d4a2140+0x0000000000000254]
J 5986 c1 org.junit.jupiter.engine.descriptor.TestMethodTestDescriptor$$Lambda+0x00007f203c188a80.execute()V (16 bytes) @ 0x00007f209d4a025c [0x00007f209d4a01c0+0x000000000000009c]
J 5672 c2 org.junit.platform.engine.support.hierarchical.ThrowableCollector.execute(Lorg/junit/platform/engine/support/hierarchical/ThrowableCollector$Executable;)V (48 bytes) @ 0x00007f20a4804434 [0x00007f20a48043c0+0x0000000000000074]
J 5984 c1 org.junit.jupiter.engine.descriptor.TestMethodTestDescriptor.invokeTestMethod(Lorg/junit/jupiter/engine/execution/JupiterEngineExecutionContext;Lorg/junit/platform/engine/support/hierarchical/Node$DynamicTestExecutor;)V (50 bytes) @ 0x00007f209d4a116c [0x00007f209d4a0b60+0x000000000000060c]
J 5973 c1 org.junit.jupiter.engine.descriptor.TestMethodTestDescriptor.execute(Lorg/junit/jupiter/engine/execution/JupiterEngineExecutionContext;Lorg/junit/platform/engine/support/hierarchical/Node$DynamicTestExecutor;)Lorg/junit/jupiter/engine/execution/JupiterEngineExecutionContext; (166 bytes) @ 0x00007f209d49c40c [0x00007f209d49bea0+0x000000000000056c]
J 5972 c1 org.junit.jupiter.engine.descriptor.TestMethodTestDescriptor.execute(Lorg/junit/platform/engine/support/hierarchical/EngineExecutionContext;Lorg/junit/platform/engine/support/hierarchical/Node$DynamicTestExecutor;)Lorg/junit/platform/engine/support/hierarchical/EngineExecutionContext; (21 bytes) @ 0x00007f209d49a48c [0x00007f209d49a260+0x000000000000022c]
J 5553 c1 org.junit.platform.engine.support.hierarchical.NodeTestTask.lambda$executeRecursively$6()V (205 bytes) @ 0x00007f209d3f07dc [0x00007f209d3efba0+0x0000000000000c3c]
J 5552 c1 org.junit.platform.engine.support.hierarchical.NodeTestTask$$Lambda+0x00007f203c11ecb8.execute()V (8 bytes) @ 0x00007f209d3e984c [0x00007f209d3e97c0+0x000000000000008c]
J 5672 c2 org.junit.platform.engine.support.hierarchical.ThrowableCollector.execute(Lorg/junit/platform/engine/support/hierarchical/ThrowableCollector$Executable;)V (48 bytes) @ 0x00007f20a4804434 [0x00007f20a48043c0+0x0000000000000074]
J 5550 c1 org.junit.platform.engine.support.hierarchical.NodeTestTask.lambda$executeRecursively$8(Lorg/junit/platform/engine/support/hierarchical/EngineExecutionContext;)V (51 bytes) @ 0x00007f209d3ea9bc [0x00007f209d3ea4a0+0x000000000000051c]
J 5548 c1 org.junit.platform.engine.support.hierarchical.Node.around(Lorg/junit/platform/engine/support/hierarchical/EngineExecutionContext;Lorg/junit/platform/engine/support/hierarchical/Node$Invocation;)V (19 bytes) @ 0x00007f209d3e67a4 [0x00007f209d3e6660+0x0000000000000144]
J 5546 c1 org.junit.platform.engine.support.hierarchical.NodeTestTask.lambda$executeRecursively$9()V (29 bytes) @ 0x00007f209d3e719c [0x00007f209d3e6ca0+0x00000000000004fc]
J 5545 c1 org.junit.platform.engine.support.hierarchical.NodeTestTask$$Lambda+0x00007f203c11e698.execute()V (8 bytes) @ 0x00007f209d3e5acc [0x00007f209d3e5a40+0x000000000000008c]
J 5672 c2 org.junit.platform.engine.support.hierarchical.ThrowableCollector.execute(Lorg/junit/platform/engine/support/hierarchical/ThrowableCollector$Executable;)V (48 bytes) @ 0x00007f20a4804434 [0x00007f20a48043c0+0x0000000000000074]
J 5514 c1 org.junit.platform.engine.support.hierarchical.NodeTestTask.executeRecursively()V (49 bytes) @ 0x00007f209d3d51f4 [0x00007f209d3d4c60+0x0000000000000594]
J 5235 c1 org.junit.platform.engine.support.hierarchical.NodeTestTask.execute()V (270 bytes) @ 0x00007f209d357834 [0x00007f209d357300+0x0000000000000534]
J 6279 c1 org.junit.platform.engine.support.hierarchical.SameThreadHierarchicalTestExecutorService$$Lambda+0x00007f203c11f780.accept(Ljava/lang/Object;)V (10 bytes) @ 0x00007f209d502d0c [0x00007f209d502b40+0x00000000000001cc]
J 6051 c2 java.util.ArrayList.forEach(Ljava/util/function/Consumer;)V java.base@21.0.6 (74 bytes) @ 0x00007f20a482f598 [0x00007f20a482f4a0+0x00000000000000f8]
j  org.junit.platform.engine.support.hierarchical.SameThreadHierarchicalTestExecutorService.invokeAll(Ljava/util/List;)V+10
J 5553 c1 org.junit.platform.engine.support.hierarchical.NodeTestTask.lambda$executeRecursively$6()V (205 bytes) @ 0x00007f209d3f0e54 [0x00007f209d3efba0+0x00000000000012b4]
J 5552 c1 org.junit.platform.engine.support.hierarchical.NodeTestTask$$Lambda+0x00007f203c11ecb8.execute()V (8 bytes) @ 0x00007f209d3e984c [0x00007f209d3e97c0+0x000000000000008c]
J 5672 c2 org.junit.platform.engine.support.hierarchical.ThrowableCollector.execute(Lorg/junit/platform/engine/support/hierarchical/ThrowableCollector$Executable;)V (48 bytes) @ 0x00007f20a4804434 [0x00007f20a48043c0+0x0000000000000074]
J 5550 c1 org.junit.platform.engine.support.hierarchical.NodeTestTask.lambda$executeRecursively$8(Lorg/junit/platform/engine/support/hierarchical/EngineExecutionContext;)V (51 bytes) @ 0x00007f209d3ea9bc [0x00007f209d3ea4a0+0x000000000000051c]
J 5548 c1 org.junit.platform.engine.support.hierarchical.Node.around(Lorg/junit/platform/engine/support/hierarchical/EngineExecutionContext;Lorg/junit/platform/engine/support/hierarchical/Node$Invocation;)V (19 bytes) @ 0x00007f209d3e67a4 [0x00007f209d3e6660+0x0000000000000144]
J 5546 c1 org.junit.platform.engine.support.hierarchical.NodeTestTask.lambda$executeRecursively$9()V (29 bytes) @ 0x00007f209d3e719c [0x00007f209d3e6ca0+0x00000000000004fc]
J 5545 c1 org.junit.platform.engine.support.hierarchical.NodeTestTask$$Lambda+0x00007f203c11e698.execute()V (8 bytes) @ 0x00007f209d3e5acc [0x00007f209d3e5a40+0x000000000000008c]
J 5672 c2 org.junit.platform.engine.support.hierarchical.ThrowableCollector.execute(Lorg/junit/platform/engine/support/hierarchical/ThrowableCollector$Executable;)V (48 bytes) @ 0x00007f20a4804434 [0x00007f20a48043c0+0x0000000000000074]
J 5514 c1 org.junit.platform.engine.support.hierarchical.NodeTestTask.executeRecursively()V (49 bytes) @ 0x00007f209d3d51f4 [0x00007f209d3d4c60+0x0000000000000594]
J 5235 c1 org.junit.platform.engine.support.hierarchical.NodeTestTask.execute()V (270 bytes) @ 0x00007f209d357834 [0x00007f209d357300+0x0000000000000534]
J 6279 c1 org.junit.platform.engine.support.hierarchical.SameThreadHierarchicalTestExecutorService$$Lambda+0x00007f203c11f780.accept(Ljava/lang/Object;)V (10 bytes) @ 0x00007f209d502d0c [0x00007f209d502b40+0x00000000000001cc]
j  java.util.ArrayList.forEach(Ljava/util/function/Consumer;)V+46 java.base@21.0.6
j  org.junit.platform.engine.support.hierarchical.SameThreadHierarchicalTestExecutorService.invokeAll(Ljava/util/List;)V+10
j  org.junit.platform.engine.support.hierarchical.NodeTestTask.lambda$executeRecursively$6()V+170
j  org.junit.platform.engine.support.hierarchical.NodeTestTask$$Lambda+0x00007f203c11ecb8.execute()V+4
j  org.junit.platform.engine.support.hierarchical.ThrowableCollector.execute(Lorg/junit/platform/engine/support/hierarchical/ThrowableCollector$Executable;)V+5
j  org.junit.platform.engine.support.hierarchical.NodeTestTask.lambda$executeRecursively$8(Lorg/junit/platform/engine/support/hierarchical/EngineExecutionContext;)V+24
j  org.junit.platform.engine.support.hierarchical.NodeTestTask$$Lambda+0x00007f203c11eaa0.invoke(Lorg/junit/platform/engine/support/hierarchical/EngineExecutionContext;)V+5
j  org.junit.platform.engine.support.hierarchical.Node.around(Lorg/junit/platform/engine/support/hierarchical/EngineExecutionContext;Lorg/junit/platform/engine/support/hierarchical/Node$Invocation;)V+7
j  org.junit.platform.engine.support.hierarchical.NodeTestTask.lambda$executeRecursively$9()V+18
j  org.junit.platform.engine.support.hierarchical.NodeTestTask$$Lambda+0x00007f203c11e698.execute()V+4
j  org.junit.platform.engine.support.hierarchical.ThrowableCollector.execute(Lorg/junit/platform/engine/support/hierarchical/ThrowableCollector$Executable;)V+5
j  org.junit.platform.engine.support.hierarchical.NodeTestTask.executeRecursively()V+40
j  org.junit.platform.engine.support.hierarchical.NodeTestTask.execute()V+108
j  org.junit.platform.engine.support.hierarchical.SameThreadHierarchicalTestExecutorService.submit(Lorg/junit/platform/engine/support/hierarchical/HierarchicalTestExecutorService$TestTask;)Ljava/util/concurrent/Future;+5
j  org.junit.platform.engine.support.hierarchical.HierarchicalTestExecutor.execute()Ljava/util/concurrent/Future;+107
j  org.junit.platform.engine.support.hierarchical.HierarchicalTestEngine.execute(Lorg/junit/platform/engine/ExecutionRequest;)V+55
j  org.junit.platform.launcher.core.EngineExecutionOrchestrator.execute(Lorg/junit/platform/engine/TestDescriptor;Lorg/junit/platform/engine/EngineExecutionListener;Lorg/junit/platform/engine/ConfigurationParameters;Lorg/junit/platform/engine/TestEngine;)V+35
j  org.junit.platform.launcher.core.EngineExecutionOrchestrator.execute(Lorg/junit/platform/launcher/core/LauncherDiscoveryResult;Lorg/junit/platform/engine/EngineExecutionListener;)V+183
j  org.junit.platform.launcher.core.EngineExecutionOrchestrator.execute(Lorg/junit/platform/launcher/core/InternalTestPlan;Lorg/junit/platform/engine/EngineExecutionListener;Lorg/junit/platform/launcher/TestExecutionListener;)V+108
j  org.junit.platform.launcher.core.EngineExecutionOrchestrator.lambda$execute$0(Lorg/junit/platform/launcher/core/InternalTestPlan;Lorg/junit/platform/launcher/TestExecutionListener;)V+11
j  org.junit.platform.launcher.core.EngineExecutionOrchestrator$$Lambda+0x00007f203c10ac78.accept(Ljava/lang/Object;)V+12
j  org.junit.platform.launcher.core.EngineExecutionOrchestrator.withInterceptedStreams(Lorg/junit/platform/engine/ConfigurationParameters;Lorg/junit/platform/launcher/core/ListenerRegistry;Ljava/util/function/Consumer;)V+80
j  org.junit.platform.launcher.core.EngineExecutionOrchestrator.execute(Lorg/junit/platform/launcher/core/InternalTestPlan;[Lorg/junit/platform/launcher/TestExecutionListener;)V+40
j  org.junit.platform.launcher.core.DefaultLauncher.execute(Lorg/junit/platform/launcher/core/InternalTestPlan;[Lorg/junit/platform/launcher/TestExecutionListener;)V+11
j  org.junit.platform.launcher.core.DefaultLauncher.execute(Lorg/junit/platform/launcher/LauncherDiscoveryRequest;[Lorg/junit/platform/launcher/TestExecutionListener;)V+57
j  org.junit.platform.launcher.core.DelegatingLauncher.execute(Lorg/junit/platform/launcher/LauncherDiscoveryRequest;[Lorg/junit/platform/launcher/TestExecutionListener;)V+11
j  org.apache.maven.surefire.junitplatform.LazyLauncher.execute(Lorg/junit/platform/launcher/LauncherDiscoveryRequest;[Lorg/junit/platform/launcher/TestExecutionListener;)V+11
j  org.apache.maven.surefire.junitplatform.JUnitPlatformProvider.execute(Lorg/apache/maven/surefire/api/util/TestsToRun;Lorg/apache/maven/surefire/junitplatform/RunListenerAdapter;)V+120
j  org.apache.maven.surefire.junitplatform.JUnitPlatformProvider.invokeAllTests(Lorg/apache/maven/surefire/api/util/TestsToRun;Lorg/apache/maven/surefire/junitplatform/RunListenerAdapter;)V+8
j  org.apache.maven.surefire.junitplatform.JUnitPlatformProvider.invoke(Ljava/lang/Object;)Lorg/apache/maven/surefire/api/suite/RunResult;+146
j  org.apache.maven.surefire.booter.ForkedBooter.runSuitesInProcess()V+12
j  org.apache.maven.surefire.booter.ForkedBooter.execute()V+5
j  org.apache.maven.surefire.booter.ForkedBooter.run(Lorg/apache/maven/surefire/booter/ForkedBooter;[Ljava/lang/String;)V+49
j  org.apache.maven.surefire.booter.ForkedBooter.main([Ljava/lang/String;)V+20
v  ~StubRoutines::call_stub 0x00007f20a3d11cc6

siginfo: si_signo: 11 (SIGSEGV), si_code: 1 (SEGV_MAPERR), si_addr: 0x0000000001010b0d

Registers:
RAX=0x0000000000000001, RBX=0x0000000001010b0d, RCX=0x000000000000000f, RDX=0x0000000001010b0d
RSP=0x00007f20b9f1ba98, RBP=0x000000000000000f, RSI=0x000000000000000d, RDI=0x0000000001010b0d
R8 =0x00007f203b4496a0, R9 =0x0000000000000000, R10=0x00007f20a3d1da91, R11=0x0000000713c3bb38
R12=0x0000000000000000, R13=0x00007f2037e000f8, R14=0x00007f20b9f1bb60, R15=0x00007f20b402cd40
RIP=0x00007f2035280350, EFLAGS=0x0000000000010202, CSGSFS=0x002b000000000033, ERR=0x0000000000000004
  TRAPNO=0x000000000000000e

XMM[0]=0x00007f20b402cd40 0x00007f203b4496a0
XMM[1]=0x294fe48100acab9f 0x14e8c84188303fdf
XMM[2]=0x0c98f5818685ba9f 0x4a319941fc018edf
XMM[3]=0xee830681e1ddc99f 0x59db6a41e191dddf
XMM[4]=0x000e178101b4d89f 0x34e63b4167e12cdf
XMM[5]=0x95aaf3af4ce46cce 0xfc060bee63fa7256
XMM[6]=0xce81297653fbeaf1 0x0a163ef240ae8190
XMM[7]=0x08349766fe5e555a 0x34d9feea69c7bbf1
XMM[8]=0x06a91bf9c28876ce 0xefd3b12f3ae01af3
XMM[9]=0x1c251eb91c251eb9 0x1c251eb96dafd911
XMM[10]=0x0000000000000000 0x00000000518aba58
XMM[11]=0xf40dc30bf40dc30b 0xf40dc30b61bd9c1c
XMM[12]=0x0000000000000000 0x000000006dafd911
XMM[13]=0x0000000000000000 0xc056800000000000
XMM[14]=0x0000000000000000 0x3f05a659d392c215
XMM[15]=0x0000000000000000 0x3feff606d6db69e9
  MXCSR=0x00001fa2


Register to memory mapping:

RAX=0x0000000000000001 is an unknown value
RBX=0x0000000001010b0d is an unknown value
RCX=0x000000000000000f is an unknown value
RDX=0x0000000001010b0d is an unknown value
RSP=0x00007f20b9f1ba98 is pointing into the stack for thread: 0x00007f20b402cd40
RBP=0x000000000000000f is an unknown value
RSI=0x000000000000000d is an unknown value
RDI=0x0000000001010b0d is an unknown value
R8 ={method} {0x00007f203b4496a0} 'next' '()Ljava/lang/Object;' in 'java/util/Iterator'
R9 =0x0 is null
R10=0x00007f20a3d1da91 is at code_begin+1009 in an Interpreter codelet
native method entry point (kind = native)  [0x00007f20a3d1d6a0, 0x00007f20a3d1e210]  2928 bytes
R11=0x0000000713c3bb38 is an oop: java.lang.Class
{0x0000000713c3bb38} - klass: 'java/lang/Class'
 - ---- fields (total size 56 words):
 - private volatile transient 'classRedefinedCount' 'I' @12  0 (0x00000000)
 - injected 'klass' 'J' @16  139776423821312 (0x00007f203c170000)
 - injected 'array_klass' 'J' @24  0 (0x0000000000000000)
 - injected 'oop_size' 'I' @32  56 (0x00000038)
 - injected 'static_oop_field_count' 'I' @36  84 (0x00000054)
 - private volatile transient 'cachedConstructor' 'Ljava/lang/reflect/Constructor;' @40  null (0x00000000)
 - private transient 'name' 'Ljava/lang/String;' @44  "functions.functions$MeosLibrary$jnr$ffi$0"{0x0000000713c3bcf8} (0xe278779f)
 - private transient 'module' 'Ljava/lang/Module;' @48  a 'java/lang/Module'{0x000000070d357c88} (0xe1a6af91)
 - private final 'classLoader' 'Ljava/lang/ClassLoader;' @52  a 'jnr/ffi/provider/jffi/AsmClassLoader'{0x000000070d357c30} (0xe1a6af86)
 - private transient 'classData' 'Ljava/lang/Object;' @56  null (0x00000000)
 - private transient 'packageName' 'Ljava/lang/String;' @60  "functions"{0x000000070d096190} (0xe1a12c32)
 - private final 'componentType' 'Ljava/lang/Class;' @64  null (0x00000000)
 - private volatile transient 'reflectionData' 'Ljava/lang/ref/SoftReference;' @68  a 'java/lang/ref/SoftReference'{0x0000000713c3bd50} (0xe27877aa)
 - private volatile transient 'genericInfo' 'Lsun/reflect/generics/repository/ClassRepository;' @72  null (0x00000000)
 - private volatile transient 'enumConstants' '[Ljava/lang/Object;' @76  null (0x00000000)
 - private volatile transient 'enumConstantDirectory' 'Ljava/util/Map;' @80  null (0x00000000)
 - private volatile transient 'annotationData' 'Ljava/lang/Class$AnnotationData;' @84  null (0x00000000)
 - private volatile transient 'annotationType' 'Lsun/reflect/annotation/AnnotationType;' @88  null (0x00000000)
 - transient 'classValueMap' 'Ljava/lang/ClassValue$ClassValueMap;' @92  null (0x00000000)
 - injected 'protection_domain' 'Ljava/lang/Object;' @96  a 'java/security/ProtectionDomain'{0x000000070d358548} (0xe1a6b0a9)
 - injected 'signers_name' 'Ljava/lang/Object;' @100  null (0x00000000)
 - injected 'source_file' 'Ljava/lang/Object;' @104  null (0x00000000)
 - injected '<init_lock>' 'Ljava/lang/Object;' @108  null (0x00000000)
 - signature: Lfunctions/functions$MeosLibrary$jnr$ffi$0;
 - ---- static fields (84):
 - private static final 'error_1' 'Ljava/lang/String;' @112  "unknown"{0x000000070d357cc0} (0xe1a6af98)
 - private static final 'error_2' 'Ljava/lang/String;' @116  "unknown"{0x000000070d357cc0} (0xe1a6af98)
 - private static final 'error_3' 'Ljava/lang/String;' @120  "unknown"{0x000000070d357cc0} (0xe1a6af98)
 - private static final 'error_4' 'Ljava/lang/String;' @124  "unknown"{0x000000070d357cc0} (0xe1a6af98)
 - private static final 'error_5' 'Ljava/lang/String;' @128  "unknown"{0x000000070d357cc0} (0xe1a6af98)
 - private static final 'error_6' 'Ljava/lang/String;' @132  "unknown"{0x000000070d357cc0} (0xe1a6af98)
 - private static final 'error_7' 'Ljava/lang/String;' @136  "unknown"{0x000000070d357cc0} (0xe1a6af98)
 - private static final 'error_8' 'Ljava/lang/String;' @140  "unknown"{0x000000070d357cc0} (0xe1a6af98)
 - private static final 'error_9' 'Ljava/lang/String;' @144  "unknown"{0x000000070d357cc0} (0xe1a6af98)
 - private static final 'error_10' 'Ljava/lang/String;' @148  "unknown"{0x000000070d357cc0} (0xe1a6af98)
 - private static final 'error_11' 'Ljava/lang/String;' @152  "unknown"{0x000000070d357cc0} (0xe1a6af98)
 - private static final 'error_12' 'Ljava/lang/String;' @156  "unknown"{0x000000070d357cc0} (0xe1a6af98)
 - private static final 'error_13' 'Ljava/lang/String;' @160  "unknown"{0x000000070d357cc0} (0xe1a6af98)
 - private static final 'error_14' 'Ljava/lang/String;' @164  "unknown"{0x000000070d357cc0} (0xe1a6af98)
 - private static final 'error_15' 'Ljava/lang/String;' @168  "unknown"{0x000000070d357cc0} (0xe1a6af98)
 - private static final 'error_16' 'Ljava/lang/String;' @172  "unknown"{0x000000070d357cc0} (0xe1a6af98)
 - private static final 'error_17' 'Ljava/lang/String;' @176  "unknown"{0x000000070d357cc0} (0xe1a6af98)
 - private static final 'error_18' 'Ljava/lang/String;' @180  "unknown"{0x000000070d357cc0} (0xe1a6af98)
 - private static final 'error_19' 'Ljava/lang/String;' @184  "unknown"{0x000000070d357cc0} (0xe1a6af98)
 - private static final 'error_20' 'Ljava/lang/String;' @188  "unknown"{0x000000070d357cc0} (0xe1a6af98)
 - private static final 'error_21' 'Ljava/lang/String;' @192  "unknown"{0x000000070d357cc0} (0xe1a6af98)
 - private static final 'error_22' 'Ljava/lang/String;' @196  "unknown"{0x000000070d357cc0} (0xe1a6af98)
 - private static final 'error_23' 'Ljava/lang/String;' @200  "unknown"{0x000000070d357cc0} (0xe1a6af98)
 - private static final 'error_24' 'Ljava/lang/String;' @204  "unknown"{0x000000070d357cc0} (0xe1a6af98)
 - private static final 'error_25' 'Ljava/lang/String;' @208  "unknown"{0x000000070d357cc0} (0xe1a6af98)
 - private static final 'error_26' 'Ljava/lang/String;' @212  "unknown"{0x000000070d357cc0} (0xe1a6af98)
 - private static final 'error_27' 'Ljava/lang/String;' @216  "unknown"{0x000000070d357cc0} (0xe1a6af98)
 - private static final 'error_28' 'Ljava/lang/String;' @220  "unknown"{0x000000070d357cc0} (0xe1a6af98)
 - private static final 'error_29' 'Ljava/lang/String;' @224  "unknown"{0x000000070d357cc0} (0xe1a6af98)
 - private static final 'error_30' 'Ljava/lang/String;' @228  "unknown"{0x000000070d357cc0} (0xe1a6af98)
 - private static final 'error_31' 'Ljava/lang/String;' @232  "unknown"{0x000000070d357cc0} (0xe1a6af98)
 - private static final 'error_32' 'Ljava/lang/String;' @236  "unknown"{0x000000070d357cc0} (0xe1a6af98)
 - private static final 'error_33' 'Ljava/lang/String;' @240  "unknown"{0x000000070d357cc0} (0xe1a6af98)
 - private static final 'error_34' 'Ljava/lang/String;' @244  "unknown"{0x000000070d357cc0} (0xe1a6af98)
 - private static final 'error_35' 'Ljava/lang/String;' @248  "unknown"{0x000000070d357cc0} (0xe1a6af98)
 - private static final 'error_36' 'Ljava/lang/String;' @252  "unknown"{0x000000070d357cc0} (0xe1a6af98)
 - private static final 'error_37' 'Ljava/lang/String;' @256  "unknown"{0x000000070d357cc0} (0xe1a6af98)
 - private static final 'error_38' 'Ljava/lang/String;' @260  "unknown"{0x000000070d357cc0} (0xe1a6af98)
 - private static final 'error_39' 'Ljava/lang/String;' @264  "unknown"{0x000000070d357cc0} (0xe1a6af98)
 - private static final 'error_40' 'Ljava/lang/String;' @268  "unknown"{0x000000070d357cc0} (0xe1a6af98)
 - private static final 'error_41' 'Ljava/lang/String;' @272  "unknown"{0x000000070d357cc0} (0xe1a6af98)
 - private static final 'error_42' 'Ljava/lang/String;' @276  "unknown"{0x000000070d357cc0} (0xe1a6af98)
 - private static final 'error_43' 'Ljava/lang/String;' @280  "unknown"{0x000000070d357cc0} (0xe1a6af98)
 - private static final 'error_44' 'Ljava/lang/String;' @284  "unknown"{0x000000070d357cc0} (0xe1a6af98)
 - private static final 'error_45' 'Ljava/lang/String;' @288  "unknown"{0x000000070d357cc0} (0xe1a6af98)
 - private static final 'error_46' 'Ljava/lang/String;' @292  "unknown"{0x000000070d357cc0} (0xe1a6af98)
 - private static final 'error_47' 'Ljava/lang/String;' @296  "unknown"{0x000000070d357cc0} (0xe1a6af98)
 - private static final 'error_48' 'Ljava/lang/String;' @300  "unknown"{0x000000070d357cc0} (0xe1a6af98)
 - private static final 'error_49' 'Ljava/lang/String;' @304  "unknown"{0x000000070d357cc0} (0xe1a6af98)
 - private static final 'error_50' 'Ljava/lang/String;' @308  "unknown"{0x000000070d357cc0} (0xe1a6af98)
 - private static final 'error_51' 'Ljava/lang/String;' @312  "unknown"{0x000000070d357cc0} (0xe1a6af98)
 - private static final 'error_52' 'Ljava/lang/String;' @316  "unknown"{0x000000070d357cc0} (0xe1a6af98)
 - private static final 'error_53' 'Ljava/lang/String;' @320  "unknown"{0x000000070d357cc0} (0xe1a6af98)
 - private static final 'error_54' 'Ljava/lang/String;' @324  "unknown"{0x000000070d357cc0} (0xe1a6af98)
 - private static final 'error_55' 'Ljava/lang/String;' @328  "unknown"{0x000000070d357cc0} (0xe1a6af98)
 - private static final 'error_56' 'Ljava/lang/String;' @332  "unknown"{0x000000070d357cc0} (0xe1a6af98)
 - private static final 'error_57' 'Ljava/lang/String;' @336  "unknown"{0x000000070d357cc0} (0xe1a6af98)
 - private static final 'error_58' 'Ljava/lang/String;' @340  "unknown"{0x000000070d357cc0} (0xe1a6af98)
 - private static final 'error_59' 'Ljava/lang/String;' @344  "unknown"{0x000000070d357cc0} (0xe1a6af98)
 - private static final 'error_60' 'Ljava/lang/String;' @348  "unknown"{0x000000070d357cc0} (0xe1a6af98)
 - private static final 'error_61' 'Ljava/lang/String;' @352  "unknown"{0x000000070d357cc0} (0xe1a6af98)
 - private static final 'error_62' 'Ljava/lang/String;' @356  "unknown"{0x000000070d357cc0} (0xe1a6af98)
 - private static final 'error_63' 'Ljava/lang/String;' @360  "unknown"{0x000000070d357cc0} (0xe1a6af98)
 - private static final 'error_64' 'Ljava/lang/String;' @364  "unknown"{0x000000070d357cc0} (0xe1a6af98)
 - private static final 'error_65' 'Ljava/lang/String;' @368  "unknown"{0x000000070d357cc0} (0xe1a6af98)
 - private static final 'error_66' 'Ljava/lang/String;' @372  "unknown"{0x000000070d357cc0} (0xe1a6af98)
 - private static final 'error_67' 'Ljava/lang/String;' @376  "unknown"{0x000000070d357cc0} (0xe1a6af98)
 - private static final 'error_68' 'Ljava/lang/String;' @380  "unknown"{0x000000070d357cc0} (0xe1a6af98)
 - private static final 'error_69' 'Ljava/lang/String;' @384  "unknown"{0x000000070d357cc0} (0xe1a6af98)
 - private static final 'error_70' 'Ljava/lang/String;' @388  "unknown"{0x000000070d357cc0} (0xe1a6af98)
 - private static final 'error_71' 'Ljava/lang/String;' @392  "unknown"{0x000000070d357cc0} (0xe1a6af98)
 - private static final 'error_72' 'Ljava/lang/String;' @396  "unknown"{0x000000070d357cc0} (0xe1a6af98)
 - private static final 'error_73' 'Ljava/lang/String;' @400  "unknown"{0x000000070d357cc0} (0xe1a6af98)
 - private static final 'error_74' 'Ljava/lang/String;' @404  "unknown"{0x000000070d357cc0} (0xe1a6af98)
 - private static final 'error_75' 'Ljava/lang/String;' @408  "unknown"{0x000000070d357cc0} (0xe1a6af98)
 - private static final 'error_76' 'Ljava/lang/String;' @412  "unknown"{0x000000070d357cc0} (0xe1a6af98)
 - private static final 'error_77' 'Ljava/lang/String;' @416  "unknown"{0x000000070d357cc0} (0xe1a6af98)
 - private static final 'error_78' 'Ljava/lang/String;' @420  "unknown"{0x000000070d357cc0} (0xe1a6af98)
 - private static final 'error_79' 'Ljava/lang/String;' @424  "unknown"{0x000000070d357cc0} (0xe1a6af98)
 - private static final 'error_80' 'Ljava/lang/String;' @428  "unknown"{0x000000070d357cc0} (0xe1a6af98)
 - private static final 'error_81' 'Ljava/lang/String;' @432  "unknown"{0x000000070d357cc0} (0xe1a6af98)
 - private static final 'error_82' 'Ljava/lang/String;' @436  "unknown"{0x000000070d357cc0} (0xe1a6af98)
 - private static final 'error_83' 'Ljava/lang/String;' @440  "unknown"{0x000000070d357cc0} (0xe1a6af98)
 - private static final 'error_84' 'Ljava/lang/String;' @444  "unknown"{0x000000070d357cc0} (0xe1a6af98)
R12=0x0 is null
R13={method} {0x00007f2037e000f8} 'floatspan_out$jni$235' '(JI)J' in 'functions/functions$MeosLibrary$jnr$ffi$0'
R14=0x00007f20b9f1bb60 is pointing into the stack for thread: 0x00007f20b402cd40
R15=0x00007f20b402cd40 is a thread

Top of Stack: (sp=0x00007f20b9f1ba98)
0x00007f20b9f1ba98:   00007f20352e4021 00007f20b9f1bb50
0x00007f20b9f1baa8:   00007f2037e000f8 00007f20b9f1bb30
0x00007f20b9f1bab8:   00007f20340a41ee 0000000000000014
0x00007f20b9f1bac8:   00007f20a3d1dac0 00007f203b4496a0
0x00007f20b9f1bad8:   00007f20b402cd40 00007f203b489600
0x00007f20b9f1bae8:   00007f20b9f1bae8 0000000000000000
0x00007f20b9f1baf8:   0000000000000006 00007f2037f00000
0x00007f20b9f1bb08:   0000000000000000 0000000713c3bb38
0x00007f20b9f1bb18:   00007f2037e000f8 0000000000000000
0x00007f20b9f1bb28:   00007f20b9f1bb50 00007f20b9f1bbb0
0x00007f20b9f1bb38:   00007f20a3d1925e 0000000713c3bb38
0x00007f20b9f1bb48:   00007f20a3d1afd6 000000000000000f
0x00007f20b9f1bb58:   0000000001010b0d 0000000000000000
0x00007f20b9f1bb68:   00007f20b9f1bb68 00007f2037e001b5
0x00007f20b9f1bb78:   000000000000000a 00007f2037f00000
0x00007f20b9f1bb88:   0000000000000000 0000000713c3bb38
0x00007f20b9f1bb98:   00007f2037e001f8 00007f20b9f1bb50
0x00007f20b9f1bba8:   00007f20b9f1bbf0 00007f20b9f1bc50
0x00007f20b9f1bbb8:   00007f20a3d19798 0000000000000000
0x00007f20b9f1bbc8:   0000000000000000 0000000000000000
0x00007f20b9f1bbd8:   0000000000000000 0000000000000000
0x00007f20b9f1bbe8:   0000000000000000 000000000000000f
0x00007f20b9f1bbf8:   000000071aed7de0 0000000713c871f8
0x00007f20b9f1bc08:   00007f20b9f1bc08 00007f2037936e04
0x00007f20b9f1bc18:   0000000000000005 00007f20379c0000
0x00007f20b9f1bc28:   0000000000000000 000000070d56a5a0
0x00007f20b9f1bc38:   00007f2037936e30 00007f20b9f1bbf0
0x00007f20b9f1bc48:   00007f20b9f1bc70 00007f20b9f1bcc8
0x00007f20b9f1bc58:   00007f20a3d192f2 000000070d3e0318
0x00007f20b9f1bc68:   0000000000000000 000000000000000f
0x00007f20b9f1bc78:   000000071aed7de0 00007f20b9f1bc80
0x00007f20b9f1bc88:   00007f2037783e9c 0000000000000005

Instructions: (pc=0x00007f2035280350)
0x00007f2035280250:   89 de 31 c9 5b 5d 41 5c 41 5d 41 5e 41 5f e9 ad
0x00007f2035280260:   d2 fe ff 0f 1f 44 00 00 48 83 c4 18 4c 89 f7 5b
0x00007f2035280270:   5d 41 5c 41 5d 41 5e 41 5f e9 d2 05 ff ff 66 90
0x00007f2035280280:   55 48 89 f5 53 48 89 fb 48 83 ec 08 e8 4f b7 fe
0x00007f2035280290:   ff 84 c0 74 3b 48 89 ef e8 43 b7 fe ff 84 c0 74
0x00007f20352802a0:   2f 48 89 ee 48 89 df e8 94 c2 fe ff 84 c0 74 20
0x00007f20352802b0:   48 83 c4 08 48 89 ee 48 89 df ba 02 00 00 00 5b
0x00007f20352802c0:   5d e9 9a e5 ff ff 66 2e 0f 1f 84 00 00 00 00 00
0x00007f20352802d0:   48 83 c4 08 31 c0 5b 5d c3 0f 1f 80 00 00 00 00
0x00007f20352802e0:   55 53 48 89 f3 48 83 ec 28 48 89 e5 48 89 ee e8
0x00007f20352802f0:   ec f2 fe ff 48 89 de 48 89 ef e8 f1 d7 fe ff 48
0x00007f2035280300:   83 c4 28 5b 5d c3 66 2e 0f 1f 84 00 00 00 00 00
0x00007f2035280310:   41 54 55 53 48 89 f3 48 83 ec 40 48 89 e5 4c 8d
0x00007f2035280320:   64 24 20 48 89 ee e8 b5 f2 fe ff 4c 89 e6 48 89
0x00007f2035280330:   df e8 aa f2 fe ff 4c 89 e6 48 89 ef e8 3f b6 fe
0x00007f2035280340:   ff 48 83 c4 40 5b 5d 41 5c c3 66 0f 1f 44 00 00
0x00007f2035280350:   0f b6 17 39 f2 74 31 48 83 ec 08 89 f7 e8 1e ea
0x00007f2035280360:   fe ff be 0b 00 00 00 bf 15 00 00 00 48 8d 15 78
0x00007f2035280370:   bc 10 00 48 89 c1 31 c0 e8 73 ef fe ff 31 c0 48
0x00007f2035280380:   83 c4 08 c3 0f 1f 40 00 b8 01 00 00 00 c3 66 90
0x00007f2035280390:   0f b6 57 01 39 f2 74 48 55 53 48 89 fb 89 f7 48
0x00007f20352803a0:   83 ec 08 e8 d8 e9 fe ff 0f b6 3b 48 89 c5 e8 cd
0x00007f20352803b0:   e9 fe ff 49 89 e8 be 0b 00 00 00 48 8d 15 66 bc
0x00007f20352803c0:   10 00 48 89 c1 bf 15 00 00 00 31 c0 e8 1f ef fe
0x00007f20352803d0:   ff 48 83 c4 08 31 c0 5b 5d c3 66 0f 1f 44 00 00
0x00007f20352803e0:   b8 01 00 00 00 c3 66 2e 0f 1f 84 00 00 00 00 00
0x00007f20352803f0:   55 b8 01 00 00 00 53 48 89 fb 48 83 ec 08 0f b6
0x00007f2035280400:   3e 40 38 3b 74 30 e8 75 e9 fe ff 0f b6 3b 48 89
0x00007f2035280410:   c5 e8 6a e9 fe ff 49 89 e8 be 0b 00 00 00 48 8d
0x00007f2035280420:   15 3b bc 10 00 48 89 c1 bf 15 00 00 00 31 c0 e8
0x00007f2035280430:   bc ee fe ff 31 c0 48 83 c4 08 5b 5d c3 0f 1f 00
0x00007f2035280440:   48 85 f6 74 19 48 8b 47 08 48 89 06 0f b6 47 02


Stack slot to memory mapping:

stack at sp + 0 slots: 0x00007f20352e4021: floatspan_out+0x0000000000000021 in /usr/local/lib/libmeos.so at 0x00007f2035235000
stack at sp + 1 slots: 0x00007f20b9f1bb50 is pointing into the stack for thread: 0x00007f20b402cd40
stack at sp + 2 slots: {method} {0x00007f2037e000f8} 'floatspan_out$jni$235' '(JI)J' in 'functions/functions$MeosLibrary$jnr$ffi$0'
stack at sp + 3 slots: 0x00007f20b9f1bb30 is pointing into the stack for thread: 0x00007f20b402cd40
stack at sp + 4 slots: 0x00007f20340a41ee points into unknown readable memory: 48 89
stack at sp + 5 slots: 0x0000000000000014 is an unknown value
stack at sp + 6 slots: 0x00007f20a3d1dac0 is at code_begin+1056 in an Interpreter codelet
native method entry point (kind = native)  [0x00007f20a3d1d6a0, 0x00007f20a3d1e210]  2928 bytes
stack at sp + 7 slots: {method} {0x00007f203b4496a0} 'next' '()Ljava/lang/Object;' in 'java/util/Iterator'


Compiled method (c1) 4848 3593   !   3       jdk.internal.reflect.DirectMethodHandleAccessor::invoke (92 bytes)
 total in heap  [0x00007f209d02dc10,0x00007f209d031ee0] = 17104
 relocation     [0x00007f209d02dd68,0x00007f209d02e0d8] = 880
 main code      [0x00007f209d02e0e0,0x00007f209d0309a8] = 10440
 stub code      [0x00007f209d0309a8,0x00007f209d030ad0] = 296
 oops           [0x00007f209d030ad0,0x00007f209d030af8] = 40
 metadata       [0x00007f209d030af8,0x00007f209d030b68] = 112
 scopes data    [0x00007f209d030b68,0x00007f209d031020] = 1208
 scopes pcs     [0x00007f209d031020,0x00007f209d031600] = 1504
 dependencies   [0x00007f209d031600,0x00007f209d031608] = 8
 handler table  [0x00007f209d031608,0x00007f209d031e18] = 2064
 nul chk table  [0x00007f209d031e18,0x00007f209d031ee0] = 200

[Constant Pool (empty)]

[MachCode]
[Entry Point]
  # {method} {0x00007f203b19d2c0} 'invoke' '(Ljava/lang/Object;[Ljava/lang/Object;)Ljava/lang/Object;' in 'jdk/internal/reflect/DirectMethodHandleAccessor'
  # this:     rsi:rsi   = 'jdk/internal/reflect/DirectMethodHandleAccessor'
  # parm0:    rdx:rdx   = 'java/lang/Object'
  # parm1:    rcx:rcx   = '[Ljava/lang/Object;'
  #           [sp+0x150]  (sp of caller)
  0x00007f209d02e0e0: 448b 5608 | 49bb 0000 | 003b 207f | 0000 4d03 | d34c 3bd0

  0x00007f209d02e0f4: ;   {runtime_call ic_miss_stub}
  0x00007f209d02e0f4: 0f85 8611 | d306 660f | 1f44 0000
[Verified Entry Point]
  0x00007f209d02e100: 8984 2400 | c0fe ff55 | 4881 ec40 | 0100 0090 | 4181 7f20 | 0100 0000

  0x00007f209d02e118: ;   {runtime_call StubRoutines (final stubs)}
  0x00007f209d02e118: 7405 e801 | 91d1 0648 | 89b4 24a8 | 0000 0048 | 8994 24b8 | 0000 0048 | 898c 24b0

  0x00007f209d02e134: ;   {metadata(method data for {method} {0x00007f203b19d2c0} 'invoke' '(Ljava/lang/Object;[Ljava/lang/Object;)Ljava/lang/Object;' in 'jdk/internal/reflect/DirectMethodHandleAccessor')}
  0x00007f209d02e134: 0000 0048 | bfe0 2ed1 | 3720 7f00 | 008b 9ff4 | 0000 0083 | c302 899f | f400 0000 | 81e3 fe07
  0x00007f209d02e154: 0000 85db | 0f84 fb22 | 0000 488b

  0x00007f209d02e160: ;   {metadata(method data for {method} {0x00007f203b19d2c0} 'invoke' '(Ljava/lang/Object;[Ljava/lang/Object;)Ljava/lang/Object;' in 'jdk/internal/reflect/DirectMethodHandleAccessor')}
  0x00007f209d02e160: fe48 bbe0 | 2ed1 3720 | 7f00 0048 | 8383 3801

  0x00007f209d02e170: ;   {metadata(method data for {method} {0x00007f203b3c5228} 'isStatic' '()Z' in 'jdk/internal/reflect/DirectMethodHandleAccessor')}
  0x00007f209d02e170: 0000 0148 | bf38 2ad1 | 3720 7f00 | 008b 9ff4 | 0000 0083 | c302 899f | f400 0000 | 81e3 feff
  0x00007f209d02e190: 1f00 85db | 0f84 e022 | 0000 8b7e | 1081 e700 | 0200 0081 | ff00 0200

  0x00007f209d02e1a8: ;   {metadata(method data for {method} {0x00007f203b3c5228} 'isStatic' '()Z' in 'jdk/internal/reflect/DirectMethodHandleAccessor')}
  0x00007f209d02e1a8: 0048 bf38 | 2ad1 3720 | 7f00 0048 | c7c3 3801 | 0000 7507 | 48c7 c348 | 0100 0048 | 8b04 1f48
  0x00007f209d02e1c8: 8d40 0148 | 8904 1f0f | 851a 0000

  0x00007f209d02e1d4: ;   {metadata(method data for {method} {0x00007f203b3c5228} 'isStatic' '()Z' in 'jdk/internal/reflect/DirectMethodHandleAccessor')}
  0x00007f209d02e1d4: 0048 bf38 | 2ad1 3720 | 7f00 00ff | 8758 0100 | 00bf 0100 | 0000 e905 | 0000 00bf | 0000 0000
  0x00007f209d02e1f4: 83e7 0185

  0x00007f209d02e1f8: ;   {metadata(method data for {method} {0x00007f203b19d2c0} 'invoke' '(Ljava/lang/Object;[Ljava/lang/Object;)Ljava/lang/Object;' in 'jdk/internal/reflect/DirectMethodHandleAccessor')}
  0x00007f209d02e1f8: ff48 bfe0 | 2ed1 3720 | 7f00 0048 | c7c3 7001 | 0000 7507 | 48c7 c380 | 0100 0048 | 8b04 1f48
  0x00007f209d02e218: 8d40 0148 | 8904 1f0f | 85d5 0000 | 0048 8bfe

  0x00007f209d02e228: ;   {metadata(method data for {method} {0x00007f203b19d2c0} 'invoke' '(Ljava/lang/Object;[Ljava/lang/Object;)Ljava/lang/Object;' in 'jdk/internal/reflect/DirectMethodHandleAccessor')}
  0x00007f209d02e228: 48bb e02e | d137 207f | 0000 4883 | 8390 0100

  0x00007f209d02e238: ;   {metadata(method data for {method} {0x00007f203b3c5178} 'checkReceiver' '(Ljava/lang/Object;)V' in 'jdk/internal/reflect/DirectMethodHandleAccessor')}
  0x00007f209d02e238: 0001 48bf | 4032 d137 | 207f 0000 | 8b9f f400 | 0000 83c3 | 0289 9ff4 | 0000 0081 | e3fe ff1f
  0x00007f209d02e258: 0085 db0f | 843a 2200 | 008b 7e14 | 48c1 e703

  0x00007f209d02e268: ; implicit exception: dispatches to 0x00007f209d0304bc
  0x00007f209d02e268: 483b 0248

  0x00007f209d02e26c: ;   {metadata(method data for {method} {0x00007f203b3c5178} 'checkReceiver' '(Ljava/lang/Object;)V' in 'jdk/internal/reflect/DirectMethodHandleAccessor')}
  0x00007f209d02e26c: 8bda 48b8 | 4032 d137 | 207f 0000 | 4883 8038 | 0100 0001 | 8b5a 0849 | ba00 0000 | 3b20 7f00
  0x00007f209d02e28c: 0049 03da | 488b 5b70 | 488b 1b48 | 3b07 488b

  0x00007f209d02e29c: ;   {metadata(method data for {method} {0x00007f203b3c5178} 'checkReceiver' '(Ljava/lang/Object;)V' in 'jdk/internal/reflect/DirectMethodHandleAccessor')}
  0x00007f209d02e29c: c749 b840 | 32d1 3720 | 7f00 0049 | 8380 7001 | 0000 0148 | 8bd3 488b

  0x00007f209d02e2b4: ;   {optimized virtual_call}
  0x00007f209d02e2b4: f766 90e8

  0x00007f209d02e2b8: ; ImmutableOopMap {[168]=Oop [176]=Oop [184]=Oop }
                      ;*invokevirtual isAssignableFrom {reexecute=0 rethrow=0 return_oop=0}
                      ; - jdk.internal.reflect.DirectMethodHandleAccessor::checkReceiver@8 (line 196)
                      ; - jdk.internal.reflect.DirectMethodHandleAccessor::invoke@9 (line 99)
  0x00007f209d02e2b8: 043f 4407

  0x00007f209d02e2bc: ;   {other}
  0x00007f209d02e2bc: 0f1f 8400 | ac06 0000

  0x00007f209d02e2c4: ;   {metadata(method data for {method} {0x00007f203b3c5178} 'checkReceiver' '(Ljava/lang/Object;)V' in 'jdk/internal/reflect/DirectMethodHandleAccessor')}
  0x00007f209d02e2c4: 85c0 48be | 4032 d137 | 207f 0000 | 48c7 c2b8 | 0100 0074 | 0748 c7c2 | a801 0000 | 488b 3c16
  0x00007f209d02e2e4: 488d 7f01 | 4889 3c16 | 0f84 f71f | 0000 488b | b424 a800 | 0000 8b56

  0x00007f209d02e2fc: ;   {metadata(method data for {method} {0x00007f203b19d2c0} 'invoke' '(Ljava/lang/Object;[Ljava/lang/Object;)Ljava/lang/Object;' in 'jdk/internal/reflect/DirectMethodHandleAccessor')}
  0x00007f209d02e2fc: 0c48 bfe0 | 2ed1 3720 | 7f00 0048 | 8387 c801 | 0000 0148 | 8bf2 488b | 9424 b000 | 0000 0f1f
  0x00007f209d02e31c: ;   {static_call}
  0x00007f209d02e31c: 4400 00e8

  0x00007f209d02e320: ; ImmutableOopMap {[168]=Oop [176]=Oop [184]=Oop }
                      ;*invokestatic checkArgumentCount {reexecute=0 rethrow=0 return_oop=0}
                      ; - jdk.internal.reflect.DirectMethodHandleAccessor::invoke@17 (line 101)
  0x00007f209d02e320: bcb4 ffff

  0x00007f209d02e324: ;   {other}
  0x00007f209d02e324: 0f1f 8400 | 1407 0001 | 488b b424 | a800 0000

  0x00007f209d02e334: ;   {metadata(method data for {method} {0x00007f203b19d2c0} 'invoke' '(Ljava/lang/Object;[Ljava/lang/Object;)Ljava/lang/Object;' in 'jdk/internal/reflect/DirectMethodHandleAccessor')}
  0x00007f209d02e334: 488b fe48 | bbe0 2ed1 | 3720 7f00 | 0048 8383 | d801 0000

  0x00007f209d02e348: ;   {metadata(method data for {method} {0x00007f203b3c50c8} 'invokeImpl' '(Ljava/lang/Object;[Ljava/lang/Object;)Ljava/lang/Object;' in 'jdk/internal/reflect/DirectMethodHandleAccessor')}
  0x00007f209d02e348: 0148 bf60 | 34d1 3720 | 7f00 008b | 9ff4 0000 | 0083 c302 | 899f f400 | 0000 81e3 | feff 1f00
  0x00007f209d02e368: 85db 0f84 | 5621 0000

  0x00007f209d02e370: ;   {metadata(method data for {method} {0x00007f203b3c50c8} 'invokeImpl' '(Ljava/lang/Object;[Ljava/lang/Object;)Ljava/lang/Object;' in 'jdk/internal/reflect/DirectMethodHandleAccessor')}
  0x00007f209d02e370: 8b7e 0c48 | bb60 34d1 | 3720 7f00 | 0048 c7c0 | 4001 0000 | 85ff 488b | d048 c7c0 | 5001 0000
  0x00007f209d02e390: 480f 45c2 | 83ff 0148 | 8bd0 48c7 | c060 0100 | 0048 0f45 | c283 ff02 | 488b d048 | c7c0 7001
  0x00007f209d02e3b0: 0000 480f | 45c2 83ff | 0348 8bd0 | 48c7 c080 | 0100 0048 | 0f45 c248 | 8b14 0349 | c7c2 0100
  0x00007f209d02e3d0: 0000 4903 | d248 8914 | 0385 ff0f | 84f1 1500 | 0083 ff01 | 0f84 700f | 0000 83ff | 020f 84a7
  0x00007f209d02e3f0: 0800 0083 | ff03 0f84 | 3406 0000 | 488b 9424 | b800 0000 | 8b7e 1848 | c1e7 0348 | 89bc 24c0
  0x00007f209d02e410: ;   {metadata(method data for {method} {0x00007f203b3c50c8} 'invokeImpl' '(Ljava/lang/Object;[Ljava/lang/Object;)Ljava/lang/Object;' in 'jdk/internal/reflect/DirectMethodHandleAccessor')}
  0x00007f209d02e410: 0000 0048 | bb60 34d1 | 3720 7f00 | 0048 8d9b | c003 0000 | 4885 d275 | 0ef6 4308 | 0175 4ff0
  0x00007f209d02e430: 4883 4b08 | 01eb 478b | 4208 49ba | 0000 003b | 207f 0000 | 4903 c24c | 8bd0 4833 | 4308 48a9
  0x00007f209d02e450: fcff ffff | 7428 a802 | 7524 48f7 | 4308 feff | ffff 7416 | 498b c248 | 3343 0848 | a9fc ffff
  0x00007f209d02e470: ff74 0b48 | 834b 0802 | eb04 4889

  0x00007f209d02e47c: ;   {metadata(method data for {method} {0x00007f203b0b0b00} 'invokeExact_MT' '(Ljava/lang/Object;Ljava/lang/Object;Ljava/lang/Object;Ljava/lang/Object;)Ljava/lang/Object;' in 'java/lang/invoke/Invokers$Holder')}
  0x00007f209d02e47c: 4308 48bb | 7815 3037 | 207f 0000 | 488d 9be0 | 0200 0048 | 85ff 750c | f603 0175 | 49f0 4883
  0x00007f209d02e49c: 0b01 eb42 | 8b47 0849 | ba00 0000 | 3b20 7f00 | 0049 03c2 | 4c8b d048 | 3303 48a9 | fcff ffff
  0x00007f209d02e4bc: 7424 a802 | 7520 48f7 | 03fe ffff | ff74 1449 | 8bc2 4833 | 0348 a9fc | ffff ff74 | 0948 830b
  0x00007f209d02e4dc: 02eb 0348 | 8903 4885 | d275 0ef6 | 4310 0175 | 4ff0 4883 | 4b10 01eb | 478b 4208 | 49ba 0000
  0x00007f209d02e4fc: 003b 207f | 0000 4903 | c24c 8bd0 | 4833 4310 | 48a9 fcff | ffff 7428 | a802 7524 | 48f7 4310
  0x00007f209d02e51c: feff ffff | 7416 498b | c248 3343 | 1048 a9fc | ffff ff74 | 0b48 834b | 1002 eb04 | 4889 4310
  0x00007f209d02e53c: ;   {metadata(method data for {method} {0x00007f203b3c50c8} 'invokeImpl' '(Ljava/lang/Object;[Ljava/lang/Object;)Ljava/lang/Object;' in 'jdk/internal/reflect/DirectMethodHandleAccessor')}
  0x00007f209d02e53c: 48bb 6034 | d137 207f | 0000 4883 | 8388 0300

  0x00007f209d02e54c: ;   {metadata(method data for {method} {0x00007f203b0b0b00} 'invokeExact_MT' '(Ljava/lang/Object;Ljava/lang/Object;Ljava/lang/Object;Ljava/lang/Object;)Ljava/lang/Object;' in 'java/lang/invoke/Invokers$Holder')}
  0x00007f209d02e54c: 0001 48bb | 7815 3037 | 207f 0000 | 8b83 f400 | 0000 83c0 | 0289 83f4 | 0000 0025 | feff 1f00
  0x00007f209d02e56c: 85c0 0f84 | 731f 0000

  0x00007f209d02e574: ;   {metadata(method data for {method} {0x00007f203b0b0b00} 'invokeExact_MT' '(Ljava/lang/Object;Ljava/lang/Object;Ljava/lang/Object;Ljava/lang/Object;)Ljava/lang/Object;' in 'java/lang/invoke/Invokers$Holder')}
  0x00007f209d02e574: 48bb 7815 | 3037 207f | 0000 488d | 9bb8 0100 | 0048 85ff | 750e f643 | 0801 754f | f048 834b
  0x00007f209d02e594: 0801 eb47 | 8b47 0849 | ba00 0000 | 3b20 7f00 | 0049 03c2 | 4c8b d048 | 3343 0848 | a9fc ffff
  0x00007f209d02e5b4: ff74 28a8 | 0275 2448 | f743 08fe | ffff ff74 | 1649 8bc2 | 4833 4308 | 48a9 fcff | ffff 740b
  0x00007f209d02e5d4: 4883 4b08 | 02eb 0448

  0x00007f209d02e5dc: ;   {oop(a 'java/lang/invoke/MethodType'{0x000000070d16cf38} = (Ljava/lang/Object;[Ljava/lang/Object;)Ljava/lang/Object;)}
  0x00007f209d02e5dc: 8943 0848 | b838 cf16 | 0d07 0000 | 0048 85c0 | 750c f643 | 1801 7506 | f048 834b

  0x00007f209d02e5f8: ;   {metadata(method data for {method} {0x00007f203b0b0b00} 'invokeExact_MT' '(Ljava/lang/Object;Ljava/lang/Object;Ljava/lang/Object;Ljava/lang/Object;)Ljava/lang/Object;' in 'java/lang/invoke/Invokers$Holder')}
  0x00007f209d02e5f8: 1801 48bb | 7815 3037 | 207f 0000 | 4883 83a8 | 0100 0001

  0x00007f209d02e60c: ;   {metadata(method data for {method} {0x00007f203b3d9b08} 'checkExactType' '(Ljava/lang/invoke/MethodHandle;Ljava/lang/invoke/MethodType;)V' in 'java/lang/invoke/Invokers')}
  0x00007f209d02e60c: 48bb 482f | 2537 207f | 0000 8b8b | f400 0000 | 83c1 0289 | 8bf4 0000 | 0081 e1fe | ff1f 0085
  0x00007f209d02e62c: c90f 84d5 | 1e00 0048 | 3b07 488b

  0x00007f209d02e638: ;   {metadata(method data for {method} {0x00007f203b3d9b08} 'checkExactType' '(Ljava/lang/invoke/MethodHandle;Ljava/lang/invoke/MethodType;)V' in 'java/lang/invoke/Invokers')}
  0x00007f209d02e638: df48 b948 | 2f25 3720 | 7f00 008b | 5b08 49ba | 0000 003b | 207f 0000 | 4903 da48 | 3b99 4801
  0x00007f209d02e658: 0000 750d | 4883 8150 | 0100 0001 | e960 0000 | 0048 3b99 | 5801 0000 | 750d 4883 | 8160 0100
  0x00007f209d02e678: 0001 e94a | 0000 0048 | 83b9 4801 | 0000 0075 | 1748 8999 | 4801 0000 | 48c7 8150 | 0100 0001
  0x00007f209d02e698: 0000 00e9 | 2900 0000 | 4883 b958 | 0100 0000 | 7517 4889 | 9958 0100 | 0048 c781 | 6001 0000
  0x00007f209d02e6b8: 0100 0000 | e908 0000 | 0048 8381 | 3801 0000 | 018b 5f10 | 48c1 e303

  0x00007f209d02e6d0: ;   {metadata(method data for {method} {0x00007f203b3d9b08} 'checkExactType' '(Ljava/lang/invoke/MethodHandle;Ljava/lang/invoke/MethodType;)V' in 'java/lang/invoke/Invokers')}
  0x00007f209d02e6d0: 483b d848 | b848 2f25 | 3720 7f00 | 0048 c7c1 | 8001 0000 | 7507 48c7 | c170 0100 | 004c 8b04
  0x00007f209d02e6f0: 084d 8d40 | 014c 8904 | 080f 8580

  0x00007f209d02e6fc: ;   {metadata(method data for {method} {0x00007f203b0b0b00} 'invokeExact_MT' '(Ljava/lang/Object;Ljava/lang/Object;Ljava/lang/Object;Ljava/lang/Object;)Ljava/lang/Object;' in 'java/lang/invoke/Invokers$Holder')}
  0x00007f209d02e6fc: 1700 0048 | bb78 1530 | 3720 7f00 | 0048 8d9b | f001 0000 | 8b47 0849 | ba00 0000 | 3b20 7f00
  0x00007f209d02e71c: 0049 03c2 | 4c8b d048 | 3343 0848 | a9fc ffff | ff74 28a8 | 0275 2448 | f743 08fe | ffff ff74
  0x00007f209d02e73c: 1649 8bc2 | 4833 4308 | 48a9 fcff | ffff 740b | 4883 4b08 | 02eb 0448

  0x00007f209d02e754: ;   {metadata(method data for {method} {0x00007f203b0b0b00} 'invokeExact_MT' '(Ljava/lang/Object;Ljava/lang/Object;Ljava/lang/Object;Ljava/lang/Object;)Ljava/lang/Object;' in 'java/lang/invoke/Invokers$Holder')}
  0x00007f209d02e754: 8943 0848 | bb78 1530 | 3720 7f00 | 0048 8383 | e001 0000

  0x00007f209d02e768: ;   {metadata(method data for {method} {0x00007f203b3d9a00} 'checkCustomized' '(Ljava/lang/invoke/MethodHandle;)V' in 'java/lang/invoke/Invokers')}
  0x00007f209d02e768: 0148 bbe8 | 2a25 3720 | 7f00 008b | 83f4 0000 | 0083 c002 | 8983 f400 | 0000 25fe | ff1f 0085
  0x00007f209d02e788: c00f 849f

  0x00007f209d02e78c: ;   {metadata(method data for {method} {0x00007f203b3d9a00} 'checkCustomized' '(Ljava/lang/invoke/MethodHandle;)V' in 'java/lang/invoke/Invokers')}
  0x00007f209d02e78c: 1d00 0048 | bbe8 2a25 | 3720 7f00 | 0048 8383 | 3801 0000

  0x00007f209d02e7a0: ;   {metadata(method data for {method} {0x00007f203b096bb8} 'isCompileConstant' '(Ljava/lang/Object;)Z' in 'java/lang/invoke/MethodHandleImpl')}
  0x00007f209d02e7a0: 0148 bb28 | 3225 3720 | 7f00 008b | 83f4 0000 | 0083 c002 | 8983 f400 | 0000 25fe | ff1f 0085
  0x00007f209d02e7c0: c00f 8488

  0x00007f209d02e7c4: ;   {metadata(method data for {method} {0x00007f203b3d9a00} 'checkCustomized' '(Ljava/lang/invoke/MethodHandle;)V' in 'java/lang/invoke/Invokers')}
  0x00007f209d02e7c4: 1d00 0048 | bbe8 2a25 | 3720 7f00 | 00ff 8348 | 0100 008b | 5f14 48c1 | e303 8b5b | 1c48 c1e3
  0x00007f209d02e7e4: 0348 85db

  0x00007f209d02e7e8: ;   {metadata(method data for {method} {0x00007f203b3d9a00} 'checkCustomized' '(Ljava/lang/invoke/MethodHandle;)V' in 'java/lang/invoke/Invokers')}
  0x00007f209d02e7e8: 48bb e82a | 2537 207f | 0000 48c7 | c068 0100 | 0075 0748 | c7c0 7801 | 0000 488b | 0c03 488d
  0x00007f209d02e808: 4901 4889 | 0c03 0f85 | 2800 0000

  0x00007f209d02e814: ;   {metadata(method data for {method} {0x00007f203b3d9a00} 'checkCustomized' '(Ljava/lang/invoke/MethodHandle;)V' in 'java/lang/invoke/Invokers')}
  0x00007f209d02e814: 48bb e82a | 2537 207f | 0000 4883 | 8388 0100 | 0001 488b | f766 0f1f

  0x00007f209d02e82c: ;   {static_call}
  0x00007f209d02e82c: 4400 00e8

  0x00007f209d02e830: ; ImmutableOopMap {[168]=Oop [176]=Oop [184]=Oop [192]=Oop }
                      ;*invokestatic maybeCustomize {reexecute=0 rethrow=0 return_oop=0}
                      ; - java.lang.invoke.Invokers::checkCustomized@19 (line 627)
                      ; - java.lang.invoke.Invokers$Holder::invokeExact_MT@14
                      ; - jdk.internal.reflect.DirectMethodHandleAccessor::invokeImpl@104 (line 157)
                      ; - jdk.internal.reflect.DirectMethodHandleAccessor::invoke@23 (line 103)
  0x00007f209d02e830: 8c8b c0ff

  0x00007f209d02e834: ;   {other}
  0x00007f209d02e834: 0f1f 8400 | 240c 0002 | 488b 8c24 | b000 0000 | 488b 9424 | b800 0000

  0x00007f209d02e84c: ;   {metadata(method data for {method} {0x00007f203b0b0b00} 'invokeExact_MT' '(Ljava/lang/Object;Ljava/lang/Object;Ljava/lang/Object;Ljava/lang/Object;)Ljava/lang/Object;' in 'java/lang/invoke/Invokers$Holder')}
  0x00007f209d02e84c: 48be 7815 | 3037 207f | 0000 488d | b640 0200 | 0048 85d2 | 750e f646 | 0801 7553 | f048 834e
  0x00007f209d02e86c: 0801 eb4b | 8b7a 0849 | ba00 0000 | 3b20 7f00 | 0049 03fa | 4c8b d748 | 337e 0848 | f7c7 fcff
  0x00007f209d02e88c: ffff 742b | 40f6 c702 | 7525 48f7 | 4608 feff | ffff 7417 | 498b fa48 | 337e 0848 | f7c7 fcff
  0x00007f209d02e8ac: ffff 740b | 4883 4e08 | 02eb 0448 | 897e 0848 | 85c9 750e | f646 1801 | 7553 f048 | 834e 1801
  0x00007f209d02e8cc: eb4b 8b79 | 0849 ba00 | 0000 3b20 | 7f00 0049 | 03fa 4c8b | d748 337e | 1848 f7c7 | fcff ffff
  0x00007f209d02e8ec: 742b 40f6 | c702 7525 | 48f7 4618 | feff ffff | 7417 498b | fa48 337e | 1848 f7c7 | fcff ffff
  0x00007f209d02e90c: 740b 4883 | 4e18 02eb | 0448 897e | 1848 8bbc | 24c0 0000

  0x00007f209d02e920: ;   {metadata(method data for {method} {0x00007f203b0b0b00} 'invokeExact_MT' '(Ljava/lang/Object;Ljava/lang/Object;Ljava/lang/Object;Ljava/lang/Object;)Ljava/lang/Object;' in 'java/lang/invoke/Invokers$Holder')}
  0x00007f209d02e920: 0048 be78 | 1530 3720 | 7f00 0048 | 8386 0802 | 0000 0148 | 8bb4 24c0 | 0000 000f

  0x00007f209d02e93c: ;   {optimized virtual_call}
  0x00007f209d02e93c: 1f40 00e8

  0x00007f209d02e940: ; ImmutableOopMap {[168]=Oop }
                      ;*invokevirtual invokeBasic {reexecute=0 rethrow=0 return_oop=0}
                      ; - java.lang.invoke.Invokers$Holder::invokeExact_MT@20
                      ; - jdk.internal.reflect.DirectMethodHandleAccessor::invokeImpl@104 (line 157)
                      ; - jdk.internal.reflect.DirectMethodHandleAccessor::invoke@23 (line 103)
  0x00007f209d02e940: 3c14 4407

  0x00007f209d02e944: ;   {other}
  0x00007f209d02e944: 0f1f 8400 | 340d 0003

  0x00007f209d02e94c: ;   {metadata(method data for {method} {0x00007f203b0b0b00} 'invokeExact_MT' '(Ljava/lang/Object;Ljava/lang/Object;Ljava/lang/Object;Ljava/lang/Object;)Ljava/lang/Object;' in 'java/lang/invoke/Invokers$Holder')}
  0x00007f209d02e94c: 48ba 7815 | 3037 207f | 0000 488d | 9260 0200 | 0048 85c0 | 750c f602 | 0175 4cf0 | 4883 0a01
  0x00007f209d02e96c: eb45 8b48 | 0849 ba00 | 0000 3b20 | 7f00 0049 | 03ca 4c8b | d148 330a | 48f7 c1fc | ffff ff74
  0x00007f209d02e98c: 26f6 c102 | 7521 48f7 | 02fe ffff | ff74 1549 | 8bca 4833 | 0a48 f7c1 | fcff ffff | 7409 4883
  0x00007f209d02e9ac: 0a02 eb03

  0x00007f209d02e9b0: ;   {metadata(method data for {method} {0x00007f203b3c50c8} 'invokeImpl' '(Ljava/lang/Object;[Ljava/lang/Object;)Ljava/lang/Object;' in 'jdk/internal/reflect/DirectMethodHandleAccessor')}
  0x00007f209d02e9b0: 4889 0a48 | ba60 34d1 | 3720 7f00 | 0048 8d92 | e003 0000 | 4885 c075 | 0cf6 0201 | 754c f048
  0x00007f209d02e9d0: 830a 01eb | 458b 4808 | 49ba 0000 | 003b 207f | 0000 4903 | ca4c 8bd1 | 4833 0a48 | f7c1 fcff
  0x00007f209d02e9f0: ffff 7426 | f6c1 0275 | 2148 f702 | feff ffff | 7415 498b | ca48 330a | 48f7 c1fc | ffff ff74
  0x00007f209d02ea10: 0948 830a | 02eb 0348 | 890a 4881 | c440 0100

  0x00007f209d02ea20: ;   {poll_return}
  0x00007f209d02ea20: 005d 493b | a748 0400 | 000f 8746 | 1b00 00c3 | 488b 8c24 | b000 0000 | 488b 9424 | b800 0000
  0x00007f209d02ea40: 8b5e 1848 | c1e3 0383 | 790c 000f | 8644 1b00 | 0044 8b41 | 1049 c1e0 | 0383 790c | 010f 8644
  0x00007f209d02ea60: 1b00 0044 | 8b49 1449 | c1e1 0383 | 790c 020f | 8644 1b00 | 008b 7918 | 48c1 e703 | 0f1f 4000
  0x00007f209d02ea80: ;   {oop(a 'java/lang/invoke/MethodType'{0x000000070d013420} = (Ljava/lang/Object;Ljava/lang/Object;Ljava/lang/Object;Ljava/lang/Object;)Ljava/lang/Object;)}
  0x00007f209d02ea80: 48b8 2034 | 010d 0700 | 0000 483b

  0x00007f209d02ea8c: ;   {metadata(method data for {method} {0x00007f203b3c50c8} 'invokeImpl' '(Ljava/lang/Object;[Ljava/lang/Object;)Ljava/lang/Object;' in 'jdk/internal/reflect/DirectMethodHandleAccessor')}
  0x00007f209d02ea8c: 0348 b960 | 34d1 3720 | 7f00 0048 | 8d89 4003 | 0000 4885 | d275 0ef6 | 4108 0175 | 54f0 4883
  0x00007f209d02eaac: 4908 01eb | 4c44 8b5a | 0849 ba00 | 0000 3b20 | 7f00 004d | 03da 4d8b | d34c 3359 | 0849 f7c3
  0x00007f209d02eacc: fcff ffff | 742b 41f6 | c302 7525 | 48f7 4108 | feff ffff | 7417 4d8b | da4c 3359 | 0849 f7c3
  0x00007f209d02eaec: fcff ffff | 740b 4883 | 4908 02eb | 044c 8959 | 084d 85c0 | 750e f641 | 1801 7554 | f048 8349
  0x00007f209d02eb0c: 1801 eb4c | 458b 5808 | 49ba 0000 | 003b 207f | 0000 4d03 | da4d 8bd3 | 4c33 5918 | 49f7 c3fc
  0x00007f209d02eb2c: ffff ff74 | 2b41 f6c3 | 0275 2548 | f741 18fe | ffff ff74 | 174d 8bda | 4c33 5918 | 49f7 c3fc
  0x00007f209d02eb4c: ffff ff74 | 0b48 8349 | 1802 eb04 | 4c89 5918

  0x00007f209d02eb5c: ;   {metadata(method data for {method} {0x00007f203b3c50c8} 'invokeImpl' '(Ljava/lang/Object;[Ljava/lang/Object;)Ljava/lang/Object;' in 'jdk/internal/reflect/DirectMethodHandleAccessor')}
  0x00007f209d02eb5c: 488b cb49 | bb60 34d1 | 3720 7f00 | 008b 4908 | 49ba 0000 | 003b 207f | 0000 4903 | ca49 3b8b
  0x00007f209d02eb7c: 1803 0000 | 750d 4983 | 8320 0300 | 0001 e960 | 0000 0049 | 3b8b 2803 | 0000 750d | 4983 8330
  0x00007f209d02eb9c: 0300 0001 | e94a 0000 | 0049 83bb | 1803 0000 | 0075 1749 | 898b 1803 | 0000 49c7 | 8320 0300
  0x00007f209d02ebbc: 0001 0000 | 00e9 2900 | 0000 4983 | bb28 0300 | 0000 7517 | 4989 8b28 | 0300 0049 | c783 3003
  0x00007f209d02ebdc: 0000 0100 | 0000 e908 | 0000 0049 | 8383 0803 | 0000 0149 | 8bc8 4d8b | c14c 8bcf | 488b f848
  0x00007f209d02ebfc: ;   {optimized virtual_call}
  0x00007f209d02ebfc: 8bf3 90e8

  0x00007f209d02ec00: ; ImmutableOopMap {[168]=Oop }
                      ;*invokevirtual invokeExact {reexecute=0 rethrow=0 return_oop=0}
                      ; - jdk.internal.reflect.DirectMethodHandleAccessor::invokeImpl@92 (line 156)
                      ; - jdk.internal.reflect.DirectMethodHandleAccessor::invoke@23 (line 103)
  0x00007f209d02ec00: 9cbf 4200

  0x00007f209d02ec04: ;   {other}
  0x00007f209d02ec04: 0f1f 8400 | f40f 0004

  0x00007f209d02ec0c: ;   {metadata(method data for {method} {0x00007f203b3c50c8} 'invokeImpl' '(Ljava/lang/Object;[Ljava/lang/Object;)Ljava/lang/Object;' in 'jdk/internal/reflect/DirectMethodHandleAccessor')}
  0x00007f209d02ec0c: 48be 6034 | d137 207f | 0000 488d | b660 0300 | 0048 85c0 | 750c f606 | 0175 4df0 | 4883 0e01
  0x00007f209d02ec2c: eb46 8b78 | 0849 ba00 | 0000 3b20 | 7f00 0049 | 03fa 4c8b | d748 333e | 48f7 c7fc | ffff ff74
  0x00007f209d02ec4c: 2740 f6c7 | 0275 2148 | f706 feff | ffff 7415 | 498b fa48 | 333e 48f7 | c7fc ffff | ff74 0948
  0x00007f209d02ec6c: 830e 02eb | 0348 893e

  0x00007f209d02ec74: ;   {metadata(method data for {method} {0x00007f203b3c50c8} 'invokeImpl' '(Ljava/lang/Object;[Ljava/lang/Object;)Ljava/lang/Object;' in 'jdk/internal/reflect/DirectMethodHandleAccessor')}
  0x00007f209d02ec74: 48be 6034 | d137 207f | 0000 ff86 | 7003 0000 | 4881 c440 | 0100 005d

  0x00007f209d02ec8c: ;   {poll_return}
  0x00007f209d02ec8c: 493b a748 | 0400 000f | 8750 1900 | 00c3 488b | 8c24 b000 | 0000 488b | 9424 b800 | 0000 8b7e
  0x00007f209d02ecac: 1848 c1e7 | 0348 89bc | 24d0 0000 | 0083 790c | 000f 8646 | 1900 008b | 5910 48c1 | e303 4889
  0x00007f209d02eccc: 9c24 c800 | 0000 8379 | 0c01 0f86 | 3f19 0000 | 8b41 1448 | c1e0 0348 | 8984 24d8

  0x00007f209d02ece8: ;   {metadata(method data for {method} {0x00007f203b3c50c8} 'invokeImpl' '(Ljava/lang/Object;[Ljava/lang/Object;)Ljava/lang/Object;' in 'jdk/internal/reflect/DirectMethodHandleAccessor')}
  0x00007f209d02ece8: 0000 0048 | b960 34d1 | 3720 7f00 | 0048 8d89 | c002 0000 | 4885 d275 | 0ef6 4108 | 0175 54f0
  0x00007f209d02ed08: 4883 4908 | 01eb 4c44 | 8b42 0849 | ba00 0000 | 3b20 7f00 | 004d 03c2 | 4d8b d04c | 3341 0849
  0x00007f209d02ed28: f7c0 fcff | ffff 742b | 41f6 c002 | 7525 48f7 | 4108 feff | ffff 7417 | 4d8b c24c | 3341 0849
  0x00007f209d02ed48: f7c0 fcff | ffff 740b | 4883 4908 | 02eb 044c

  0x00007f209d02ed58: ;   {metadata(method data for {method} {0x00007f20374052b0} 'invokeExact_MT' '(Ljava/lang/Object;Ljava/lang/Object;Ljava/lang/Object;Ljava/lang/Object;Ljava/lang/Object;)Ljava/lang/Object;' in 'java/lang/invoke/LambdaForm$MH+0x00007f203c003000')}
  0x00007f209d02ed58: 8941 0848 | b900 80c8 | 3720 7f00 | 0048 8d89 | e802 0000 | 4885 ff75 | 0cf6 0101 | 754e f048
  0x00007f209d02ed78: 8309 01eb | 4744 8b47 | 0849 ba00 | 0000 3b20 | 7f00 004d | 03c2 4d8b | d04c 3301 | 49f7 c0fc
  0x00007f209d02ed98: ffff ff74 | 2741 f6c0 | 0275 2148 | f701 feff | ffff 7415 | 4d8b c24c | 3301 49f7 | c0fc ffff
  0x00007f209d02edb8: ff74 0948 | 8309 02eb | 034c 8901 | 4885 d275 | 0ef6 4110 | 0175 54f0 | 4883 4910 | 01eb 4c44
  0x00007f209d02edd8: 8b42 0849 | ba00 0000 | 3b20 7f00 | 004d 03c2 | 4d8b d04c | 3341 1049 | f7c0 fcff | ffff 742b
  0x00007f209d02edf8: 41f6 c002 | 7525 48f7 | 4110 feff | ffff 7417 | 4d8b c24c | 3341 1049 | f7c0 fcff | ffff 740b
  0x00007f209d02ee18: 4883 4910 | 02eb 044c

  0x00007f209d02ee20: ;   {metadata(method data for {method} {0x00007f203b3c50c8} 'invokeImpl' '(Ljava/lang/Object;[Ljava/lang/Object;)Ljava/lang/Object;' in 'jdk/internal/reflect/DirectMethodHandleAccessor')}
  0x00007f209d02ee20: 8941 1048 | b960 34d1 | 3720 7f00 | 0048 8381 | 8802 0000

  0x00007f209d02ee34: ;   {metadata(method data for {method} {0x00007f20374052b0} 'invokeExact_MT' '(Ljava/lang/Object;Ljava/lang/Object;Ljava/lang/Object;Ljava/lang/Object;Ljava/lang/Object;)Ljava/lang/Object;' in 'java/lang/invoke/LambdaForm$MH+0x00007f203c003000')}
  0x00007f209d02ee34: 0148 b900 | 80c8 3720 | 7f00 0044 | 8b81 f400 | 0000 4183 | c002 4489 | 81f4 0000 | 0041 81e0
  0x00007f209d02ee54: feff 1f00 | 4585 c00f | 84cc 1700

  0x00007f209d02ee60: ;   {metadata(method data for {method} {0x00007f20374052b0} 'invokeExact_MT' '(Ljava/lang/Object;Ljava/lang/Object;Ljava/lang/Object;Ljava/lang/Object;Ljava/lang/Object;)Ljava/lang/Object;' in 'java/lang/invoke/LambdaForm$MH+0x00007f203c003000')}
  0x00007f209d02ee60: 0048 b900 | 80c8 3720 | 7f00 0048 | 8d89 b801 | 0000 4885 | ff75 0ef6 | 4108 0175 | 54f0 4883
  0x00007f209d02ee80: 4908 01eb | 4c44 8b47 | 0849 ba00 | 0000 3b20 | 7f00 004d | 03c2 4d8b | d04c 3341 | 0849 f7c0
  0x00007f209d02eea0: fcff ffff | 742b 41f6 | c002 7525 | 48f7 4108 | feff ffff | 7417 4d8b | c24c 3341 | 0849 f7c0
  0x00007f209d02eec0: fcff ffff | 740b 4883 | 4908 02eb | 044c 8941

  0x00007f209d02eed0: ;   {oop(a 'java/lang/invoke/MethodType'{0x000000070d013218} = (Ljava/lang/Object;Ljava/lang/Object;Ljava/lang/Object;)Ljava/lang/Object;)}
  0x00007f209d02eed0: 0849 b818 | 3201 0d07 | 0000 004d | 85c0 750c | f641 1801 | 7506 f048 | 8349 1801

  0x00007f209d02eeec: ;   {metadata(method data for {method} {0x00007f20374052b0} 'invokeExact_MT' '(Ljava/lang/Object;Ljava/lang/Object;Ljava/lang/Object;Ljava/lang/Object;Ljava/lang/Object;)Ljava/lang/Object;' in 'java/lang/invoke/LambdaForm$MH+0x00007f203c003000')}
  0x00007f209d02eeec: 48b9 0080 | c837 207f | 0000 4883 | 81a8 0100

  0x00007f209d02eefc: ;   {metadata(method data for {method} {0x00007f203b3d9b08} 'checkExactType' '(Ljava/lang/invoke/MethodHandle;Ljava/lang/invoke/MethodType;)V' in 'java/lang/invoke/Invokers')}
  0x00007f209d02eefc: 0001 48b9 | 482f 2537 | 207f 0000 | 448b 89f4 | 0000 0041 | 83c1 0244 | 8989 f400 | 0000 4181
  0x00007f209d02ef1c: e1fe ff1f | 0045 85c9 | 0f84 2417 | 0000 483b | 0748 8bcf

  0x00007f209d02ef30: ;   {metadata(method data for {method} {0x00007f203b3d9b08} 'checkExactType' '(Ljava/lang/invoke/MethodHandle;Ljava/lang/invoke/MethodType;)V' in 'java/lang/invoke/Invokers')}
  0x00007f209d02ef30: 49b9 482f | 2537 207f | 0000 8b49 | 0849 ba00 | 0000 3b20 | 7f00 0049 | 03ca 493b | 8948 0100
  0x00007f209d02ef50: 0075 0d49 | 8381 5001 | 0000 01e9 | 6000 0000 | 493b 8958 | 0100 0075 | 0d49 8381 | 6001 0000
  0x00007f209d02ef70: 01e9 4a00 | 0000 4983 | b948 0100 | 0000 7517 | 4989 8948 | 0100 0049 | c781 5001 | 0000 0100
  0x00007f209d02ef90: 0000 e929 | 0000 0049 | 83b9 5801 | 0000 0075 | 1749 8989 | 5801 0000 | 49c7 8160 | 0100 0001
  0x00007f209d02efb0: 0000 00e9 | 0800 0000 | 4983 8138 | 0100 0001 | 8b4f 1048 | c1e1 0349

  0x00007f209d02efc8: ;   {metadata(method data for {method} {0x00007f203b3d9b08} 'checkExactType' '(Ljava/lang/invoke/MethodHandle;Ljava/lang/invoke/MethodType;)V' in 'java/lang/invoke/Invokers')}
  0x00007f209d02efc8: 3bc8 49b8 | 482f 2537 | 207f 0000 | 49c7 c180 | 0100 0075 | 0749 c7c1 | 7001 0000 | 4f8b 1c08
  0x00007f209d02efe8: 4d8d 5b01 | 4f89 1c08 | 0f85 490e

  0x00007f209d02eff4: ;   {metadata(method data for {method} {0x00007f20374052b0} 'invokeExact_MT' '(Ljava/lang/Object;Ljava/lang/Object;Ljava/lang/Object;Ljava/lang/Object;Ljava/lang/Object;)Ljava/lang/Object;' in 'java/lang/invoke/LambdaForm$MH+0x00007f203c003000')}
  0x00007f209d02eff4: 0000 48b9 | 0080 c837 | 207f 0000 | 488d 89f0 | 0100 0044 | 8b47 0849 | ba00 0000 | 3b20 7f00
  0x00007f209d02f014: 004d 03c2 | 4d8b d04c | 3341 0849 | f7c0 fcff | ffff 742b | 41f6 c002 | 7525 48f7 | 4108 feff
  0x00007f209d02f034: ffff 7417 | 4d8b c24c | 3341 0849 | f7c0 fcff | ffff 740b | 4883 4908 | 02eb 044c

  0x00007f209d02f050: ;   {metadata(method data for {method} {0x00007f20374052b0} 'invokeExact_MT' '(Ljava/lang/Object;Ljava/lang/Object;Ljava/lang/Object;Ljava/lang/Object;Ljava/lang/Object;)Ljava/lang/Object;' in 'java/lang/invoke/LambdaForm$MH+0x00007f203c003000')}
  0x00007f209d02f050: 8941 0848 | b900 80c8 | 3720 7f00 | 0048 8381 | e001 0000

  0x00007f209d02f064: ;   {metadata(method data for {method} {0x00007f203b3d9a00} 'checkCustomized' '(Ljava/lang/invoke/MethodHandle;)V' in 'java/lang/invoke/Invokers')}
  0x00007f209d02f064: 0148 b9e8 | 2a25 3720 | 7f00 0044 | 8b81 f400 | 0000 4183 | c002 4489 | 81f4 0000 | 0041 81e0
  0x00007f209d02f084: feff 1f00 | 4585 c00f | 84e3 1500

  0x00007f209d02f090: ;   {metadata(method data for {method} {0x00007f203b3d9a00} 'checkCustomized' '(Ljava/lang/invoke/MethodHandle;)V' in 'java/lang/invoke/Invokers')}
  0x00007f209d02f090: 0048 b9e8 | 2a25 3720 | 7f00 0048 | 8381 3801

  0x00007f209d02f0a0: ;   {metadata(method data for {method} {0x00007f203b096bb8} 'isCompileConstant' '(Ljava/lang/Object;)Z' in 'java/lang/invoke/MethodHandleImpl')}
  0x00007f209d02f0a0: 0000 0148 | b928 3225 | 3720 7f00 | 0044 8b81 | f400 0000 | 4183 c002 | 4489 81f4 | 0000 0041
  0x00007f209d02f0c0: 81e0 feff | 1f00 4585 | c00f 84c6

  0x00007f209d02f0cc: ;   {metadata(method data for {method} {0x00007f203b3d9a00} 'checkCustomized' '(Ljava/lang/invoke/MethodHandle;)V' in 'java/lang/invoke/Invokers')}
  0x00007f209d02f0cc: 1500 0048 | b9e8 2a25 | 3720 7f00 | 00ff 8148 | 0100 008b | 4f14 48c1 | e103 8b49 | 1c48 c1e1
  0x00007f209d02f0ec: 0348 85c9

  0x00007f209d02f0f0: ;   {metadata(method data for {method} {0x00007f203b3d9a00} 'checkCustomized' '(Ljava/lang/invoke/MethodHandle;)V' in 'java/lang/invoke/Invokers')}
  0x00007f209d02f0f0: 48b9 e82a | 2537 207f | 0000 49c7 | c068 0100 | 0075 0749 | c7c0 7801 | 0000 4e8b | 0c01 4d8d
  0x00007f209d02f110: 4901 4e89 | 0c01 0f85 | 2800 0000

  0x00007f209d02f11c: ;   {metadata(method data for {method} {0x00007f203b3d9a00} 'checkCustomized' '(Ljava/lang/invoke/MethodHandle;)V' in 'java/lang/invoke/Invokers')}
  0x00007f209d02f11c: 48b9 e82a | 2537 207f | 0000 4883 | 8188 0100 | 0001 488b | f766 0f1f

  0x00007f209d02f134: ;   {static_call}
  0x00007f209d02f134: 4400 00e8

  0x00007f209d02f138: ; ImmutableOopMap {[168]=Oop [184]=Oop [200]=Oop [208]=Oop [216]=Oop }
                      ;*invokestatic maybeCustomize {reexecute=0 rethrow=0 return_oop=0}
                      ; - java.lang.invoke.Invokers::checkCustomized@19 (line 627)
                      ; - java.lang.invoke.LambdaForm$MH/0x00007f203c003000::invokeExact_MT@15
                      ; - jdk.internal.reflect.DirectMethodHandleAccessor::invokeImpl@72 (line 155)
                      ; - jdk.internal.reflect.DirectMethodHandleAccessor::invoke@23 (line 103)
  0x00007f209d02f138: 8482 c0ff

  0x00007f209d02f13c: ;   {other}
  0x00007f209d02f13c: 0f1f 8400 | 2c15 0005 | 488b 9c24 | c800 0000 | 488b 9424 | b800 0000

  0x00007f209d02f154: ;   {metadata(method data for {method} {0x00007f20374052b0} 'invokeExact_MT' '(Ljava/lang/Object;Ljava/lang/Object;Ljava/lang/Object;Ljava/lang/Object;Ljava/lang/Object;)Ljava/lang/Object;' in 'java/lang/invoke/LambdaForm$MH+0x00007f203c003000')}
  0x00007f209d02f154: 48b9 0080 | c837 207f | 0000 488d | 8940 0200 | 0048 85d2 | 750e f641 | 0801 7554 | f048 8349
  0x00007f209d02f174: 0801 eb4c | 448b 4208 | 49ba 0000 | 003b 207f | 0000 4d03 | c24d 8bd0 | 4c33 4108 | 49f7 c0fc
  0x00007f209d02f194: ffff ff74 | 2b41 f6c0 | 0275 2548 | f741 08fe | ffff ff74 | 174d 8bc2 | 4c33 4108 | 49f7 c0fc
  0x00007f209d02f1b4: ffff ff74 | 0b48 8349 | 0802 eb04 | 4c89 4108 | 4885 db75 | 0ef6 4118 | 0175 54f0 | 4883 4918
  0x00007f209d02f1d4: 01eb 4c44 | 8b43 0849 | ba00 0000 | 3b20 7f00 | 004d 03c2 | 4d8b d04c | 3341 1849 | f7c0 fcff
  0x00007f209d02f1f4: ffff 742b | 41f6 c002 | 7525 48f7 | 4118 feff | ffff 7417 | 4d8b c24c | 3341 1849 | f7c0 fcff
  0x00007f209d02f214: ffff 740b | 4883 4918 | 02eb 044c | 8941 1848 | 8bbc 24d0

  0x00007f209d02f228: ;   {metadata(method data for {method} {0x00007f20374052b0} 'invokeExact_MT' '(Ljava/lang/Object;Ljava/lang/Object;Ljava/lang/Object;Ljava/lang/Object;Ljava/lang/Object;)Ljava/lang/Object;' in 'java/lang/invoke/LambdaForm$MH+0x00007f203c003000')}
  0x00007f209d02f228: 0000 0048 | b900 80c8 | 3720 7f00 | 0048 8381 | 0802 0000 | 0148 8bcb | 4c8b 8424 | d800 0000
  0x00007f209d02f248: 488b b424 | d000 0000 | 0f1f 8000

  0x00007f209d02f254: ;   {optimized virtual_call}
  0x00007f209d02f254: 0000 00e8

  0x00007f209d02f258: ; ImmutableOopMap {[168]=Oop }
                      ;*invokevirtual invokeBasic {reexecute=0 rethrow=0 return_oop=0}
                      ; - java.lang.invoke.LambdaForm$MH/0x00007f203c003000::invokeExact_MT@22
                      ; - jdk.internal.reflect.DirectMethodHandleAccessor::invokeImpl@72 (line 155)
                      ; - jdk.internal.reflect.DirectMethodHandleAccessor::invoke@23 (line 103)
  0x00007f209d02f258: 2436 4407

  0x00007f209d02f25c: ;   {other}
  0x00007f209d02f25c: 0f1f 8400 | 4c16 0006

  0x00007f209d02f264: ;   {metadata(method data for {method} {0x00007f20374052b0} 'invokeExact_MT' '(Ljava/lang/Object;Ljava/lang/Object;Ljava/lang/Object;Ljava/lang/Object;Ljava/lang/Object;)Ljava/lang/Object;' in 'java/lang/invoke/LambdaForm$MH+0x00007f203c003000')}
  0x00007f209d02f264: 48be 0080 | c837 207f | 0000 488d | b660 0200 | 0048 85c0 | 750c f606 | 0175 4df0 | 4883 0e01
  0x00007f209d02f284: eb46 8b78 | 0849 ba00 | 0000 3b20 | 7f00 0049 | 03fa 4c8b | d748 333e | 48f7 c7fc | ffff ff74
  0x00007f209d02f2a4: 2740 f6c7 | 0275 2148 | f706 feff | ffff 7415 | 498b fa48 | 333e 48f7 | c7fc ffff | ff74 0948
  0x00007f209d02f2c4: 830e 02eb | 0348 893e

  0x00007f209d02f2cc: ;   {metadata(method data for {method} {0x00007f203b3c50c8} 'invokeImpl' '(Ljava/lang/Object;[Ljava/lang/Object;)Ljava/lang/Object;' in 'jdk/internal/reflect/DirectMethodHandleAccessor')}
  0x00007f209d02f2cc: 48be 6034 | d137 207f | 0000 488d | b6e0 0200 | 0048 85c0 | 750c f606 | 0175 4df0 | 4883 0e01
  0x00007f209d02f2ec: eb46 8b78 | 0849 ba00 | 0000 3b20 | 7f00 0049 | 03fa 4c8b | d748 333e | 48f7 c7fc | ffff ff74
  0x00007f209d02f30c: 2740 f6c7 | 0275 2148 | f706 feff | ffff 7415 | 498b fa48 | 333e 48f7 | c7fc ffff | ff74 0948
  0x00007f209d02f32c: 830e 02eb | 0348 893e

  0x00007f209d02f334: ;   {metadata(method data for {method} {0x00007f203b3c50c8} 'invokeImpl' '(Ljava/lang/Object;[Ljava/lang/Object;)Ljava/lang/Object;' in 'jdk/internal/reflect/DirectMethodHandleAccessor')}
  0x00007f209d02f334: 48be 6034 | d137 207f | 0000 ff86 | f002 0000 | 4881 c440 | 0100 005d

  0x00007f209d02f34c: ;   {poll_return}
  0x00007f209d02f34c: 493b a748 | 0400 000f | 8762 1300 | 00c3 488b | 8c24 b000 | 0000 488b | 9424 b800 | 0000 8b7e
  0x00007f209d02f36c: 1848 c1e7 | 0348 89bc | 24e8 0000 | 0083 790c | 000f 8658 | 1300 008b | 5910 48c1 | e303 4889
  0x00007f209d02f38c: 9c24 e000

  0x00007f209d02f390: ;   {metadata(method data for {method} {0x00007f203b3c50c8} 'invokeImpl' '(Ljava/lang/Object;[Ljava/lang/Object;)Ljava/lang/Object;' in 'jdk/internal/reflect/DirectMethodHandleAccessor')}
  0x00007f209d02f390: 0000 48b8 | 6034 d137 | 207f 0000 | 488d 8040 | 0200 0048 | 85d2 750e | f640 0801 | 7552 f048
  0x00007f209d02f3b0: 8348 0801 | eb4a 8b4a | 0849 ba00 | 0000 3b20 | 7f00 0049 | 03ca 4c8b | d148 3348 | 0848 f7c1
  0x00007f209d02f3d0: fcff ffff | 742a f6c1 | 0275 2548 | f740 08fe | ffff ff74 | 1749 8bca | 4833 4808 | 48f7 c1fc
  0x00007f209d02f3f0: ffff ff74 | 0b48 8348 | 0802 eb04 | 4889 4808

  0x00007f209d02f400: ;   {metadata(method data for {method} {0x00007f203b0b0b00} 'invokeExact_MT' '(Ljava/lang/Object;Ljava/lang/Object;Ljava/lang/Object;Ljava/lang/Object;)Ljava/lang/Object;' in 'java/lang/invoke/Invokers$Holder')}
  0x00007f209d02f400: 48b8 7815 | 3037 207f | 0000 488d | 80e0 0200 | 0048 85ff | 750c f600 | 0175 4cf0 | 4883 0801
  0x00007f209d02f420: eb45 8b4f | 0849 ba00 | 0000 3b20 | 7f00 0049 | 03ca 4c8b | d148 3308 | 48f7 c1fc | ffff ff74
  0x00007f209d02f440: 26f6 c102 | 7521 48f7 | 00fe ffff | ff74 1549 | 8bca 4833 | 0848 f7c1 | fcff ffff | 7409 4883
  0x00007f209d02f460: 0802 eb03 | 4889 0848 | 85d2 750e | f640 1001 | 7552 f048 | 8348 1001 | eb4a 8b4a | 0849 ba00
  0x00007f209d02f480: 0000 3b20 | 7f00 0049 | 03ca 4c8b | d148 3348 | 1048 f7c1 | fcff ffff | 742a f6c1 | 0275 2548
  0x00007f209d02f4a0: f740 10fe | ffff ff74 | 1749 8bca | 4833 4810 | 48f7 c1fc | ffff ff74 | 0b48 8348 | 1002 eb04
  0x00007f209d02f4c0: 4889 4810

  0x00007f209d02f4c4: ;   {metadata(method data for {method} {0x00007f203b3c50c8} 'invokeImpl' '(Ljava/lang/Object;[Ljava/lang/Object;)Ljava/lang/Object;' in 'jdk/internal/reflect/DirectMethodHandleAccessor')}
  0x00007f209d02f4c4: 48b8 6034 | d137 207f | 0000 4883 | 8008 0200

  0x00007f209d02f4d4: ;   {metadata(method data for {method} {0x00007f203b0b0b00} 'invokeExact_MT' '(Ljava/lang/Object;Ljava/lang/Object;Ljava/lang/Object;Ljava/lang/Object;)Ljava/lang/Object;' in 'java/lang/invoke/Invokers$Holder')}
  0x00007f209d02f4d4: 0001 48b8 | 7815 3037 | 207f 0000 | 8b88 f400 | 0000 83c1 | 0289 88f4 | 0000 0081 | e1fe ff1f
  0x00007f209d02f4f4: 0085 c90f | 84f0 1100

  0x00007f209d02f4fc: ;   {metadata(method data for {method} {0x00007f203b0b0b00} 'invokeExact_MT' '(Ljava/lang/Object;Ljava/lang/Object;Ljava/lang/Object;Ljava/lang/Object;)Ljava/lang/Object;' in 'java/lang/invoke/Invokers$Holder')}
  0x00007f209d02f4fc: 0048 b878 | 1530 3720 | 7f00 0048 | 8d80 b801 | 0000 4885 | ff75 0ef6 | 4008 0175 | 52f0 4883
  0x00007f209d02f51c: 4808 01eb | 4a8b 4f08 | 49ba 0000 | 003b 207f | 0000 4903 | ca4c 8bd1 | 4833 4808 | 48f7 c1fc
  0x00007f209d02f53c: ffff ff74 | 2af6 c102 | 7525 48f7 | 4008 feff | ffff 7417 | 498b ca48 | 3348 0848 | f7c1 fcff
  0x00007f209d02f55c: ffff 740b | 4883 4808 | 02eb 0448

  0x00007f209d02f568: ;   {oop(a 'java/lang/invoke/MethodType'{0x000000070d013000} = (Ljava/lang/Object;Ljava/lang/Object;)Ljava/lang/Object;)}
  0x00007f209d02f568: 8948 0848 | b900 3001 | 0d07 0000 | 0048 85c9 | 750c f640 | 1801 7506 | f048 8348

  0x00007f209d02f584: ;   {metadata(method data for {method} {0x00007f203b0b0b00} 'invokeExact_MT' '(Ljava/lang/Object;Ljava/lang/Object;Ljava/lang/Object;Ljava/lang/Object;)Ljava/lang/Object;' in 'java/lang/invoke/Invokers$Holder')}
  0x00007f209d02f584: 1801 48b8 | 7815 3037 | 207f 0000 | 4883 80a8 | 0100 0001

  0x00007f209d02f598: ;   {metadata(method data for {method} {0x00007f203b3d9b08} 'checkExactType' '(Ljava/lang/invoke/MethodHandle;Ljava/lang/invoke/MethodType;)V' in 'java/lang/invoke/Invokers')}
  0x00007f209d02f598: 48b8 482f | 2537 207f | 0000 448b | 80f4 0000 | 0041 83c0 | 0244 8980 | f400 0000 | 4181 e0fe
  0x00007f209d02f5b8: ff1f 0045 | 85c0 0f84 | 4a11 0000

  0x00007f209d02f5c4: ; implicit exception: dispatches to 0x00007f209d03072f
  0x00007f209d02f5c4: 483b 0748

  0x00007f209d02f5c8: ;   {metadata(method data for {method} {0x00007f203b3d9b08} 'checkExactType' '(Ljava/lang/invoke/MethodHandle;Ljava/lang/invoke/MethodType;)V' in 'java/lang/invoke/Invokers')}
  0x00007f209d02f5c8: 8bc7 49b8 | 482f 2537 | 207f 0000 | 8b40 0849 | ba00 0000 | 3b20 7f00 | 0049 03c2 | 493b 8048
  0x00007f209d02f5e8: 0100 0075 | 0d49 8380 | 5001 0000 | 01e9 6000 | 0000 493b | 8058 0100 | 0075 0d49 | 8380 6001
  0x00007f209d02f608: 0000 01e9 | 4a00 0000 | 4983 b848 | 0100 0000 | 7517 4989 | 8048 0100 | 0049 c780 | 5001 0000
  0x00007f209d02f628: 0100 0000 | e929 0000 | 0049 83b8 | 5801 0000 | 0075 1749 | 8980 5801 | 0000 49c7 | 8060 0100
  0x00007f209d02f648: 0001 0000 | 00e9 0800 | 0000 4983 | 8038 0100 | 0001 8b47 | 1048 c1e0 | 0348 3bc1

  0x00007f209d02f664: ;   {metadata(method data for {method} {0x00007f203b3d9b08} 'checkExactType' '(Ljava/lang/invoke/MethodHandle;Ljava/lang/invoke/MethodType;)V' in 'java/lang/invoke/Invokers')}
  0x00007f209d02f664: 48b9 482f | 2537 207f | 0000 49c7 | c080 0100 | 0075 0749 | c7c0 7001 | 0000 4e8b | 0c01 4d8d
  0x00007f209d02f684: 4901 4e89 | 0c01 0f85 | 6f07 0000

  0x00007f209d02f690: ;   {metadata(method data for {method} {0x00007f203b0b0b00} 'invokeExact_MT' '(Ljava/lang/Object;Ljava/lang/Object;Ljava/lang/Object;Ljava/lang/Object;)Ljava/lang/Object;' in 'java/lang/invoke/Invokers$Holder')}
  0x00007f209d02f690: 48b8 7815 | 3037 207f | 0000 488d | 80f0 0100 | 008b 4f08 | 49ba 0000 | 003b 207f | 0000 4903
  0x00007f209d02f6b0: ca4c 8bd1 | 4833 4808 | 48f7 c1fc | ffff ff74 | 2af6 c102 | 7525 48f7 | 4008 feff | ffff 7417
  0x00007f209d02f6d0: 498b ca48 | 3348 0848 | f7c1 fcff | ffff 740b | 4883 4808 | 02eb 0448

  0x00007f209d02f6e8: ;   {metadata(method data for {method} {0x00007f203b0b0b00} 'invokeExact_MT' '(Ljava/lang/Object;Ljava/lang/Object;Ljava/lang/Object;Ljava/lang/Object;)Ljava/lang/Object;' in 'java/lang/invoke/Invokers$Holder')}
  0x00007f209d02f6e8: 8948 0848 | b878 1530 | 3720 7f00 | 0048 8380 | e001 0000

  0x00007f209d02f6fc: ;   {metadata(method data for {method} {0x00007f203b3d9a00} 'checkCustomized' '(Ljava/lang/invoke/MethodHandle;)V' in 'java/lang/invoke/Invokers')}
  0x00007f209d02f6fc: 0148 b8e8 | 2a25 3720 | 7f00 008b | 88f4 0000 | 0083 c102 | 8988 f400 | 0000 81e1 | feff 1f00
  0x00007f209d02f71c: 85c9 0f84 | 1010 0000

  0x00007f209d02f724: ;   {metadata(method data for {method} {0x00007f203b3d9a00} 'checkCustomized' '(Ljava/lang/invoke/MethodHandle;)V' in 'java/lang/invoke/Invokers')}
  0x00007f209d02f724: 48b8 e82a | 2537 207f | 0000 4883 | 8038 0100

  0x00007f209d02f734: ;   {metadata(method data for {method} {0x00007f203b096bb8} 'isCompileConstant' '(Ljava/lang/Object;)Z' in 'java/lang/invoke/MethodHandleImpl')}
  0x00007f209d02f734: 0001 48b8 | 2832 2537 | 207f 0000 | 8b88 f400 | 0000 83c1 | 0289 88f4 | 0000 0081 | e1fe ff1f
  0x00007f209d02f754: 0085 c90f | 84f8 0f00

  0x00007f209d02f75c: ;   {metadata(method data for {method} {0x00007f203b3d9a00} 'checkCustomized' '(Ljava/lang/invoke/MethodHandle;)V' in 'java/lang/invoke/Invokers')}
  0x00007f209d02f75c: 0048 b8e8 | 2a25 3720 | 7f00 00ff | 8048 0100 | 008b 4714 | 48c1 e003

  0x00007f209d02f774: ; implicit exception: dispatches to 0x00007f209d030776
  0x00007f209d02f774: 8b40 1c48 | c1e0 0348

  0x00007f209d02f77c: ;   {metadata(method data for {method} {0x00007f203b3d9a00} 'checkCustomized' '(Ljava/lang/invoke/MethodHandle;)V' in 'java/lang/invoke/Invokers')}
  0x00007f209d02f77c: 85c0 48b8 | e82a 2537 | 207f 0000 | 48c7 c168 | 0100 0075 | 0748 c7c1 | 7801 0000 | 4c8b 0408
  0x00007f209d02f79c: 4d8d 4001 | 4c89 0408 | 0f85 2200

  0x00007f209d02f7a8: ;   {metadata(method data for {method} {0x00007f203b3d9a00} 'checkCustomized' '(Ljava/lang/invoke/MethodHandle;)V' in 'java/lang/invoke/Invokers')}
  0x00007f209d02f7a8: 0000 48b8 | e82a 2537 | 207f 0000 | 4883 8088 | 0100 0001

  0x00007f209d02f7bc: ;   {static_call}
  0x00007f209d02f7bc: 488b f7e8

  0x00007f209d02f7c0: ; ImmutableOopMap {[168]=Oop [184]=Oop [224]=Oop [232]=Oop }
                      ;*invokestatic maybeCustomize {reexecute=0 rethrow=0 return_oop=0}
                      ; - java.lang.invoke.Invokers::checkCustomized@19 (line 627)
                      ; - java.lang.invoke.Invokers$Holder::invokeExact_MT@14
                      ; - jdk.internal.reflect.DirectMethodHandleAccessor::invokeImpl@55 (line 154)
                      ; - jdk.internal.reflect.DirectMethodHandleAccessor::invoke@23 (line 103)
  0x00007f209d02f7c0: bc09 d306

  0x00007f209d02f7c4: ;   {other}
  0x00007f209d02f7c4: 0f1f 8400 | b41b 0007 | 488b 9c24 | e000 0000 | 488b 9424 | b800 0000

  0x00007f209d02f7dc: ;   {metadata(method data for {method} {0x00007f203b0b0b00} 'invokeExact_MT' '(Ljava/lang/Object;Ljava/lang/Object;Ljava/lang/Object;Ljava/lang/Object;)Ljava/lang/Object;' in 'java/lang/invoke/Invokers$Holder')}
  0x00007f209d02f7dc: 48b9 7815 | 3037 207f | 0000 488d | 8940 0200 | 0048 85d2 | 750e f641 | 0801 7553 | f048 8349
  0x00007f209d02f7fc: 0801 eb4b | 8b72 0849 | ba00 0000 | 3b20 7f00 | 0049 03f2 | 4c8b d648 | 3371 0848 | f7c6 fcff
  0x00007f209d02f81c: ffff 742b | 40f6 c602 | 7525 48f7 | 4108 feff | ffff 7417 | 498b f248 | 3371 0848 | f7c6 fcff
  0x00007f209d02f83c: ffff 740b | 4883 4908 | 02eb 0448 | 8971 0848 | 85db 750e | f641 1801 | 7553 f048 | 8349 1801
  0x00007f209d02f85c: eb4b 8b73 | 0849 ba00 | 0000 3b20 | 7f00 0049 | 03f2 4c8b | d648 3371 | 1848 f7c6 | fcff ffff
  0x00007f209d02f87c: 742b 40f6 | c602 7525 | 48f7 4118 | feff ffff | 7417 498b | f248 3371 | 1848 f7c6 | fcff ffff
  0x00007f209d02f89c: 740b 4883 | 4918 02eb | 0448 8971 | 1848 8bbc | 24e8 0000

  0x00007f209d02f8b0: ;   {metadata(method data for {method} {0x00007f203b0b0b00} 'invokeExact_MT' '(Ljava/lang/Object;Ljava/lang/Object;Ljava/lang/Object;Ljava/lang/Object;)Ljava/lang/Object;' in 'java/lang/invoke/Invokers$Holder')}
  0x00007f209d02f8b0: 0048 b978 | 1530 3720 | 7f00 0048 | 8381 0802 | 0000 0148 | 8bcb 488b | b424 e800

  0x00007f209d02f8cc: ;   {optimized virtual_call}
  0x00007f209d02f8cc: 0000 90e8

  0x00007f209d02f8d0: ; ImmutableOopMap {[168]=Oop }
                      ;*invokevirtual invokeBasic {reexecute=0 rethrow=0 return_oop=0}
                      ; - java.lang.invoke.Invokers$Holder::invokeExact_MT@20
                      ; - jdk.internal.reflect.DirectMethodHandleAccessor::invokeImpl@55 (line 154)
                      ; - jdk.internal.reflect.DirectMethodHandleAccessor::invoke@23 (line 103)
  0x00007f209d02f8d0: acfe d206

  0x00007f209d02f8d4: ;   {other}
  0x00007f209d02f8d4: 0f1f 8400 | c41c 0008

  0x00007f209d02f8dc: ;   {metadata(method data for {method} {0x00007f203b0b0b00} 'invokeExact_MT' '(Ljava/lang/Object;Ljava/lang/Object;Ljava/lang/Object;Ljava/lang/Object;)Ljava/lang/Object;' in 'java/lang/invoke/Invokers$Holder')}
  0x00007f209d02f8dc: 48be 7815 | 3037 207f | 0000 488d | b660 0200 | 0048 85c0 | 750c f606 | 0175 4df0 | 4883 0e01
  0x00007f209d02f8fc: eb46 8b78 | 0849 ba00 | 0000 3b20 | 7f00 0049 | 03fa 4c8b | d748 333e | 48f7 c7fc | ffff ff74
  0x00007f209d02f91c: 2740 f6c7 | 0275 2148 | f706 feff | ffff 7415 | 498b fa48 | 333e 48f7 | c7fc ffff | ff74 0948
  0x00007f209d02f93c: 830e 02eb | 0348 893e

  0x00007f209d02f944: ;   {metadata(method data for {method} {0x00007f203b3c50c8} 'invokeImpl' '(Ljava/lang/Object;[Ljava/lang/Object;)Ljava/lang/Object;' in 'jdk/internal/reflect/DirectMethodHandleAccessor')}
  0x00007f209d02f944: 48be 6034 | d137 207f | 0000 488d | b660 0200 | 0048 85c0 | 750c f606 | 0175 4df0 | 4883 0e01
  0x00007f209d02f964: eb46 8b78 | 0849 ba00 | 0000 3b20 | 7f00 0049 | 03fa 4c8b | d748 333e | 48f7 c7fc | ffff ff74
  0x00007f209d02f984: 2740 f6c7 | 0275 2148 | f706 feff | ffff 7415 | 498b fa48 | 333e 48f7 | c7fc ffff | ff74 0948
  0x00007f209d02f9a4: 830e 02eb | 0348 893e

  0x00007f209d02f9ac: ;   {metadata(method data for {method} {0x00007f203b3c50c8} 'invokeImpl' '(Ljava/lang/Object;[Ljava/lang/Object;)Ljava/lang/Object;' in 'jdk/internal/reflect/DirectMethodHandleAccessor')}
  0x00007f209d02f9ac: 48be 6034 | d137 207f | 0000 ff86 | 7002 0000 | 4881 c440 | 0100 005d

  0x00007f209d02f9c4: ;   {poll_return}
  0x00007f209d02f9c4: 493b a748 | 0400 000f | 87aa 0d00 | 00c3 488b | 9424 b800 | 0000 8b7e | 1848 c1e7 | 0348 89bc
  0x00007f209d02f9e4: 24f0 0000

  0x00007f209d02f9e8: ;   {metadata(method data for {method} {0x00007f203b3c50c8} 'invokeImpl' '(Ljava/lang/Object;[Ljava/lang/Object;)Ljava/lang/Object;' in 'jdk/internal/reflect/DirectMethodHandleAccessor')}
  0x00007f209d02f9e8: 0048 bb60 | 34d1 3720 | 7f00 0048 | 8d9b d001 | 0000 4885 | d275 0ef6 | 4308 0175 | 4ff0 4883
  0x00007f209d02fa08: 4b08 01eb | 478b 4208 | 49ba 0000 | 003b 207f | 0000 4903 | c24c 8bd0 | 4833 4308 | 48a9 fcff
  0x00007f209d02fa28: ffff 7428 | a802 7524 | 48f7 4308 | feff ffff | 7416 498b | c248 3343 | 0848 a9fc | ffff ff74
  0x00007f209d02fa48: 0b48 834b | 0802 eb04 | 4889 4308

  0x00007f209d02fa54: ;   {metadata(method data for {method} {0x00007f203b0b0bb0} 'invokeExact_MT' '(Ljava/lang/Object;Ljava/lang/Object;Ljava/lang/Object;)Ljava/lang/Object;' in 'java/lang/invoke/Invokers$Holder')}
  0x00007f209d02fa54: 48bb 98f8 | 2f37 207f | 0000 488d | 9bc8 0200 | 0048 85ff | 750a f603 | 0175 05f0 | 4883 0b01
  0x00007f209d02fa74: ;   {metadata(method data for {method} {0x00007f203b3c50c8} 'invokeImpl' '(Ljava/lang/Object;[Ljava/lang/Object;)Ljava/lang/Object;' in 'jdk/internal/reflect/DirectMethodHandleAccessor')}
  0x00007f209d02fa74: 48bb 6034 | d137 207f | 0000 4883 | 8398 0100

  0x00007f209d02fa84: ;   {metadata(method data for {method} {0x00007f203b0b0bb0} 'invokeExact_MT' '(Ljava/lang/Object;Ljava/lang/Object;Ljava/lang/Object;)Ljava/lang/Object;' in 'java/lang/invoke/Invokers$Holder')}
  0x00007f209d02fa84: 0001 48bb | 98f8 2f37 | 207f 0000 | 8b83 f400 | 0000 83c0 | 0289 83f4 | 0000 0025 | feff 1f00
  0x00007f209d02faa4: 85c0 0f84 | e50c 0000

  0x00007f209d02faac: ;   {metadata(method data for {method} {0x00007f203b0b0bb0} 'invokeExact_MT' '(Ljava/lang/Object;Ljava/lang/Object;Ljava/lang/Object;)Ljava/lang/Object;' in 'java/lang/invoke/Invokers$Holder')}
  0x00007f209d02faac: 48bb 98f8 | 2f37 207f | 0000 488d | 9bb8 0100 | 0048 85ff | 750c f643 | 0801 7506 | f048 834b
  0x00007f209d02facc: ;   {oop(a 'java/lang/invoke/MethodType'{0x000000070d012ed0} = (Ljava/lang/Object;)Ljava/lang/Object;)}
  0x00007f209d02facc: 0801 48b8 | d02e 010d | 0700 0000 | 4885 c075 | 0cf6 4318 | 0175 06f0 | 4883 4b18

  0x00007f209d02fae8: ;   {metadata(method data for {method} {0x00007f203b0b0bb0} 'invokeExact_MT' '(Ljava/lang/Object;Ljava/lang/Object;Ljava/lang/Object;)Ljava/lang/Object;' in 'java/lang/invoke/Invokers$Holder')}
  0x00007f209d02fae8: 0148 bb98 | f82f 3720 | 7f00 0048 | 8383 a801

  0x00007f209d02faf8: ;   {metadata(method data for {method} {0x00007f203b3d9b08} 'checkExactType' '(Ljava/lang/invoke/MethodHandle;Ljava/lang/invoke/MethodType;)V' in 'java/lang/invoke/Invokers')}
  0x00007f209d02faf8: 0000 0148 | bb48 2f25 | 3720 7f00 | 008b 8bf4 | 0000 0083 | c102 898b | f400 0000 | 81e1 feff
  0x00007f209d02fb18: 1f00 85c9 | 0f84 900c | 0000 483b | 0748 8bdf

  0x00007f209d02fb28: ;   {metadata(method data for {method} {0x00007f203b3d9b08} 'checkExactType' '(Ljava/lang/invoke/MethodHandle;Ljava/lang/invoke/MethodType;)V' in 'java/lang/invoke/Invokers')}
  0x00007f209d02fb28: 48b9 482f | 2537 207f | 0000 8b5b | 0849 ba00 | 0000 3b20 | 7f00 0049 | 03da 483b | 9948 0100
  0x00007f209d02fb48: 0075 0d48 | 8381 5001 | 0000 01e9 | 6000 0000 | 483b 9958 | 0100 0075 | 0d48 8381 | 6001 0000
  0x00007f209d02fb68: 01e9 4a00 | 0000 4883 | b948 0100 | 0000 7517 | 4889 9948 | 0100 0048 | c781 5001 | 0000 0100
  0x00007f209d02fb88: 0000 e929 | 0000 0048 | 83b9 5801 | 0000 0075 | 1748 8999 | 5801 0000 | 48c7 8160 | 0100 0001
  0x00007f209d02fba8: 0000 00e9 | 0800 0000 | 4883 8138 | 0100 0001 | 8b5f 1048 | c1e3 0348

  0x00007f209d02fbc0: ;   {metadata(method data for {method} {0x00007f203b3d9b08} 'checkExactType' '(Ljava/lang/invoke/MethodHandle;Ljava/lang/invoke/MethodType;)V' in 'java/lang/invoke/Invokers')}
  0x00007f209d02fbc0: 3bd8 48b8 | 482f 2537 | 207f 0000 | 48c7 c180 | 0100 0075 | 0748 c7c1 | 7001 0000 | 4c8b 0408
  0x00007f209d02fbe0: 4d8d 4001 | 4c89 0408 | 0f85 cb01

  0x00007f209d02fbec: ;   {metadata(method data for {method} {0x00007f203b0b0bb0} 'invokeExact_MT' '(Ljava/lang/Object;Ljava/lang/Object;Ljava/lang/Object;)Ljava/lang/Object;' in 'java/lang/invoke/Invokers$Holder')}
  0x00007f209d02fbec: 0000 48bb | 98f8 2f37 | 207f 0000 | 4883 83e0 | 0100 0001

  0x00007f209d02fc00: ;   {metadata(method data for {method} {0x00007f203b3d9a00} 'checkCustomized' '(Ljava/lang/invoke/MethodHandle;)V' in 'java/lang/invoke/Invokers')}
  0x00007f209d02fc00: 48bb e82a | 2537 207f | 0000 8b83 | f400 0000 | 83c0 0289 | 83f4 0000 | 0025 feff | 1f00 85c0
  0x00007f209d02fc20: 0f84 b20b

  0x00007f209d02fc24: ;   {metadata(method data for {method} {0x00007f203b3d9a00} 'checkCustomized' '(Ljava/lang/invoke/MethodHandle;)V' in 'java/lang/invoke/Invokers')}
  0x00007f209d02fc24: 0000 48bb | e82a 2537 | 207f 0000 | 4883 8338 | 0100 0001

  0x00007f209d02fc38: ;   {metadata(method data for {method} {0x00007f203b096bb8} 'isCompileConstant' '(Ljava/lang/Object;)Z' in 'java/lang/invoke/MethodHandleImpl')}
  0x00007f209d02fc38: 48bb 2832 | 2537 207f | 0000 8b83 | f400 0000 | 83c0 0289 | 83f4 0000 | 0025 feff | 1f00 85c0
  0x00007f209d02fc58: 0f84 9b0b

  0x00007f209d02fc5c: ;   {metadata(method data for {method} {0x00007f203b3d9a00} 'checkCustomized' '(Ljava/lang/invoke/MethodHandle;)V' in 'java/lang/invoke/Invokers')}
  0x00007f209d02fc5c: 0000 48bb | e82a 2537 | 207f 0000 | ff83 4801 | 0000 8b5f | 1448 c1e3 | 038b 5b1c | 48c1 e303
  0x00007f209d02fc7c: ;   {metadata(method data for {method} {0x00007f203b3d9a00} 'checkCustomized' '(Ljava/lang/invoke/MethodHandle;)V' in 'java/lang/invoke/Invokers')}
  0x00007f209d02fc7c: 4885 db48 | bbe8 2a25 | 3720 7f00 | 0048 c7c0 | 6801 0000 | 7507 48c7 | c078 0100 | 0048 8b0c
  0x00007f209d02fc9c: 0348 8d49 | 0148 890c | 030f 8529

  0x00007f209d02fca8: ;   {metadata(method data for {method} {0x00007f203b3d9a00} 'checkCustomized' '(Ljava/lang/invoke/MethodHandle;)V' in 'java/lang/invoke/Invokers')}
  0x00007f209d02fca8: 0000 0048 | bbe8 2a25 | 3720 7f00 | 0048 8383 | 8801 0000 | 0148 8bf7 | 0f1f 8000

  0x00007f209d02fcc4: ;   {static_call}
  0x00007f209d02fcc4: 0000 00e8

  0x00007f209d02fcc8: ; ImmutableOopMap {[168]=Oop [184]=Oop [240]=Oop }
                      ;*invokestatic maybeCustomize {reexecute=0 rethrow=0 return_oop=0}
                      ; - java.lang.invoke.Invokers::checkCustomized@19 (line 627)
                      ; - java.lang.invoke.Invokers$Holder::invokeExact_MT@14
                      ; - jdk.internal.reflect.DirectMethodHandleAccessor::invokeImpl@41 (line 153)
                      ; - jdk.internal.reflect.DirectMethodHandleAccessor::invoke@23 (line 103)
  0x00007f209d02fcc8: f476 c0ff

  0x00007f209d02fccc: ;   {other}
  0x00007f209d02fccc: 0f1f 8400 | bc20 0009 | 488b bc24 | f000 0000

  0x00007f209d02fcdc: ;   {metadata(method data for {method} {0x00007f203b0b0bb0} 'invokeExact_MT' '(Ljava/lang/Object;Ljava/lang/Object;Ljava/lang/Object;)Ljava/lang/Object;' in 'java/lang/invoke/Invokers$Holder')}
  0x00007f209d02fcdc: 48ba 98f8 | 2f37 207f | 0000 4883 | 8208 0200 | 0001 488b | 9424 b800 | 0000 488b | b424 f000
  0x00007f209d02fcfc: ;   {optimized virtual_call}
  0x00007f209d02fcfc: 0000 90e8

  0x00007f209d02fd00: ; ImmutableOopMap {[168]=Oop }
                      ;*invokevirtual invokeBasic {reexecute=0 rethrow=0 return_oop=0}
                      ; - java.lang.invoke.Invokers$Holder::invokeExact_MT@19
                      ; - jdk.internal.reflect.DirectMethodHandleAccessor::invokeImpl@41 (line 153)
                      ; - jdk.internal.reflect.DirectMethodHandleAccessor::invoke@23 (line 103)
  0x00007f209d02fd00: 7c59 4207

  0x00007f209d02fd04: ;   {other}
  0x00007f209d02fd04: 0f1f 8400 | f420 000a

  0x00007f209d02fd0c: ;   {metadata(method data for {method} {0x00007f203b0b0bb0} 'invokeExact_MT' '(Ljava/lang/Object;Ljava/lang/Object;Ljava/lang/Object;)Ljava/lang/Object;' in 'java/lang/invoke/Invokers$Holder')}
  0x00007f209d02fd0c: 48be 98f8 | 2f37 207f | 0000 488d | b650 0200 | 0048 85c0 | 750a f606 | 0175 05f0 | 4883 0e01
  0x00007f209d02fd2c: ;   {metadata(method data for {method} {0x00007f203b3c50c8} 'invokeImpl' '(Ljava/lang/Object;[Ljava/lang/Object;)Ljava/lang/Object;' in 'jdk/internal/reflect/DirectMethodHandleAccessor')}
  0x00007f209d02fd2c: 48be 6034 | d137 207f | 0000 488d | b6e0 0100 | 0048 85c0 | 750c f606 | 0175 4cf0 | 4883 0e01
  0x00007f209d02fd4c: eb45 8b50 | 0849 ba00 | 0000 3b20 | 7f00 0049 | 03d2 4c8b | d248 3316 | 48f7 c2fc | ffff ff74
  0x00007f209d02fd6c: 26f6 c202 | 7521 48f7 | 06fe ffff | ff74 1549 | 8bd2 4833 | 1648 f7c2 | fcff ffff | 7409 4883
  0x00007f209d02fd8c: 0e02 eb03

  0x00007f209d02fd90: ;   {metadata(method data for {method} {0x00007f203b3c50c8} 'invokeImpl' '(Ljava/lang/Object;[Ljava/lang/Object;)Ljava/lang/Object;' in 'jdk/internal/reflect/DirectMethodHandleAccessor')}
  0x00007f209d02fd90: 4889 1648 | be60 34d1 | 3720 7f00 | 00ff 86f0 | 0100 0048 | 81c4 4001

  0x00007f209d02fda8: ;   {poll_return}
  0x00007f209d02fda8: 0000 5d49 | 3ba7 4804 | 0000 0f87 | 670a 0000

  0x00007f209d02fdb8: ;   {metadata(method data for {method} {0x00007f203b3d9b08} 'checkExactType' '(Ljava/lang/invoke/MethodHandle;Ljava/lang/invoke/MethodType;)V' in 'java/lang/invoke/Invokers')}
  0x00007f209d02fdb8: c348 be48 | 2f25 3720 | 7f00 0048 | 8386 9001

  0x00007f209d02fdc8: ;   {oop(a 'java/lang/invoke/MethodType'{0x000000070d012ed0} = (Ljava/lang/Object;)Ljava/lang/Object;)}
  0x00007f209d02fdc8: 0000 0148 | bad0 2e01 | 0d07 0000 | 0048 8bf3 | 0f1f 8000

  0x00007f209d02fddc: ;   {static_call}
  0x00007f209d02fddc: 0000 00e8

  0x00007f209d02fde0: ; ImmutableOopMap {[168]=Oop [184]=Oop [240]=Oop }
                      ;*invokestatic newWrongMethodTypeException {reexecute=0 rethrow=0 return_oop=0}
                      ; - java.lang.invoke.Invokers::checkExactType@12 (line 531)
                      ; - java.lang.invoke.Invokers$Holder::invokeExact_MT@10
                      ; - jdk.internal.reflect.DirectMethodHandleAccessor::invokeImpl@41 (line 153)
                      ; - jdk.internal.reflect.DirectMethodHandleAccessor::invoke@23 (line 103)
  0x00007f209d02fde0: 9c03 d306

  0x00007f209d02fde4: ;   {other}
  0x00007f209d02fde4: 0f1f 8400 | d421 000b

  0x00007f209d02fdec: ; implicit exception: dispatches to 0x00007f209d030835
                      ; ImmutableOopMap {rax=Oop [168]=Oop [184]=Oop [240]=Oop }
                      ;*athrow {reexecute=1 rethrow=0 return_oop=0}
                      ; - (reexecute) java.lang.invoke.Invokers::checkExactType@15 (line 531)
                      ; - java.lang.invoke.Invokers$Holder::invokeExact_MT@10
                      ; - jdk.internal.reflect.DirectMethodHandleAccessor::invokeImpl@41 (line 153)
                      ; - jdk.internal.reflect.DirectMethodHandleAccessor::invoke@23 (line 103)
                      ;   {section_word}
  0x00007f209d02fdec: 483b 0048 | baef fd02 | 9d20 7f00

  0x00007f209d02fdf8: ;   {runtime_call handle_exception_nofpu Runtime1 stub}
  0x00007f209d02fdf8: 00e8 82e6

  0x00007f209d02fdfc: ;   {metadata(method data for {method} {0x00007f203b3d9b08} 'checkExactType' '(Ljava/lang/invoke/MethodHandle;Ljava/lang/invoke/MethodType;)V' in 'java/lang/invoke/Invokers')}
  0x00007f209d02fdfc: df06 9048 | be48 2f25 | 3720 7f00 | 0048 8386 | 9001 0000

  0x00007f209d02fe10: ;   {oop(a 'java/lang/invoke/MethodType'{0x000000070d013000} = (Ljava/lang/Object;Ljava/lang/Object;)Ljava/lang/Object;)}
  0x00007f209d02fe10: 0148 ba00 | 3001 0d07 | 0000 0048

  0x00007f209d02fe1c: ;   {static_call}
  0x00007f209d02fe1c: 8bf0 90e8

  0x00007f209d02fe20: ; ImmutableOopMap {[168]=Oop [184]=Oop [224]=Oop [232]=Oop }
                      ;*invokestatic newWrongMethodTypeException {reexecute=0 rethrow=0 return_oop=0}
                      ; - java.lang.invoke.Invokers::checkExactType@12 (line 531)
                      ; - java.lang.invoke.Invokers$Holder::invokeExact_MT@10
                      ; - jdk.internal.reflect.DirectMethodHandleAccessor::invokeImpl@55 (line 154)
                      ; - jdk.internal.reflect.DirectMethodHandleAccessor::invoke@23 (line 103)
  0x00007f209d02fe20: 5c03 d306

  0x00007f209d02fe24: ;   {other}
  0x00007f209d02fe24: 0f1f 8400 | 1422 000d

  0x00007f209d02fe2c: ; implicit exception: dispatches to 0x00007f209d03083a
                      ; ImmutableOopMap {rax=Oop [168]=Oop [184]=Oop [224]=Oop [232]=Oop }
                      ;*athrow {reexecute=1 rethrow=0 return_oop=0}
                      ; - (reexecute) java.lang.invoke.Invokers::checkExactType@15 (line 531)
                      ; - java.lang.invoke.Invokers$Holder::invokeExact_MT@10
                      ; - jdk.internal.reflect.DirectMethodHandleAccessor::invokeImpl@55 (line 154)
                      ; - jdk.internal.reflect.DirectMethodHandleAccessor::invoke@23 (line 103)
                      ;   {section_word}
  0x00007f209d02fe2c: 483b 0048 | ba2f fe02 | 9d20 7f00

  0x00007f209d02fe38: ;   {runtime_call handle_exception_nofpu Runtime1 stub}
  0x00007f209d02fe38: 00e8 42e6

  0x00007f209d02fe3c: ;   {metadata(method data for {method} {0x00007f203b3d9b08} 'checkExactType' '(Ljava/lang/invoke/MethodHandle;Ljava/lang/invoke/MethodType;)V' in 'java/lang/invoke/Invokers')}
  0x00007f209d02fe3c: df06 9048 | be48 2f25 | 3720 7f00 | 0048 8386 | 9001 0000

  0x00007f209d02fe50: ;   {oop(a 'java/lang/invoke/MethodType'{0x000000070d013218} = (Ljava/lang/Object;Ljava/lang/Object;Ljava/lang/Object;)Ljava/lang/Object;)}
  0x00007f209d02fe50: 0148 ba18 | 3201 0d07 | 0000 0048

  0x00007f209d02fe5c: ;   {static_call}
  0x00007f209d02fe5c: 8bf1 90e8

  0x00007f209d02fe60: ; ImmutableOopMap {[168]=Oop [184]=Oop [200]=Oop [208]=Oop [216]=Oop }
                      ;*invokestatic newWrongMethodTypeException {reexecute=0 rethrow=0 return_oop=0}
                      ; - java.lang.invoke.Invokers::checkExactType@12 (line 531)
                      ; - java.lang.invoke.LambdaForm$MH/0x00007f203c003000::invokeExact_MT@11
                      ; - jdk.internal.reflect.DirectMethodHandleAccessor::invokeImpl@72 (line 155)
                      ; - jdk.internal.reflect.DirectMethodHandleAccessor::invoke@23 (line 103)
  0x00007f209d02fe60: 1c03 d306

  0x00007f209d02fe64: ;   {other}
  0x00007f209d02fe64: 0f1f 8400 | 5422 000f

  0x00007f209d02fe6c: ; implicit exception: dispatches to 0x00007f209d03083f
                      ; ImmutableOopMap {rax=Oop [168]=Oop [184]=Oop [200]=Oop [208]=Oop [216]=Oop }
                      ;*athrow {reexecute=1 rethrow=0 return_oop=0}
                      ; - (reexecute) java.lang.invoke.Invokers::checkExactType@15 (line 531)
                      ; - java.lang.invoke.LambdaForm$MH/0x00007f203c003000::invokeExact_MT@11
                      ; - jdk.internal.reflect.DirectMethodHandleAccessor::invokeImpl@72 (line 155)
                      ; - jdk.internal.reflect.DirectMethodHandleAccessor::invoke@23 (line 103)
                      ;   {section_word}
  0x00007f209d02fe6c: 483b 0048 | ba6f fe02 | 9d20 7f00

  0x00007f209d02fe78: ;   {runtime_call handle_exception_nofpu Runtime1 stub}
  0x00007f209d02fe78: 00e8 02e6

  0x00007f209d02fe7c: ;   {metadata(method data for {method} {0x00007f203b3d9b08} 'checkExactType' '(Ljava/lang/invoke/MethodHandle;Ljava/lang/invoke/MethodType;)V' in 'java/lang/invoke/Invokers')}
  0x00007f209d02fe7c: df06 9048 | be48 2f25 | 3720 7f00 | 0048 8386 | 9001 0000

  0x00007f209d02fe90: ;   {oop(a 'java/lang/invoke/MethodType'{0x000000070d16cf38} = (Ljava/lang/Object;[Ljava/lang/Object;)Ljava/lang/Object;)}
  0x00007f209d02fe90: 0148 ba38 | cf16 0d07 | 0000 0048

  0x00007f209d02fe9c: ;   {static_call}
  0x00007f209d02fe9c: 8bf3 90e8

  0x00007f209d02fea0: ; ImmutableOopMap {[168]=Oop [176]=Oop [184]=Oop [192]=Oop }
                      ;*invokestatic newWrongMethodTypeException {reexecute=0 rethrow=0 return_oop=0}
                      ; - java.lang.invoke.Invokers::checkExactType@12 (line 531)
                      ; - java.lang.invoke.Invokers$Holder::invokeExact_MT@10
                      ; - jdk.internal.reflect.DirectMethodHandleAccessor::invokeImpl@104 (line 157)
                      ; - jdk.internal.reflect.DirectMethodHandleAccessor::invoke@23 (line 103)
  0x00007f209d02fea0: dc02 d306

  0x00007f209d02fea4: ;   {other}
  0x00007f209d02fea4: 0f1f 8400 | 9422 0011

  0x00007f209d02feac: ; implicit exception: dispatches to 0x00007f209d030844
                      ; ImmutableOopMap {rax=Oop [168]=Oop [176]=Oop [184]=Oop [192]=Oop }
                      ;*athrow {reexecute=1 rethrow=0 return_oop=0}
                      ; - (reexecute) java.lang.invoke.Invokers::checkExactType@15 (line 531)
                      ; - java.lang.invoke.Invokers$Holder::invokeExact_MT@10
                      ; - jdk.internal.reflect.DirectMethodHandleAccessor::invokeImpl@104 (line 157)
                      ; - jdk.internal.reflect.DirectMethodHandleAccessor::invoke@23 (line 103)
                      ;   {section_word}
  0x00007f209d02feac: 483b 0048 | baaf fe02 | 9d20 7f00

  0x00007f209d02feb8: ;   {runtime_call handle_exception_nofpu Runtime1 stub}
  0x00007f209d02feb8: 00e8 c2e5 | df06 9049 | 8b87 f804 | 0000 4d33 | d24d 8997 | f804 0000 | 4d33 d24d | 8997 0005
  0x00007f209d02fed8: 0000 488b | b424 a800

  0x00007f209d02fee0: ;   {metadata(method data for {method} {0x00007f203b19d2c0} 'invoke' '(Ljava/lang/Object;[Ljava/lang/Object;)Ljava/lang/Object;' in 'jdk/internal/reflect/DirectMethodHandleAccessor')}
  0x00007f209d02fee0: 0000 48ba | e02e d137 | 207f 0000 | 4883 8288 | 0200 0001

  0x00007f209d02fef4: ;   {metadata(method data for {method} {0x00007f203b3c5070} 'isIllegalArgument' '(Ljava/lang/RuntimeException;)Z' in 'jdk/internal/reflect/DirectMethodHandleAccessor')}
  0x00007f209d02fef4: 48be a038 | d137 207f | 0000 8b96 | f400 0000 | 83c2 0289 | 96f4 0000 | 0081 e2fe | ff1f 0085
  0x00007f209d02ff14: d20f 842e

  0x00007f209d02ff18: ;   {oop(a 'java/lang/Class'{0x00000007ffebb430} = 'jdk/internal/reflect/DirectMethodHandleAccessor')}
  0x00007f209d02ff18: 0900 0048 | be30 b4eb | ff07 0000 | 0048 8bd0 | 4889 8424 | f800 0000 | 0f1f 8000

  0x00007f209d02ff34: ;   {static_call}
  0x00007f209d02ff34: 0000 00e8

  0x00007f209d02ff38: ; ImmutableOopMap {[248]=Oop }
                      ;*invokestatic isIllegalArgument {reexecute=0 rethrow=0 return_oop=0}
                      ; - jdk.internal.reflect.DirectMethodHandleAccessor::isIllegalArgument@3 (line 191)
                      ; - jdk.internal.reflect.DirectMethodHandleAccessor::invoke@58 (line 112)
  0x00007f209d02ff38: 4402 d306

  0x00007f209d02ff3c: ;   {other}
  0x00007f209d02ff3c: 0f1f 8400 | 2c23 0013 | 83e0 0185

  0x00007f209d02ff48: ;   {metadata(method data for {method} {0x00007f203b19d2c0} 'invoke' '(Ljava/lang/Object;[Ljava/lang/Object;)Ljava/lang/Object;' in 'jdk/internal/reflect/DirectMethodHandleAccessor')}
  0x00007f209d02ff48: c048 b8e0 | 2ed1 3720 | 7f00 0048 | c7c6 c002 | 0000 7407 | 48c7 c6d0 | 0200 0048 | 8b14 3048
  0x00007f209d02ff68: 8d52 0148 | 8914 300f | 84bc 0200 | 00e9 0f02 | 0000 498b | 87f8 0400 | 004d 33d2 | 4d89 97f8
  0x00007f209d02ff88: 0400 004d | 33d2 4d89 | 9700 0500 | 0048 8bb4 | 24a8 0000

  0x00007f209d02ff9c: ;   {metadata(method data for {method} {0x00007f203b19d2c0} 'invoke' '(Ljava/lang/Object;[Ljava/lang/Object;)Ljava/lang/Object;' in 'jdk/internal/reflect/DirectMethodHandleAccessor')}
  0x00007f209d02ff9c: 0048 bae0 | 2ed1 3720 | 7f00 0048 | 8382 1002

  0x00007f209d02ffac: ;   {metadata(method data for {method} {0x00007f203b3c5070} 'isIllegalArgument' '(Ljava/lang/RuntimeException;)Z' in 'jdk/internal/reflect/DirectMethodHandleAccessor')}
  0x00007f209d02ffac: 0000 0148 | bea0 38d1 | 3720 7f00 | 008b 96f4 | 0000 0083 | c202 8996 | f400 0000 | 81e2 feff
  0x00007f209d02ffcc: 1f00 85d2 | 0f84 9408

  0x00007f209d02ffd4: ;   {oop(a 'java/lang/Class'{0x00000007ffebb430} = 'jdk/internal/reflect/DirectMethodHandleAccessor')}
  0x00007f209d02ffd4: 0000 48be | 30b4 ebff | 0700 0000 | 488b d048 | 8984 2400 | 0100 000f

  0x00007f209d02ffec: ;   {static_call}
  0x00007f209d02ffec: 1f40 00e8

  0x00007f209d02fff0: ; ImmutableOopMap {[256]=Oop }
                      ;*invokestatic isIllegalArgument {reexecute=0 rethrow=0 return_oop=0}
                      ; - jdk.internal.reflect.DirectMethodHandleAccessor::isIllegalArgument@3 (line 191)
                      ; - jdk.internal.reflect.DirectMethodHandleAccessor::invoke@30 (line 105)
  0x00007f209d02fff0: d909 0000

  0x00007f209d02fff4: ;   {other}
  0x00007f209d02fff4: 0f1f 8400 | e423 0014 | 83e0 0185

  0x00007f209d030000: ;   {metadata(method data for {method} {0x00007f203b19d2c0} 'invoke' '(Ljava/lang/Object;[Ljava/lang/Object;)Ljava/lang/Object;' in 'jdk/internal/reflect/DirectMethodHandleAccessor')}
  0x00007f209d030000: c048 bae0 | 2ed1 3720 | 7f00 0048 | c7c6 4802 | 0000 7407 | 48c7 c658 | 0200 0048 | 8b3c 3248
  0x00007f209d030020: 8d7f 0148 | 893c 320f | 84a4 0000 | 0066 6690

  0x00007f209d030030: ;   {no_reloc}
  0x00007f209d030030: e965 0800 | 0000 0000 | 0000 498b | 87b8 0100 | 0048 8d78 | 2849 3bbf | c801 0000 | 0f87 5208
  0x00007f209d030050: 0000 4989 | bfb8 0100 | 0048 c700 | 0100 0000 | 488b ca49 | ba00 0000 | 3b20 7f00 | 0049 2bca
  0x00007f209d030070: 8948 0848 | 33c9 8948 | 0c48 33c9 | 4889 4810 | 4889 4818 | 4889 4820

  0x00007f209d030088: ;   {metadata(method data for {method} {0x00007f203b19d2c0} 'invoke' '(Ljava/lang/Object;[Ljava/lang/Object;)Ljava/lang/Object;' in 'jdk/internal/reflect/DirectMethodHandleAccessor')}
  0x00007f209d030088: 488b d048 | bee0 2ed1 | 3720 7f00 | 0048 8386 | 6802 0000

  0x00007f209d03009c: ;   {oop("argument type mismatch"{0x00000007ffe087e0})}
  0x00007f209d03009c: 0148 bae0 | 87e0 ff07 | 0000 0048 | 8bf0 4889 | 8424 0801 | 0000 0f1f

  0x00007f209d0300b4: ;   {optimized virtual_call}
  0x00007f209d0300b4: 4400 00e8

  0x00007f209d0300b8: ; ImmutableOopMap {[264]=Oop }
                      ;*invokespecial <init> {reexecute=0 rethrow=0 return_oop=0}
                      ; - jdk.internal.reflect.DirectMethodHandleAccessor::invoke@42 (line 107)
  0x00007f209d0300b8: c4f6 d206

  0x00007f209d0300bc: ;   {other}
  0x00007f209d0300bc: 0f1f 8400 | ac24 0015 | 488b 8424 | 0801 0000 | e9ca 0800 | 0048 8b9c | 2400 0100 | 000f 1f80
  0x00007f209d0300dc: 0000 0000

  0x00007f209d0300e0: ;   {metadata('java/lang/reflect/InvocationTargetException')}
  0x00007f209d0300e0: 48ba 68fa | 063c 207f | 0000 80ba | 2101 0000 | 040f 85d8 | 0700 0049 | 8b87 b801 | 0000 488d
  0x00007f209d030100: 7828 493b | bfc8 0100 | 000f 87c0 | 0700 0049 | 89bf b801 | 0000 48c7 | 0001 0000 | 0048 8bca
  0x00007f209d030120: 49ba 0000 | 003b 207f | 0000 492b | ca89 4808 | 4833 c989 | 480c 4833 | c948 8948 | 1048 8948
  0x00007f209d030140: 1848 8948 | 2048 8bd0

  0x00007f209d030148: ;   {metadata(method data for {method} {0x00007f203b19d2c0} 'invoke' '(Ljava/lang/Object;[Ljava/lang/Object;)Ljava/lang/Object;' in 'jdk/internal/reflect/DirectMethodHandleAccessor')}
  0x00007f209d030148: 48be e02e | d137 207f | 0000 4883 | 8678 0200 | 0001 488b | d348 8bf0 | 4889 8424 | 1001 0000
  0x00007f209d030168: 0f1f 8000

  0x00007f209d03016c: ;   {optimized virtual_call}
  0x00007f209d03016c: 0000 00e8

  0x00007f209d030170: ; ImmutableOopMap {[272]=Oop }
                      ;*invokespecial <init> {reexecute=0 rethrow=0 return_oop=0}
                      ; - jdk.internal.reflect.DirectMethodHandleAccessor::invoke@51 (line 109)
  0x00007f209d030170: 6908 0000

  0x00007f209d030174: ;   {other}
  0x00007f209d030174: 0f1f 8400 | 6425 0016 | 488b 8424 | 1001 0000 | e912 0800 | 000f 1f80 | 0000 0000

  0x00007f209d030190: ;   {no_reloc}
  0x00007f209d030190: e956 0700 | 0000 0000 | 0000 498b | 87b8 0100 | 0048 8d78 | 2849 3bbf | c801 0000 | 0f87 4307
  0x00007f209d0301b0: 0000 4989 | bfb8 0100 | 0048 c700 | 0100 0000 | 488b ca49 | ba00 0000 | 3b20 7f00 | 0049 2bca
  0x00007f209d0301d0: 8948 0848 | 33c9 8948 | 0c48 33c9 | 4889 4810 | 4889 4818 | 4889 4820

  0x00007f209d0301e8: ;   {metadata(method data for {method} {0x00007f203b19d2c0} 'invoke' '(Ljava/lang/Object;[Ljava/lang/Object;)Ljava/lang/Object;' in 'jdk/internal/reflect/DirectMethodHandleAccessor')}
  0x00007f209d0301e8: 488b d048 | bee0 2ed1 | 3720 7f00 | 0048 8386 | e002 0000 | 0148 8b94 | 24f8 0000 | 0048 8bf0
  0x00007f209d030208: 4889 8424 | 1801 0000 | 0f1f 8000

  0x00007f209d030214: ;   {optimized virtual_call}
  0x00007f209d030214: 0000 00e8

  0x00007f209d030218: ; ImmutableOopMap {[280]=Oop }
                      ;*invokespecial <init> {reexecute=0 rethrow=0 return_oop=0}
                      ; - jdk.internal.reflect.DirectMethodHandleAccessor::invoke@69 (line 113)
  0x00007f209d030218: 64f5 d206

  0x00007f209d03021c: ;   {other}
  0x00007f209d03021c: 0f1f 8400 | 0c26 0017 | 488b 8424 | 1801 0000 | e96a 0700 | 0048 8b9c | 24f8 0000 | 000f 1f80
  0x00007f209d03023c: 0000 0000

  0x00007f209d030240: ;   {no_reloc}
  0x00007f209d030240: e9cc 0600 | 0000 0000 | 0000 80ba | 2101 0000 | 040f 85c9 | 0600 0049 | 8b87 b801 | 0000 488d
  0x00007f209d030260: 7828 493b | bfc8 0100 | 000f 87b1 | 0600 0049 | 89bf b801 | 0000 48c7 | 0001 0000 | 0048 8bca
  0x00007f209d030280: 49ba 0000 | 003b 207f | 0000 492b | ca89 4808 | 4833 c989 | 480c 4833 | c948 8948 | 1048 8948
  0x00007f209d0302a0: 1848 8948 | 2048 8bd0

  0x00007f209d0302a8: ;   {metadata(method data for {method} {0x00007f203b19d2c0} 'invoke' '(Ljava/lang/Object;[Ljava/lang/Object;)Ljava/lang/Object;' in 'jdk/internal/reflect/DirectMethodHandleAccessor')}
  0x00007f209d0302a8: 48be e02e | d137 207f | 0000 4883 | 86f0 0200 | 0001 488b | d348 8bf0 | 4889 8424 | 2001 0000
  0x00007f209d0302c8: 0f1f 8000

  0x00007f209d0302cc: ;   {optimized virtual_call}
  0x00007f209d0302cc: 0000 00e8

  0x00007f209d0302d0: ; ImmutableOopMap {[288]=Oop }
                      ;*invokespecial <init> {reexecute=0 rethrow=0 return_oop=0}
                      ; - jdk.internal.reflect.DirectMethodHandleAccessor::invoke@78 (line 115)
  0x00007f209d0302d0: acf4 d206

  0x00007f209d0302d4: ;   {other}
  0x00007f209d0302d4: 0f1f 8400 | c426 0018 | 488b 8424 | 2001 0000 | e9b2 0600 | 000f 1f80 | 0000 0000

  0x00007f209d0302f0: ;   {no_reloc}
  0x00007f209d0302f0: e947 0600 | 0000 0000 | 0000 498b | 87b8 0100 | 0048 8d78 | 2849 3bbf | c801 0000 | 0f87 3406
  0x00007f209d030310: 0000 4989 | bfb8 0100 | 0048 c700 | 0100 0000 | 488b ca49 | ba00 0000 | 3b20 7f00 | 0049 2bca
  0x00007f209d030330: 8948 0848 | 33c9 8948 | 0c48 33c9 | 4889 4810 | 4889 4818 | 4889 4820

  0x00007f209d030348: ;   {metadata(method data for {method} {0x00007f203b3c5178} 'checkReceiver' '(Ljava/lang/Object;)V' in 'jdk/internal/reflect/DirectMethodHandleAccessor')}
  0x00007f209d030348: 488b d048 | be40 32d1 | 3720 7f00 | 0048 8386 | c801 0000

  0x00007f209d03035c: ;   {oop("object is not an instance of declaring class"{0x00000007ffe46960})}
  0x00007f209d03035c: 0148 ba60 | 69e4 ff07 | 0000 0048 | 8bf0 4889 | 8424 2801 | 0000 0f1f

  0x00007f209d030374: ;   {optimized virtual_call}
  0x00007f209d030374: 4400 00e8

  0x00007f209d030378: ; ImmutableOopMap {[168]=Oop [176]=Oop [184]=Oop [296]=Oop }
                      ;*invokespecial <init> {reexecute=0 rethrow=0 return_oop=0}
                      ; - jdk.internal.reflect.DirectMethodHandleAccessor::checkReceiver@20 (line 197)
                      ; - jdk.internal.reflect.DirectMethodHandleAccessor::invoke@9 (line 99)
  0x00007f209d030378: 04f4 d206

  0x00007f209d03037c: ;   {other}
  0x00007f209d03037c: 0f1f 8400 | 6c27 0019 | 488b 8424 | 2801 0000 | e90a 0600 | 0049 8b87 | f804 0000 | 4d33 d24d
  0x00007f209d03039c: 8997 f804 | 0000 4d33 | d24d 8997 | 0005 0000 | 488b d890

  0x00007f209d0303b0: ;   {metadata('java/lang/reflect/InvocationTargetException')}
  0x00007f209d0303b0: 48ba 68fa | 063c 207f | 0000 80ba | 2101 0000 | 040f 85aa | 0500 0049 | 8b87 b801 | 0000 488d
  0x00007f209d0303d0: 7828 493b | bfc8 0100 | 000f 8792 | 0500 0049 | 89bf b801 | 0000 48c7 | 0001 0000 | 0048 8bca
  0x00007f209d0303f0: 49ba 0000 | 003b 207f | 0000 492b | ca89 4808 | 4833 c989 | 480c 4833 | c948 8948 | 1048 8948
  0x00007f209d030410: 1848 8948 | 2048 8bd0

  0x00007f209d030418: ;   {metadata(method data for {method} {0x00007f203b19d2c0} 'invoke' '(Ljava/lang/Object;[Ljava/lang/Object;)Ljava/lang/Object;' in 'jdk/internal/reflect/DirectMethodHandleAccessor')}
  0x00007f209d030418: 48be e02e | d137 207f | 0000 4883 | 8600 0300 | 0001 488b | d348 8bf0 | 4889 8424 | 3001 0000
  0x00007f209d030438: 0f1f 8000

  0x00007f209d03043c: ;   {optimized virtual_call}
  0x00007f209d03043c: 0000 00e8

  0x00007f209d030440: ; ImmutableOopMap {[304]=Oop }
                      ;*invokespecial <init> {reexecute=0 rethrow=0 return_oop=0}
                      ; - jdk.internal.reflect.DirectMethodHandleAccessor::invoke@88 (line 118)
  0x00007f209d030440: b905 0000

  0x00007f209d030444: ;   {other}
  0x00007f209d030444: 0f1f 8400 | 3428 001a | 488b 8424 | 3001 0000 | e942 0500

  0x00007f209d030458: ;   {metadata({method} {0x00007f203b19d2c0} 'invoke' '(Ljava/lang/Object;[Ljava/lang/Object;)Ljava/lang/Object;' in 'jdk/internal/reflect/DirectMethodHandleAccessor')}
  0x00007f209d030458: 0049 bac0 | d219 3b20 | 7f00 004c | 8954 2408 | 48c7 0424 | ffff ffff

  0x00007f209d030470: ;   {runtime_call counter_overflow Runtime1 stub}
  0x00007f209d030470: e80b 41e0

  0x00007f209d030474: ; ImmutableOopMap {rsi=Oop rdx=Oop rcx=Oop [168]=Oop [176]=Oop [184]=Oop }
                      ;*synchronization entry
                      ; - jdk.internal.reflect.DirectMethodHandleAccessor::invoke@-1 (line 98)
  0x00007f209d030474: 06e9 e4dc

  0x00007f209d030478: ;   {metadata({method} {0x00007f203b3c5228} 'isStatic' '()Z' in 'jdk/internal/reflect/DirectMethodHandleAccessor')}
  0x00007f209d030478: ffff 49ba | 2852 3c3b | 207f 0000 | 4c89 5424 | 0848 c704 | 24ff ffff

  0x00007f209d030490: ;   {runtime_call counter_overflow Runtime1 stub}
  0x00007f209d030490: ffe8 ea40

  0x00007f209d030494: ; ImmutableOopMap {rsi=Oop rdx=Oop rcx=Oop [168]=Oop [176]=Oop [184]=Oop }
                      ;*synchronization entry
                      ; - jdk.internal.reflect.DirectMethodHandleAccessor::isStatic@-1 (line 183)
                      ; - jdk.internal.reflect.DirectMethodHandleAccessor::invoke@1 (line 98)
  0x00007f209d030494: e006 e9ff

  0x00007f209d030498: ;   {metadata({method} {0x00007f203b3c5178} 'checkReceiver' '(Ljava/lang/Object;)V' in 'jdk/internal/reflect/DirectMethodHandleAccessor')}
  0x00007f209d030498: dcff ff49 | ba78 513c | 3b20 7f00 | 004c 8954 | 2408 48c7 | 0424 ffff

  0x00007f209d0304b0: ;   {runtime_call counter_overflow Runtime1 stub}
  0x00007f209d0304b0: ffff e8c9

  0x00007f209d0304b4: ; ImmutableOopMap {rsi=Oop rdx=Oop [168]=Oop [176]=Oop [184]=Oop }
                      ;*synchronization entry
                      ; - jdk.internal.reflect.DirectMethodHandleAccessor::checkReceiver@-1 (line 196)
                      ; - jdk.internal.reflect.DirectMethodHandleAccessor::invoke@9 (line 99)
  0x00007f209d0304b4: 40e0 06e9 | a5dd ffff

  0x00007f209d0304bc: ;   {runtime_call throw_null_pointer_exception Runtime1 stub}
  0x00007f209d0304bc: e85f b9df

  0x00007f209d0304c0: ; ImmutableOopMap {rsi=Oop rdx=Oop rdi=Oop [168]=Oop [176]=Oop [184]=Oop }
                      ;*invokevirtual getClass {reexecute=0 rethrow=0 return_oop=0}
                      ; - jdk.internal.reflect.DirectMethodHandleAccessor::checkReceiver@5 (line 196)
                      ; - jdk.internal.reflect.DirectMethodHandleAccessor::invoke@9 (line 99)
                      ;   {runtime_call throw_null_pointer_exception Runtime1 stub}
  0x00007f209d0304c0: 06e8 5ab9

  0x00007f209d0304c4: ; ImmutableOopMap {rsi=Oop rdx=Oop rdi=Oop rbx=Oop [168]=Oop [176]=Oop [184]=Oop }
                      ;*invokevirtual isAssignableFrom {reexecute=0 rethrow=0 return_oop=0}
                      ; - jdk.internal.reflect.DirectMethodHandleAccessor::checkReceiver@8 (line 196)
                      ; - jdk.internal.reflect.DirectMethodHandleAccessor::invoke@9 (line 99)
                      ;   {metadata({method} {0x00007f203b3c50c8} 'invokeImpl' '(Ljava/lang/Object;[Ljava/lang/Object;)Ljava/lang/Object;' in 'jdk/internal/reflect/DirectMethodHandleAccessor')}
  0x00007f209d0304c4: df06 49ba | c850 3c3b | 207f 0000 | 4c89 5424 | 0848 c704 | 24ff ffff

  0x00007f209d0304dc: ;   {runtime_call counter_overflow Runtime1 stub}
  0x00007f209d0304dc: ffe8 9e40

  0x00007f209d0304e0: ; ImmutableOopMap {rsi=Oop [168]=Oop [176]=Oop [184]=Oop }
                      ;*synchronization entry
                      ; - jdk.internal.reflect.DirectMethodHandleAccessor::invokeImpl@-1 (line 152)
                      ; - jdk.internal.reflect.DirectMethodHandleAccessor::invoke@23 (line 103)
  0x00007f209d0304e0: e006 e989

  0x00007f209d0304e4: ;   {metadata({method} {0x00007f203b0b0b00} 'invokeExact_MT' '(Ljava/lang/Object;Ljava/lang/Object;Ljava/lang/Object;Ljava/lang/Object;)Ljava/lang/Object;' in 'java/lang/invoke/Invokers$Holder')}
  0x00007f209d0304e4: deff ff49 | ba00 0b0b | 3b20 7f00 | 004c 8954 | 2408 48c7 | 0424 ffff

  0x00007f209d0304fc: ;   {runtime_call counter_overflow Runtime1 stub}
  0x00007f209d0304fc: ffff e87d

  0x00007f209d030500: ; ImmutableOopMap {rsi=Oop rdx=Oop rdi=Oop [168]=Oop [176]=Oop [184]=Oop [192]=Oop }
                      ;*synchronization entry
                      ; - java.lang.invoke.Invokers$Holder::invokeExact_MT@-1
                      ; - jdk.internal.reflect.DirectMethodHandleAccessor::invokeImpl@104 (line 157)
                      ; - jdk.internal.reflect.DirectMethodHandleAccessor::invoke@23 (line 103)
  0x00007f209d030500: 40e0 06e9 | 6ce0 ffff

  0x00007f209d030508: ;   {metadata({method} {0x00007f203b3d9b08} 'checkExactType' '(Ljava/lang/invoke/MethodHandle;Ljava/lang/invoke/MethodType;)V' in 'java/lang/invoke/Invokers')}
  0x00007f209d030508: 49ba 089b | 3d3b 207f | 0000 4c89 | 5424 0848 | c704 24ff

  0x00007f209d03051c: ;   {runtime_call counter_overflow Runtime1 stub}
  0x00007f209d03051c: ffff ffe8

  0x00007f209d030520: ; ImmutableOopMap {rsi=Oop rdx=Oop rdi=Oop rax=Oop [168]=Oop [176]=Oop [184]=Oop [192]=Oop }
                      ;*synchronization entry
                      ; - java.lang.invoke.Invokers::checkExactType@-1 (line 529)
                      ; - java.lang.invoke.Invokers$Holder::invokeExact_MT@10
                      ; - jdk.internal.reflect.DirectMethodHandleAccessor::invokeImpl@104 (line 157)
                      ; - jdk.internal.reflect.DirectMethodHandleAccessor::invoke@23 (line 103)
  0x00007f209d030520: 5c40 e006 | e90a e1ff

  0x00007f209d030528: ;   {runtime_call throw_null_pointer_exception Runtime1 stub}
  0x00007f209d030528: ffe8 f2b8

  0x00007f209d03052c: ; ImmutableOopMap {rsi=Oop rdx=Oop rdi=Oop rax=Oop [168]=Oop [176]=Oop [184]=Oop [192]=Oop }
                      ;*invokevirtual type {reexecute=0 rethrow=0 return_oop=0}
                      ; - java.lang.invoke.Invokers::checkExactType@1 (line 529)
                      ; - java.lang.invoke.Invokers$Holder::invokeExact_MT@10
                      ; - jdk.internal.reflect.DirectMethodHandleAccessor::invokeImpl@104 (line 157)
                      ; - jdk.internal.reflect.DirectMethodHandleAccessor::invoke@23 (line 103)
                      ;   {metadata({method} {0x00007f203b3d9a00} 'checkCustomized' '(Ljava/lang/invoke/MethodHandle;)V' in 'java/lang/invoke/Invokers')}
  0x00007f209d03052c: df06 49ba | 009a 3d3b | 207f 0000 | 4c89 5424 | 0848 c704 | 24ff ffff

  0x00007f209d030544: ;   {runtime_call counter_overflow Runtime1 stub}
  0x00007f209d030544: ffe8 3640

  0x00007f209d030548: ; ImmutableOopMap {rsi=Oop rdx=Oop rdi=Oop [168]=Oop [176]=Oop [184]=Oop [192]=Oop }
                      ;*synchronization entry
                      ; - java.lang.invoke.Invokers::checkCustomized@-1 (line 623)
                      ; - java.lang.invoke.Invokers$Holder::invokeExact_MT@14
                      ; - jdk.internal.reflect.DirectMethodHandleAccessor::invokeImpl@104 (line 157)
                      ; - jdk.internal.reflect.DirectMethodHandleAccessor::invoke@23 (line 103)
  0x00007f209d030548: e006 e940

  0x00007f209d03054c: ;   {metadata({method} {0x00007f203b096bb8} 'isCompileConstant' '(Ljava/lang/Object;)Z' in 'java/lang/invoke/MethodHandleImpl')}
  0x00007f209d03054c: e2ff ff49 | bab8 6b09 | 3b20 7f00 | 004c 8954 | 2408 48c7 | 0424 ffff

  0x00007f209d030564: ;   {runtime_call counter_overflow Runtime1 stub}
  0x00007f209d030564: ffff e815

  0x00007f209d030568: ; ImmutableOopMap {rsi=Oop rdx=Oop rdi=Oop [168]=Oop [176]=Oop [184]=Oop [192]=Oop }
                      ;*synchronization entry
                      ; - java.lang.invoke.MethodHandleImpl::isCompileConstant@-1 (line 618)
                      ; - java.lang.invoke.Invokers::checkCustomized@1 (line 623)
                      ; - java.lang.invoke.Invokers$Holder::invokeExact_MT@14
                      ; - jdk.internal.reflect.DirectMethodHandleAccessor::invokeImpl@104 (line 157)
                      ; - jdk.internal.reflect.DirectMethodHandleAccessor::invoke@23 (line 103)
  0x00007f209d030568: 40e0 06e9 | 57e2 ffff

  0x00007f209d030570: ;   {runtime_call throw_null_pointer_exception Runtime1 stub}
  0x00007f209d030570: e8ab b8df

  0x00007f209d030574: ; ImmutableOopMap {rsi=Oop rdx=Oop rdi=Oop [168]=Oop [176]=Oop [184]=Oop [192]=Oop }
                      ;*getfield customized {reexecute=1 rethrow=0 return_oop=0}
                      ; - (reexecute) java.lang.invoke.Invokers::checkCustomized@12 (line 626)
                      ; - java.lang.invoke.Invokers$Holder::invokeExact_MT@14
                      ; - jdk.internal.reflect.DirectMethodHandleAccessor::invokeImpl@104 (line 157)
                      ; - jdk.internal.reflect.DirectMethodHandleAccessor::invoke@23 (line 103)
                      ;   {internal_word}
  0x00007f209d030574: 0649 ba22 | ea02 9d20 | 7f00 004d | 8997 6004

  0x00007f209d030584: ;   {runtime_call SafepointBlob}
  0x00007f209d030584: 0000 e975

  0x00007f209d030588: ;   {runtime_call throw_null_pointer_exception Runtime1 stub}
  0x00007f209d030588: 6ed3 06e8

  0x00007f209d03058c: ; ImmutableOopMap {rsi=Oop rdx=Oop rcx=Oop rbx=Oop [168]=Oop [176]=Oop [184]=Oop }
                      ;*aaload {reexecute=0 rethrow=0 return_oop=0}
                      ; - jdk.internal.reflect.DirectMethodHandleAccessor::invokeImpl@85 (line 156)
                      ; - jdk.internal.reflect.DirectMethodHandleAccessor::invoke@23 (line 103)
  0x00007f209d03058c: 90b8 df06

  0x00007f209d030590: ;   {runtime_call throw_null_pointer_exception Runtime1 stub}
  0x00007f209d030590: e88b b8df

  0x00007f209d030594: ; ImmutableOopMap {rsi=Oop rdx=Oop rcx=Oop rbx=Oop [168]=Oop [176]=Oop [184]=Oop }
                      ;*aaload {reexecute=0 rethrow=0 return_oop=0}
                      ; - jdk.internal.reflect.DirectMethodHandleAccessor::invokeImpl@85 (line 156)
                      ; - jdk.internal.reflect.DirectMethodHandleAccessor::invoke@23 (line 103)
  0x00007f209d030594: 0648 c704 | 2400 0000 | 0048 894c

  0x00007f209d0305a0: ;   {runtime_call throw_range_check_failed Runtime1 stub}
  0x00007f209d0305a0: 2408 e8f9

  0x00007f209d0305a4: ; ImmutableOopMap {rsi=Oop rdx=Oop rcx=Oop rbx=Oop [168]=Oop [176]=Oop [184]=Oop }
                      ;*aaload {reexecute=0 rethrow=0 return_oop=0}
                      ; - jdk.internal.reflect.DirectMethodHandleAccessor::invokeImpl@85 (line 156)
                      ; - jdk.internal.reflect.DirectMethodHandleAccessor::invoke@23 (line 103)
  0x00007f209d0305a4: a9df 0648 | c704 2401 | 0000 0048 | 894c 2408

  0x00007f209d0305b4: ;   {runtime_call throw_range_check_failed Runtime1 stub}
  0x00007f209d0305b4: e8e7 a9df

  0x00007f209d0305b8: ; ImmutableOopMap {rsi=Oop rdx=Oop rcx=Oop rbx=Oop r8=Oop [168]=Oop [176]=Oop [184]=Oop }
                      ;*aaload {reexecute=0 rethrow=0 return_oop=0}
                      ; - jdk.internal.reflect.DirectMethodHandleAccessor::invokeImpl@88 (line 156)
                      ; - jdk.internal.reflect.DirectMethodHandleAccessor::invoke@23 (line 103)
  0x00007f209d0305b8: 0648 c704 | 2402 0000 | 0048 894c

  0x00007f209d0305c4: ;   {runtime_call throw_range_check_failed Runtime1 stub}
  0x00007f209d0305c4: 2408 e8d5

  0x00007f209d0305c8: ; ImmutableOopMap {rsi=Oop rdx=Oop rcx=Oop rbx=Oop r8=Oop r9=Oop [168]=Oop [176]=Oop [184]=Oop }
                      ;*aaload {reexecute=0 rethrow=0 return_oop=0}
                      ; - jdk.internal.reflect.DirectMethodHandleAccessor::invokeImpl@91 (line 156)
                      ; - jdk.internal.reflect.DirectMethodHandleAccessor::invoke@23 (line 103)
  0x00007f209d0305c8: a9df 0648 | b8d0 84ca | 1207 0000 | 00b8 000f

  0x00007f209d0305d8: ;   {runtime_call load_appendix_patching Runtime1 stub}
  0x00007f209d0305d8: 050a e8a1

  0x00007f209d0305dc: ; ImmutableOopMap {rsi=Oop rdx=Oop rbx=Oop r8=Oop r9=Oop rdi=Oop [168]=Oop [184]=Oop }
                      ;*invokevirtual invokeExact {reexecute=1 rethrow=0 return_oop=0}
                      ; - (reexecute) jdk.internal.reflect.DirectMethodHandleAccessor::invokeImpl@92 (line 156)
                      ; - jdk.internal.reflect.DirectMethodHandleAccessor::invoke@23 (line 103)
  0x00007f209d0305dc: 39e0 06e9 | 9ce4 ffff

  0x00007f209d0305e4: ;   {runtime_call throw_null_pointer_exception Runtime1 stub}
  0x00007f209d0305e4: e837 b8df

  0x00007f209d0305e8: ; ImmutableOopMap {rsi=Oop rdx=Oop rbx=Oop r8=Oop r9=Oop rdi=Oop rax=Oop [168]=Oop [184]=Oop }
                      ;*invokevirtual invokeExact {reexecute=0 rethrow=0 return_oop=0}
                      ; - jdk.internal.reflect.DirectMethodHandleAccessor::invokeImpl@92 (line 156)
                      ; - jdk.internal.reflect.DirectMethodHandleAccessor::invoke@23 (line 103)
                      ;   {internal_word}
  0x00007f209d0305e8: 0649 ba8c | ec02 9d20 | 7f00 004d | 8997 6004

  0x00007f209d0305f8: ;   {runtime_call SafepointBlob}
  0x00007f209d0305f8: 0000 e901

  0x00007f209d0305fc: ;   {runtime_call throw_null_pointer_exception Runtime1 stub}
  0x00007f209d0305fc: 6ed3 06e8

  0x00007f209d030600: ; ImmutableOopMap {rsi=Oop rcx=Oop rdx=Oop rdi=Oop [168]=Oop [176]=Oop [184]=Oop [208]=Oop }
                      ;*aaload {reexecute=0 rethrow=0 return_oop=0}
                      ; - jdk.internal.reflect.DirectMethodHandleAccessor::invokeImpl@68 (line 155)
                      ; - jdk.internal.reflect.DirectMethodHandleAccessor::invoke@23 (line 103)
  0x00007f209d030600: 1cb8 df06

  0x00007f209d030604: ;   {runtime_call throw_null_pointer_exception Runtime1 stub}
  0x00007f209d030604: e817 b8df

  0x00007f209d030608: ; ImmutableOopMap {rsi=Oop rcx=Oop rdx=Oop rdi=Oop [168]=Oop [176]=Oop [184]=Oop [208]=Oop }
                      ;*aaload {reexecute=0 rethrow=0 return_oop=0}
                      ; - jdk.internal.reflect.DirectMethodHandleAccessor::invokeImpl@68 (line 155)
                      ; - jdk.internal.reflect.DirectMethodHandleAccessor::invoke@23 (line 103)
  0x00007f209d030608: 0648 c704 | 2400 0000 | 0048 894c

  0x00007f209d030614: ;   {runtime_call throw_range_check_failed Runtime1 stub}
  0x00007f209d030614: 2408 e885

  0x00007f209d030618: ; ImmutableOopMap {rsi=Oop rcx=Oop rdx=Oop rdi=Oop [168]=Oop [176]=Oop [184]=Oop [208]=Oop }
                      ;*aaload {reexecute=0 rethrow=0 return_oop=0}
                      ; - jdk.internal.reflect.DirectMethodHandleAccessor::invokeImpl@68 (line 155)
                      ; - jdk.internal.reflect.DirectMethodHandleAccessor::invoke@23 (line 103)
  0x00007f209d030618: a9df 0648 | c704 2401 | 0000 0048 | 894c 2408

  0x00007f209d030628: ;   {runtime_call throw_range_check_failed Runtime1 stub}
  0x00007f209d030628: e873 a9df

  0x00007f209d03062c: ; ImmutableOopMap {rsi=Oop rcx=Oop rdx=Oop rdi=Oop rbx=Oop [168]=Oop [176]=Oop [184]=Oop [200]=Oop [208]=Oop }
                      ;*aaload {reexecute=0 rethrow=0 return_oop=0}
                      ; - jdk.internal.reflect.DirectMethodHandleAccessor::invokeImpl@71 (line 155)
                      ; - jdk.internal.reflect.DirectMethodHandleAccessor::invoke@23 (line 103)
                      ;   {metadata({method} {0x00007f20374052b0} 'invokeExact_MT' '(Ljava/lang/Object;Ljava/lang/Object;Ljava/lang/Object;Ljava/lang/Object;Ljava/lang/Object;)Ljava/lang/Object;' in 'java/lang/invoke/LambdaForm$MH+0x00007f203c003000')}
  0x00007f209d03062c: 0649 bab0 | 5240 3720 | 7f00 004c | 8954 2408 | 48c7 0424 | ffff ffff

  0x00007f209d030644: ;   {runtime_call counter_overflow Runtime1 stub}
  0x00007f209d030644: e837 3fe0

  0x00007f209d030648: ; ImmutableOopMap {rsi=Oop rdx=Oop rdi=Oop rbx=Oop rax=Oop [168]=Oop [184]=Oop [200]=Oop [208]=Oop [216]=Oop }
                      ;*synchronization entry
                      ; - java.lang.invoke.LambdaForm$MH/0x00007f203c003000::invokeExact_MT@-1
                      ; - jdk.internal.reflect.DirectMethodHandleAccessor::invokeImpl@72 (line 155)
                      ; - jdk.internal.reflect.DirectMethodHandleAccessor::invoke@23 (line 103)
  0x00007f209d030648: 06e9 13e8

  0x00007f209d03064c: ;   {metadata({method} {0x00007f203b3d9b08} 'checkExactType' '(Ljava/lang/invoke/MethodHandle;Ljava/lang/invoke/MethodType;)V' in 'java/lang/invoke/Invokers')}
  0x00007f209d03064c: ffff 49ba | 089b 3d3b | 207f 0000 | 4c89 5424 | 0848 c704 | 24ff ffff

  0x00007f209d030664: ;   {runtime_call counter_overflow Runtime1 stub}
  0x00007f209d030664: ffe8 163f

  0x00007f209d030668: ; ImmutableOopMap {rsi=Oop rdx=Oop rdi=Oop rbx=Oop rax=Oop r8=Oop [168]=Oop [184]=Oop [200]=Oop [208]=Oop [216]=Oop }
                      ;*synchronization entry
                      ; - java.lang.invoke.Invokers::checkExactType@-1 (line 529)
                      ; - java.lang.invoke.LambdaForm$MH/0x00007f203c003000::invokeExact_MT@11
                      ; - jdk.internal.reflect.DirectMethodHandleAccessor::invokeImpl@72 (line 155)
                      ; - jdk.internal.reflect.DirectMethodHandleAccessor::invoke@23 (line 103)
  0x00007f209d030668: e006 e9bb

  0x00007f209d03066c: ;   {runtime_call throw_null_pointer_exception Runtime1 stub}
  0x00007f209d03066c: e8ff ffe8

  0x00007f209d030670: ; ImmutableOopMap {rsi=Oop rdx=Oop rdi=Oop rbx=Oop rax=Oop r8=Oop [168]=Oop [184]=Oop [200]=Oop [208]=Oop [216]=Oop }
                      ;*invokevirtual type {reexecute=0 rethrow=0 return_oop=0}
                      ; - java.lang.invoke.Invokers::checkExactType@1 (line 529)
                      ; - java.lang.invoke.LambdaForm$MH/0x00007f203c003000::invokeExact_MT@11
                      ; - jdk.internal.reflect.DirectMethodHandleAccessor::invokeImpl@72 (line 155)
                      ; - jdk.internal.reflect.DirectMethodHandleAccessor::invoke@23 (line 103)
  0x00007f209d030670: acb7 df06

  0x00007f209d030674: ;   {metadata({method} {0x00007f203b3d9a00} 'checkCustomized' '(Ljava/lang/invoke/MethodHandle;)V' in 'java/lang/invoke/Invokers')}
  0x00007f209d030674: 49ba 009a | 3d3b 207f | 0000 4c89 | 5424 0848 | c704 24ff

  0x00007f209d030688: ;   {runtime_call counter_overflow Runtime1 stub}
  0x00007f209d030688: ffff ffe8

  0x00007f209d03068c: ; ImmutableOopMap {rsi=Oop rdx=Oop rdi=Oop rbx=Oop rax=Oop [168]=Oop [184]=Oop [200]=Oop [208]=Oop [216]=Oop }
                      ;*synchronization entry
                      ; - java.lang.invoke.Invokers::checkCustomized@-1 (line 623)
                      ; - java.lang.invoke.LambdaForm$MH/0x00007f203c003000::invokeExact_MT@15
                      ; - jdk.internal.reflect.DirectMethodHandleAccessor::invokeImpl@72 (line 155)
                      ; - jdk.internal.reflect.DirectMethodHandleAccessor::invoke@23 (line 103)
  0x00007f209d03068c: f03e e006 | e9fc e9ff

  0x00007f209d030694: ;   {metadata({method} {0x00007f203b096bb8} 'isCompileConstant' '(Ljava/lang/Object;)Z' in 'java/lang/invoke/MethodHandleImpl')}
  0x00007f209d030694: ff49 bab8 | 6b09 3b20 | 7f00 004c | 8954 2408 | 48c7 0424 | ffff ffff

  0x00007f209d0306ac: ;   {runtime_call counter_overflow Runtime1 stub}
  0x00007f209d0306ac: e8cf 3ee0

  0x00007f209d0306b0: ; ImmutableOopMap {rsi=Oop rdx=Oop rdi=Oop rbx=Oop rax=Oop [168]=Oop [184]=Oop [200]=Oop [208]=Oop [216]=Oop }
                      ;*synchronization entry
                      ; - java.lang.invoke.MethodHandleImpl::isCompileConstant@-1 (line 618)
                      ; - java.lang.invoke.Invokers::checkCustomized@1 (line 623)
                      ; - java.lang.invoke.LambdaForm$MH/0x00007f203c003000::invokeExact_MT@15
                      ; - jdk.internal.reflect.DirectMethodHandleAccessor::invokeImpl@72 (line 155)
                      ; - jdk.internal.reflect.DirectMethodHandleAccessor::invoke@23 (line 103)
  0x00007f209d0306b0: 06e9 19ea

  0x00007f209d0306b4: ;   {runtime_call throw_null_pointer_exception Runtime1 stub}
  0x00007f209d0306b4: ffff e865

  0x00007f209d0306b8: ; ImmutableOopMap {rsi=Oop rdx=Oop rdi=Oop rbx=Oop rax=Oop [168]=Oop [184]=Oop [200]=Oop [208]=Oop [216]=Oop }
                      ;*getfield customized {reexecute=1 rethrow=0 return_oop=0}
                      ; - (reexecute) java.lang.invoke.Invokers::checkCustomized@12 (line 626)
                      ; - java.lang.invoke.LambdaForm$MH/0x00007f203c003000::invokeExact_MT@15
                      ; - jdk.internal.reflect.DirectMethodHandleAccessor::invokeImpl@72 (line 155)
                      ; - jdk.internal.reflect.DirectMethodHandleAccessor::invoke@23 (line 103)
                      ;   {internal_word}
  0x00007f209d0306b8: b7df 0649 | ba4c f302 | 9d20 7f00 | 004d 8997 | 6004 0000

  0x00007f209d0306cc: ;   {runtime_call SafepointBlob}
  0x00007f209d0306cc: e92f 6dd3

  0x00007f209d0306d0: ;   {runtime_call throw_null_pointer_exception Runtime1 stub}
  0x00007f209d0306d0: 06e8 4ab7

  0x00007f209d0306d4: ; ImmutableOopMap {rsi=Oop rcx=Oop rdx=Oop rdi=Oop [168]=Oop [176]=Oop [184]=Oop [232]=Oop }
                      ;*aaload {reexecute=0 rethrow=0 return_oop=0}
                      ; - jdk.internal.reflect.DirectMethodHandleAccessor::invokeImpl@54 (line 154)
                      ; - jdk.internal.reflect.DirectMethodHandleAccessor::invoke@23 (line 103)
                      ;   {runtime_call throw_null_pointer_exception Runtime1 stub}
  0x00007f209d0306d4: df06 e845

  0x00007f209d0306d8: ; ImmutableOopMap {rsi=Oop rcx=Oop rdx=Oop rdi=Oop [168]=Oop [176]=Oop [184]=Oop [232]=Oop }
                      ;*aaload {reexecute=0 rethrow=0 return_oop=0}
                      ; - jdk.internal.reflect.DirectMethodHandleAccessor::invokeImpl@54 (line 154)
                      ; - jdk.internal.reflect.DirectMethodHandleAccessor::invoke@23 (line 103)
  0x00007f209d0306d8: b7df 0648 | c704 2400 | 0000 0048 | 894c 2408

  0x00007f209d0306e8: ;   {runtime_call throw_range_check_failed Runtime1 stub}
  0x00007f209d0306e8: e8b3 a8df

  0x00007f209d0306ec: ; ImmutableOopMap {rsi=Oop rcx=Oop rdx=Oop rdi=Oop [168]=Oop [176]=Oop [184]=Oop [232]=Oop }
                      ;*aaload {reexecute=0 rethrow=0 return_oop=0}
                      ; - jdk.internal.reflect.DirectMethodHandleAccessor::invokeImpl@54 (line 154)
                      ; - jdk.internal.reflect.DirectMethodHandleAccessor::invoke@23 (line 103)
                      ;   {metadata({method} {0x00007f203b0b0b00} 'invokeExact_MT' '(Ljava/lang/Object;Ljava/lang/Object;Ljava/lang/Object;Ljava/lang/Object;)Ljava/lang/Object;' in 'java/lang/invoke/Invokers$Holder')}
  0x00007f209d0306ec: 0649 ba00 | 0b0b 3b20 | 7f00 004c | 8954 2408 | 48c7 0424 | ffff ffff

  0x00007f209d030704: ;   {runtime_call counter_overflow Runtime1 stub}
  0x00007f209d030704: e877 3ee0

  0x00007f209d030708: ; ImmutableOopMap {rsi=Oop rdx=Oop rdi=Oop rbx=Oop [168]=Oop [184]=Oop [224]=Oop [232]=Oop }
                      ;*synchronization entry
                      ; - java.lang.invoke.Invokers$Holder::invokeExact_MT@-1
                      ; - jdk.internal.reflect.DirectMethodHandleAccessor::invokeImpl@55 (line 154)
                      ; - jdk.internal.reflect.DirectMethodHandleAccessor::invoke@23 (line 103)
  0x00007f209d030708: 06e9 efed

  0x00007f209d03070c: ;   {metadata({method} {0x00007f203b3d9b08} 'checkExactType' '(Ljava/lang/invoke/MethodHandle;Ljava/lang/invoke/MethodType;)V' in 'java/lang/invoke/Invokers')}
  0x00007f209d03070c: ffff 49ba | 089b 3d3b | 207f 0000 | 4c89 5424 | 0848 c704 | 24ff ffff

  0x00007f209d030724: ;   {runtime_call counter_overflow Runtime1 stub}
  0x00007f209d030724: ffe8 563e

  0x00007f209d030728: ; ImmutableOopMap {rsi=Oop rdx=Oop rdi=Oop rbx=Oop rcx=Oop [168]=Oop [184]=Oop [224]=Oop [232]=Oop }
                      ;*synchronization entry
                      ; - java.lang.invoke.Invokers::checkExactType@-1 (line 529)
                      ; - java.lang.invoke.Invokers$Holder::invokeExact_MT@10
                      ; - jdk.internal.reflect.DirectMethodHandleAccessor::invokeImpl@55 (line 154)
                      ; - jdk.internal.reflect.DirectMethodHandleAccessor::invoke@23 (line 103)
  0x00007f209d030728: e006 e995

  0x00007f209d03072c: ;   {runtime_call throw_null_pointer_exception Runtime1 stub}
  0x00007f209d03072c: eeff ffe8

  0x00007f209d030730: ; ImmutableOopMap {rsi=Oop rdx=Oop rdi=Oop rbx=Oop rcx=Oop [168]=Oop [184]=Oop [224]=Oop [232]=Oop }
                      ;*invokevirtual type {reexecute=0 rethrow=0 return_oop=0}
                      ; - java.lang.invoke.Invokers::checkExactType@1 (line 529)
                      ; - java.lang.invoke.Invokers$Holder::invokeExact_MT@10
                      ; - jdk.internal.reflect.DirectMethodHandleAccessor::invokeImpl@55 (line 154)
                      ; - jdk.internal.reflect.DirectMethodHandleAccessor::invoke@23 (line 103)
  0x00007f209d030730: ecb6 df06

  0x00007f209d030734: ;   {metadata({method} {0x00007f203b3d9a00} 'checkCustomized' '(Ljava/lang/invoke/MethodHandle;)V' in 'java/lang/invoke/Invokers')}
  0x00007f209d030734: 49ba 009a | 3d3b 207f | 0000 4c89 | 5424 0848 | c704 24ff

  0x00007f209d030748: ;   {runtime_call counter_overflow Runtime1 stub}
  0x00007f209d030748: ffff ffe8

  0x00007f209d03074c: ; ImmutableOopMap {rsi=Oop rdx=Oop rdi=Oop rbx=Oop [168]=Oop [184]=Oop [224]=Oop [232]=Oop }
                      ;*synchronization entry
                      ; - java.lang.invoke.Invokers::checkCustomized@-1 (line 623)
                      ; - java.lang.invoke.Invokers$Holder::invokeExact_MT@14
                      ; - jdk.internal.reflect.DirectMethodHandleAccessor::invokeImpl@55 (line 154)
                      ; - jdk.internal.reflect.DirectMethodHandleAccessor::invoke@23 (line 103)
  0x00007f209d03074c: 303e e006 | e9cf efff

  0x00007f209d030754: ;   {metadata({method} {0x00007f203b096bb8} 'isCompileConstant' '(Ljava/lang/Object;)Z' in 'java/lang/invoke/MethodHandleImpl')}
  0x00007f209d030754: ff49 bab8 | 6b09 3b20 | 7f00 004c | 8954 2408 | 48c7 0424 | ffff ffff

  0x00007f209d03076c: ;   {runtime_call counter_overflow Runtime1 stub}
  0x00007f209d03076c: e80f 3ee0

  0x00007f209d030770: ; ImmutableOopMap {rsi=Oop rdx=Oop rdi=Oop rbx=Oop [168]=Oop [184]=Oop [224]=Oop [232]=Oop }
                      ;*synchronization entry
                      ; - java.lang.invoke.MethodHandleImpl::isCompileConstant@-1 (line 618)
                      ; - java.lang.invoke.Invokers::checkCustomized@1 (line 623)
                      ; - java.lang.invoke.Invokers$Holder::invokeExact_MT@14
                      ; - jdk.internal.reflect.DirectMethodHandleAccessor::invokeImpl@55 (line 154)
                      ; - jdk.internal.reflect.DirectMethodHandleAccessor::invoke@23 (line 103)
  0x00007f209d030770: 06e9 e7ef

  0x00007f209d030774: ;   {runtime_call throw_null_pointer_exception Runtime1 stub}
  0x00007f209d030774: ffff e8a5

  0x00007f209d030778: ; ImmutableOopMap {rsi=Oop rdx=Oop rdi=Oop rbx=Oop [168]=Oop [184]=Oop [224]=Oop [232]=Oop }
                      ;*getfield customized {reexecute=1 rethrow=0 return_oop=0}
                      ; - (reexecute) java.lang.invoke.Invokers::checkCustomized@12 (line 626)
                      ; - java.lang.invoke.Invokers$Holder::invokeExact_MT@14
                      ; - jdk.internal.reflect.DirectMethodHandleAccessor::invokeImpl@55 (line 154)
                      ; - jdk.internal.reflect.DirectMethodHandleAccessor::invoke@23 (line 103)
                      ;   {internal_word}
  0x00007f209d030778: b6df 0649 | bac4 f902 | 9d20 7f00 | 004d 8997 | 6004 0000

  0x00007f209d03078c: ;   {runtime_call SafepointBlob}
  0x00007f209d03078c: e96f 6cd3

  0x00007f209d030790: ;   {metadata({method} {0x00007f203b0b0bb0} 'invokeExact_MT' '(Ljava/lang/Object;Ljava/lang/Object;Ljava/lang/Object;)Ljava/lang/Object;' in 'java/lang/invoke/Invokers$Holder')}
  0x00007f209d030790: 0649 bab0 | 0b0b 3b20 | 7f00 004c | 8954 2408 | 48c7 0424 | ffff ffff

  0x00007f209d0307a8: ;   {runtime_call counter_overflow Runtime1 stub}
  0x00007f209d0307a8: e8d3 3de0

  0x00007f209d0307ac: ; ImmutableOopMap {rsi=Oop rdx=Oop rdi=Oop [168]=Oop [184]=Oop [240]=Oop }
                      ;*synchronization entry
                      ; - java.lang.invoke.Invokers$Holder::invokeExact_MT@-1
                      ; - jdk.internal.reflect.DirectMethodHandleAccessor::invokeImpl@41 (line 153)
                      ; - jdk.internal.reflect.DirectMethodHandleAccessor::invoke@23 (line 103)
  0x00007f209d0307ac: 06e9 faf2

  0x00007f209d0307b0: ;   {metadata({method} {0x00007f203b3d9b08} 'checkExactType' '(Ljava/lang/invoke/MethodHandle;Ljava/lang/invoke/MethodType;)V' in 'java/lang/invoke/Invokers')}
  0x00007f209d0307b0: ffff 49ba | 089b 3d3b | 207f 0000 | 4c89 5424 | 0848 c704 | 24ff ffff

  0x00007f209d0307c8: ;   {runtime_call counter_overflow Runtime1 stub}
  0x00007f209d0307c8: ffe8 b23d

  0x00007f209d0307cc: ; ImmutableOopMap {rsi=Oop rdx=Oop rdi=Oop rax=Oop [168]=Oop [184]=Oop [240]=Oop }
                      ;*synchronization entry
                      ; - java.lang.invoke.Invokers::checkExactType@-1 (line 529)
                      ; - java.lang.invoke.Invokers$Holder::invokeExact_MT@10
                      ; - jdk.internal.reflect.DirectMethodHandleAccessor::invokeImpl@41 (line 153)
                      ; - jdk.internal.reflect.DirectMethodHandleAccessor::invoke@23 (line 103)
  0x00007f209d0307cc: e006 e94f

  0x00007f209d0307d0: ;   {runtime_call throw_null_pointer_exception Runtime1 stub}
  0x00007f209d0307d0: f3ff ffe8

  0x00007f209d0307d4: ; ImmutableOopMap {rsi=Oop rdx=Oop rdi=Oop rax=Oop [168]=Oop [184]=Oop [240]=Oop }
                      ;*invokevirtual type {reexecute=0 rethrow=0 return_oop=0}
                      ; - java.lang.invoke.Invokers::checkExactType@1 (line 529)
                      ; - java.lang.invoke.Invokers$Holder::invokeExact_MT@10
                      ; - jdk.internal.reflect.DirectMethodHandleAccessor::invokeImpl@41 (line 153)
                      ; - jdk.internal.reflect.DirectMethodHandleAccessor::invoke@23 (line 103)
  0x00007f209d0307d4: 48b6 df06

  0x00007f209d0307d8: ;   {metadata({method} {0x00007f203b3d9a00} 'checkCustomized' '(Ljava/lang/invoke/MethodHandle;)V' in 'java/lang/invoke/Invokers')}
  0x00007f209d0307d8: 49ba 009a | 3d3b 207f | 0000 4c89 | 5424 0848 | c704 24ff

  0x00007f209d0307ec: ;   {runtime_call counter_overflow Runtime1 stub}
  0x00007f209d0307ec: ffff ffe8

  0x00007f209d0307f0: ; ImmutableOopMap {rsi=Oop rdx=Oop rdi=Oop [168]=Oop [184]=Oop [240]=Oop }
                      ;*synchronization entry
                      ; - java.lang.invoke.Invokers::checkCustomized@-1 (line 623)
                      ; - java.lang.invoke.Invokers$Holder::invokeExact_MT@14
                      ; - jdk.internal.reflect.DirectMethodHandleAccessor::invokeImpl@41 (line 153)
                      ; - jdk.internal.reflect.DirectMethodHandleAccessor::invoke@23 (line 103)
  0x00007f209d0307f0: 8c3d e006 | e92d f4ff

  0x00007f209d0307f8: ;   {metadata({method} {0x00007f203b096bb8} 'isCompileConstant' '(Ljava/lang/Object;)Z' in 'java/lang/invoke/MethodHandleImpl')}
  0x00007f209d0307f8: ff49 bab8 | 6b09 3b20 | 7f00 004c | 8954 2408 | 48c7 0424 | ffff ffff

  0x00007f209d030810: ;   {runtime_call counter_overflow Runtime1 stub}
  0x00007f209d030810: e86b 3de0

  0x00007f209d030814: ; ImmutableOopMap {rsi=Oop rdx=Oop rdi=Oop [168]=Oop [184]=Oop [240]=Oop }
                      ;*synchronization entry
                      ; - java.lang.invoke.MethodHandleImpl::isCompileConstant@-1 (line 618)
                      ; - java.lang.invoke.Invokers::checkCustomized@1 (line 623)
                      ; - java.lang.invoke.Invokers$Holder::invokeExact_MT@14
                      ; - jdk.internal.reflect.DirectMethodHandleAccessor::invokeImpl@41 (line 153)
                      ; - jdk.internal.reflect.DirectMethodHandleAccessor::invoke@23 (line 103)
  0x00007f209d030814: 06e9 44f4

  0x00007f209d030818: ;   {runtime_call throw_null_pointer_exception Runtime1 stub}
  0x00007f209d030818: ffff e801

  0x00007f209d03081c: ; ImmutableOopMap {rsi=Oop rdx=Oop rdi=Oop [168]=Oop [184]=Oop [240]=Oop }
                      ;*getfield customized {reexecute=1 rethrow=0 return_oop=0}
                      ; - (reexecute) java.lang.invoke.Invokers::checkCustomized@12 (line 626)
                      ; - java.lang.invoke.Invokers$Holder::invokeExact_MT@14
                      ; - jdk.internal.reflect.DirectMethodHandleAccessor::invokeImpl@41 (line 153)
                      ; - jdk.internal.reflect.DirectMethodHandleAccessor::invoke@23 (line 103)
                      ;   {internal_word}
  0x00007f209d03081c: b6df 0649 | baab fd02 | 9d20 7f00 | 004d 8997 | 6004 0000

  0x00007f209d030830: ;   {runtime_call SafepointBlob}
  0x00007f209d030830: e9cb 6bd3

  0x00007f209d030834: ;   {runtime_call throw_null_pointer_exception Runtime1 stub}
  0x00007f209d030834: 06e8 e6b5

  0x00007f209d030838: ; ImmutableOopMap {rax=Oop [168]=Oop [184]=Oop [240]=Oop }
                      ;*athrow {reexecute=1 rethrow=0 return_oop=0}
                      ; - (reexecute) java.lang.invoke.Invokers::checkExactType@15 (line 531)
                      ; - java.lang.invoke.Invokers$Holder::invokeExact_MT@10
                      ; - jdk.internal.reflect.DirectMethodHandleAccessor::invokeImpl@41 (line 153)
                      ; - jdk.internal.reflect.DirectMethodHandleAccessor::invoke@23 (line 103)
                      ;   {runtime_call throw_null_pointer_exception Runtime1 stub}
  0x00007f209d030838: df06 e8e1

  0x00007f209d03083c: ; ImmutableOopMap {rax=Oop [168]=Oop [184]=Oop [224]=Oop [232]=Oop }
                      ;*athrow {reexecute=1 rethrow=0 return_oop=0}
                      ; - (reexecute) java.lang.invoke.Invokers::checkExactType@15 (line 531)
                      ; - java.lang.invoke.Invokers$Holder::invokeExact_MT@10
                      ; - jdk.internal.reflect.DirectMethodHandleAccessor::invokeImpl@55 (line 154)
                      ; - jdk.internal.reflect.DirectMethodHandleAccessor::invoke@23 (line 103)
                      ;   {runtime_call throw_null_pointer_exception Runtime1 stub}
  0x00007f209d03083c: b5df 06e8

  0x00007f209d030840: ; ImmutableOopMap {rax=Oop [168]=Oop [184]=Oop [200]=Oop [208]=Oop [216]=Oop }
                      ;*athrow {reexecute=1 rethrow=0 return_oop=0}
                      ; - (reexecute) java.lang.invoke.Invokers::checkExactType@15 (line 531)
                      ; - java.lang.invoke.LambdaForm$MH/0x00007f203c003000::invokeExact_MT@11
                      ; - jdk.internal.reflect.DirectMethodHandleAccessor::invokeImpl@72 (line 155)
                      ; - jdk.internal.reflect.DirectMethodHandleAccessor::invoke@23 (line 103)
  0x00007f209d030840: dcb5 df06

  0x00007f209d030844: ;   {runtime_call throw_null_pointer_exception Runtime1 stub}
  0x00007f209d030844: e8d7 b5df

  0x00007f209d030848: ; ImmutableOopMap {rax=Oop [168]=Oop [176]=Oop [184]=Oop [192]=Oop }
                      ;*athrow {reexecute=1 rethrow=0 return_oop=0}
                      ; - (reexecute) java.lang.invoke.Invokers::checkExactType@15 (line 531)
                      ; - java.lang.invoke.Invokers$Holder::invokeExact_MT@10
                      ; - jdk.internal.reflect.DirectMethodHandleAccessor::invokeImpl@104 (line 157)
                      ; - jdk.internal.reflect.DirectMethodHandleAccessor::invoke@23 (line 103)
                      ;   {metadata({method} {0x00007f203b3c5070} 'isIllegalArgument' '(Ljava/lang/RuntimeException;)Z' in 'jdk/internal/reflect/DirectMethodHandleAccessor')}
  0x00007f209d030848: 0649 ba70 | 503c 3b20 | 7f00 004c | 8954 2408 | 48c7 0424 | ffff ffff

  0x00007f209d030860: ;   {runtime_call counter_overflow Runtime1 stub}
  0x00007f209d030860: e81b 3de0

  0x00007f209d030864: ; ImmutableOopMap {rax=Oop }
                      ;*synchronization entry
                      ; - jdk.internal.reflect.DirectMethodHandleAccessor::isIllegalArgument@-1 (line 191)
                      ; - jdk.internal.reflect.DirectMethodHandleAccessor::invoke@58 (line 112)
  0x00007f209d030864: 06e9 b1f6

  0x00007f209d030868: ;   {metadata({method} {0x00007f203b3c5070} 'isIllegalArgument' '(Ljava/lang/RuntimeException;)Z' in 'jdk/internal/reflect/DirectMethodHandleAccessor')}
  0x00007f209d030868: ffff 49ba | 7050 3c3b | 207f 0000 | 4c89 5424 | 0848 c704 | 24ff ffff

  0x00007f209d030880: ;   {runtime_call counter_overflow Runtime1 stub}
  0x00007f209d030880: ffe8 fa3c

  0x00007f209d030884: ; ImmutableOopMap {rax=Oop }
                      ;*synchronization entry
                      ; - jdk.internal.reflect.DirectMethodHandleAccessor::isIllegalArgument@-1 (line 191)
                      ; - jdk.internal.reflect.DirectMethodHandleAccessor::invoke@30 (line 105)
  0x00007f209d030884: e006 e94b

  0x00007f209d030888: ;   {metadata(nullptr)}
  0x00007f209d030888: f7ff ff48 | ba00 0000 | 0000 0000 | 00b8 000f

  0x00007f209d030898: ;   {runtime_call load_klass_patching Runtime1 stub}
  0x00007f209d030898: 050a e8e1

  0x00007f209d03089c: ; ImmutableOopMap {}
                      ;*new {reexecute=1 rethrow=0 return_oop=0}
                      ; - (reexecute) jdk.internal.reflect.DirectMethodHandleAccessor::invoke@36 (line 107)
  0x00007f209d03089c: 1ee0 06e9 | 8cf7 ffff

  0x00007f209d0308a4: ;   {runtime_call fast_new_instance Runtime1 stub}
  0x00007f209d0308a4: 488b d2e8

  0x00007f209d0308a8: ; ImmutableOopMap {}
                      ;*new {reexecute=0 rethrow=0 return_oop=0}
                      ; - jdk.internal.reflect.DirectMethodHandleAccessor::invoke@36 (line 107)
  0x00007f209d0308a8: d4c4 df06 | e9d7 f7ff

  0x00007f209d0308b0: ;   {metadata('java/lang/reflect/InvocationTargetException')}
  0x00007f209d0308b0: ff48 ba68 | fa06 3c20 | 7f00 00b8 | 000f 050a

  0x00007f209d0308c0: ;   {runtime_call load_klass_patching Runtime1 stub}
  0x00007f209d0308c0: e8bb 1ee0

  0x00007f209d0308c4: ; ImmutableOopMap {rbx=Oop }
                      ;*new {reexecute=1 rethrow=0 return_oop=0}
                      ; - (reexecute) jdk.internal.reflect.DirectMethodHandleAccessor::invoke@46 (line 109)
  0x00007f209d0308c4: 06e9 16f8

  0x00007f209d0308c8: ;   {runtime_call throw_null_pointer_exception Runtime1 stub}
  0x00007f209d0308c8: ffff e851

  0x00007f209d0308cc: ; ImmutableOopMap {rbx=Oop }
                      ;*new {reexecute=0 rethrow=0 return_oop=0}
                      ; - jdk.internal.reflect.DirectMethodHandleAccessor::invoke@46 (line 109)
  0x00007f209d0308cc: b5df 0648

  0x00007f209d0308d0: ;   {runtime_call fast_new_instance_init_check Runtime1 stub}
  0x00007f209d0308d0: 8bd2 e8a9

  0x00007f209d0308d4: ; ImmutableOopMap {rbx=Oop }
                      ;*new {reexecute=0 rethrow=0 return_oop=0}
                      ; - jdk.internal.reflect.DirectMethodHandleAccessor::invoke@46 (line 109)
  0x00007f209d0308d4: cddf 06e9 | 69f8 ffff

  0x00007f209d0308dc: ;   {metadata(nullptr)}
  0x00007f209d0308dc: 48ba 0000 | 0000 0000 | 0000 b800

  0x00007f209d0308e8: ;   {runtime_call load_klass_patching Runtime1 stub}
  0x00007f209d0308e8: 0f05 0ae8

  0x00007f209d0308ec: ; ImmutableOopMap {[248]=Oop }
                      ;*new {reexecute=1 rethrow=0 return_oop=0}
                      ; - (reexecute) jdk.internal.reflect.DirectMethodHandleAccessor::invoke@64 (line 113)
  0x00007f209d0308ec: 901e e006 | e99b f8ff | ff48 8bd2

  0x00007f209d0308f8: ;   {runtime_call fast_new_instance Runtime1 stub}
  0x00007f209d0308f8: e883 c4df

  0x00007f209d0308fc: ; ImmutableOopMap {[248]=Oop }
                      ;*new {reexecute=0 rethrow=0 return_oop=0}
                      ; - jdk.internal.reflect.DirectMethodHandleAccessor::invoke@64 (line 113)
  0x00007f209d0308fc: 06e9 e6f8

  0x00007f209d030900: ;   {metadata(nullptr)}
  0x00007f209d030900: ffff 48ba | 0000 0000 | 0000 0000 | b800 0f05

  0x00007f209d030910: ;   {runtime_call load_klass_patching Runtime1 stub}
  0x00007f209d030910: 0ae8 6a1e

  0x00007f209d030914: ; ImmutableOopMap {rbx=Oop }
                      ;*new {reexecute=1 rethrow=0 return_oop=0}
                      ; - (reexecute) jdk.internal.reflect.DirectMethodHandleAccessor::invoke@73 (line 115)
  0x00007f209d030914: e006 e925

  0x00007f209d030918: ;   {runtime_call throw_null_pointer_exception Runtime1 stub}
  0x00007f209d030918: f9ff ffe8

  0x00007f209d03091c: ; ImmutableOopMap {rbx=Oop }
                      ;*new {reexecute=0 rethrow=0 return_oop=0}
                      ; - jdk.internal.reflect.DirectMethodHandleAccessor::invoke@73 (line 115)
  0x00007f209d03091c: 00b5 df06

  0x00007f209d030920: ;   {runtime_call fast_new_instance_init_check Runtime1 stub}
  0x00007f209d030920: 488b d2e8

  0x00007f209d030924: ; ImmutableOopMap {rbx=Oop }
                      ;*new {reexecute=0 rethrow=0 return_oop=0}
                      ; - jdk.internal.reflect.DirectMethodHandleAccessor::invoke@73 (line 115)
  0x00007f209d030924: 58cd df06 | e978 f9ff

  0x00007f209d03092c: ;   {metadata(nullptr)}
  0x00007f209d03092c: ff48 ba00 | 0000 0000 | 0000 00b8 | 000f 050a

  0x00007f209d03093c: ;   {runtime_call load_klass_patching Runtime1 stub}
  0x00007f209d03093c: e83f 1ee0

  0x00007f209d030940: ; ImmutableOopMap {[168]=Oop [176]=Oop [184]=Oop }
                      ;*new {reexecute=1 rethrow=0 return_oop=0}
                      ; - (reexecute) jdk.internal.reflect.DirectMethodHandleAccessor::checkReceiver@14 (line 197)
                      ; - jdk.internal.reflect.DirectMethodHandleAccessor::invoke@9 (line 99)
  0x00007f209d030940: 06e9 aaf9 | ffff 488b

  0x00007f209d030948: ;   {runtime_call fast_new_instance Runtime1 stub}
  0x00007f209d030948: d2e8 32c4

  0x00007f209d03094c: ; ImmutableOopMap {[168]=Oop [176]=Oop [184]=Oop }
                      ;*new {reexecute=0 rethrow=0 return_oop=0}
                      ; - jdk.internal.reflect.DirectMethodHandleAccessor::checkReceiver@14 (line 197)
                      ; - jdk.internal.reflect.DirectMethodHandleAccessor::invoke@9 (line 99)
  0x00007f209d03094c: df06 e9f5

  0x00007f209d030950: ;   {metadata('java/lang/reflect/InvocationTargetException')}
  0x00007f209d030950: f9ff ff48 | ba68 fa06 | 3c20 7f00 | 00b8 000f

  0x00007f209d030960: ;   {runtime_call load_klass_patching Runtime1 stub}
  0x00007f209d030960: 050a e819

  0x00007f209d030964: ; ImmutableOopMap {rbx=Oop }
                      ;*new {reexecute=1 rethrow=0 return_oop=0}
                      ; - (reexecute) jdk.internal.reflect.DirectMethodHandleAccessor::invoke@83 (line 118)
  0x00007f209d030964: 1ee0 06e9 | 44fa ffff

  0x00007f209d03096c: ;   {runtime_call throw_null_pointer_exception Runtime1 stub}
  0x00007f209d03096c: e8af b4df

  0x00007f209d030970: ; ImmutableOopMap {rbx=Oop }
                      ;*new {reexecute=0 rethrow=0 return_oop=0}
                      ; - jdk.internal.reflect.DirectMethodHandleAccessor::invoke@83 (line 118)
  0x00007f209d030970: 0648 8bd2

  0x00007f209d030974: ;   {runtime_call fast_new_instance_init_check Runtime1 stub}
  0x00007f209d030974: e807 cddf

  0x00007f209d030978: ; ImmutableOopMap {rbx=Oop }
                      ;*new {reexecute=0 rethrow=0 return_oop=0}
                      ; - jdk.internal.reflect.DirectMethodHandleAccessor::invoke@83 (line 118)
  0x00007f209d030978: 06e9 97fa | ffff 498b | 87f8 0400 | 0049 c787 | f804 0000 | 0000 0000 | 49c7 8700 | 0500 0000
  0x00007f209d030998: 0000 0048 | 81c4 4001

  0x00007f209d0309a0: ;   {runtime_call unwind_exception Runtime1 stub}
  0x00007f209d0309a0: 0000 5de9 | d89f df06
[Stub Code]
  0x00007f209d0309a8: ;   {no_reloc}
  0x00007f209d0309a8: 0f1f 4400

  0x00007f209d0309ac: ;   {static_stub}
  0x00007f209d0309ac: 0048 bbb0 | 0a89 3720

  0x00007f209d0309b4: ;   {runtime_call I2C/C2I adapters}
  0x00007f209d0309b4: 7f00 00e9 | db6f d306

  0x00007f209d0309bc: ;   {static_stub}
  0x00007f209d0309bc: 9048 bb00 | 0000 0000

  0x00007f209d0309c4: ;   {runtime_call nmethod}
  0x00007f209d0309c4: 0000 00e9 | fbff ffff

  0x00007f209d0309cc: ;   {static_stub}
  0x00007f209d0309cc: 9048 bb30 | 1610 3820

  0x00007f209d0309d4: ;   {runtime_call I2C/C2I adapters}
  0x00007f209d0309d4: 7f00 00e9 | 2b4e d306

  0x00007f209d0309dc: ;   {static_stub}
  0x00007f209d0309dc: 9048 bbf0 | fc20 3720

  0x00007f209d0309e4: ;   {runtime_call I2C/C2I adapters}
  0x00007f209d0309e4: 7f00 00e9 | 1b4e d306

  0x00007f209d0309ec: ;   {static_stub}
  0x00007f209d0309ec: 9048 bb00 | 0000 0000

  0x00007f209d0309f4: ;   {runtime_call nmethod}
  0x00007f209d0309f4: 0000 00e9 | fbff ffff

  0x00007f209d0309fc: ;   {static_stub}
  0x00007f209d0309fc: 9048 bbf0 | fc20 3720

  0x00007f209d030a04: ;   {runtime_call I2C/C2I adapters}
  0x00007f209d030a04: 7f00 00e9 | fb4d d306

  0x00007f209d030a0c: ;   {static_stub}
  0x00007f209d030a0c: 48bb 0000 | 0000 0000

  0x00007f209d030a14: ;   {runtime_call nmethod}
  0x00007f209d030a14: 0000 e9fb

  0x00007f209d030a18: ;   {static_stub}
  0x00007f209d030a18: ffff ff48 | bb00 0000 | 0000 0000

  0x00007f209d030a24: ;   {runtime_call nmethod}
  0x00007f209d030a24: 00e9 fbff

  0x00007f209d030a28: ;   {static_stub}
  0x00007f209d030a28: ffff 48bb | 0000 0000 | 0000 0000

  0x00007f209d030a34: ;   {runtime_call nmethod}
  0x00007f209d030a34: e9fb ffff

  0x00007f209d030a38: ;   {static_stub}
  0x00007f209d030a38: ff48 bb00 | 0000 0000

  0x00007f209d030a40: ;   {runtime_call nmethod}
  0x00007f209d030a40: 0000 00e9 | fbff ffff

  0x00007f209d030a48: ;   {static_stub}
  0x00007f209d030a48: 48bb 0000 | 0000 0000

  0x00007f209d030a50: ;   {runtime_call nmethod}
  0x00007f209d030a50: 0000 e9fb

  0x00007f209d030a54: ;   {static_stub}
  0x00007f209d030a54: ffff ff48 | bb00 0000 | 0000 0000

  0x00007f209d030a60: ;   {runtime_call nmethod}
  0x00007f209d030a60: 00e9 fbff

  0x00007f209d030a64: ;   {static_stub}
  0x00007f209d030a64: ffff 48bb | 0000 0000 | 0000 0000

  0x00007f209d030a70: ;   {runtime_call nmethod}
  0x00007f209d030a70: e9fb ffff

  0x00007f209d030a74: ;   {static_stub}
  0x00007f209d030a74: ff48 bb00 | 0000 0000

  0x00007f209d030a7c: ;   {runtime_call nmethod}
  0x00007f209d030a7c: 0000 00e9 | fbff ffff

  0x00007f209d030a84: ;   {static_stub}
  0x00007f209d030a84: 48bb 0000 | 0000 0000

  0x00007f209d030a8c: ;   {runtime_call nmethod}
  0x00007f209d030a8c: 0000 e9fb

  0x00007f209d030a90: ;   {runtime_call handle_exception_from_callee Runtime1 stub}
  0x00007f209d030a90: ffff ffe8 | e8e5 df06

  0x00007f209d030a98: ;   {external_word}
  0x00007f209d030a98: 48bf 390f | 15bb 207f | 0000 4883

  0x00007f209d030aa4: ;   {runtime_call MacroAssembler::debug64(char*, long, long*)}
  0x00007f209d030aa4: e4f0 e895 | 95ba 1df4
[Deopt Handler Code]
  0x00007f209d030aac: ;   {section_word}
  0x00007f209d030aac: 49ba ac0a | 039d 207f | 0000 4152

  0x00007f209d030ab8: ;   {runtime_call DeoptimizationBlob}
  0x00007f209d030ab8: e9e3 7dd3

  0x00007f209d030abc: ;   {section_word}
  0x00007f209d030abc: 0649 babd | 0a03 9d20 | 7f00 0041

  0x00007f209d030ac8: ;   {runtime_call DeoptimizationBlob}
  0x00007f209d030ac8: 52e9 d27d | d306 f4f4
[/MachCode]


Compiled method (c1) 8155 5273   !   3       org.junit.platform.commons.util.ReflectionUtils::invokeMethod (128 bytes)
 total in heap  [0x00007f209d369710,0x00007f209d36b148] = 6712
 relocation     [0x00007f209d369868,0x00007f209d369a28] = 448
 main code      [0x00007f209d369a40,0x00007f209d36a920] = 3808
 stub code      [0x00007f209d36a920,0x00007f209d36aa28] = 264
 oops           [0x00007f209d36aa28,0x00007f209d36aa38] = 16
 metadata       [0x00007f209d36aa38,0x00007f209d36aa80] = 72
 scopes data    [0x00007f209d36aa80,0x00007f209d36ad10] = 656
 scopes pcs     [0x00007f209d36ad10,0x00007f209d36afc0] = 688
 dependencies   [0x00007f209d36afc0,0x00007f209d36afc8] = 8
 handler table  [0x00007f209d36afc8,0x00007f209d36b100] = 312
 nul chk table  [0x00007f209d36b100,0x00007f209d36b148] = 72

[Constant Pool (empty)]

[MachCode]
[Verified Entry Point]
  # {method} {0x00007f2037699110} 'invokeMethod' '(Ljava/lang/reflect/Method;Ljava/lang/Object;[Ljava/lang/Object;)Ljava/lang/Object;' in 'org/junit/platform/commons/util/ReflectionUtils'
  # parm0:    rsi:rsi   = 'java/lang/reflect/Method'
  # parm1:    rdx:rdx   = 'java/lang/Object'
  # parm2:    rcx:rcx   = '[Ljava/lang/Object;'
  #           [sp+0xf0]  (sp of caller)
  0x00007f209d369a40: 8984 2400 | c0fe ff55 | 4881 ece0 | 0000 0090 | 4181 7f20 | 0100 0000

  0x00007f209d369a58: ;   {runtime_call StubRoutines (final stubs)}
  0x00007f209d369a58: 7405 e8c1 | d79d 0648 | 89b4 2490 | 0000 0048 | 8994 2498

  0x00007f209d369a6c: ;   {metadata(method data for {method} {0x00007f2037699110} 'invokeMethod' '(Ljava/lang/reflect/Method;Ljava/lang/Object;[Ljava/lang/Object;)Ljava/lang/Object;' in 'org/junit/platform/commons/util/ReflectionUtils')}
  0x00007f209d369a6c: 0000 0048 | bff8 8f74 | 3720 7f00 | 008b 9ff4 | 0000 0083 | c302 899f | f400 0000 | 81e3 fe07
  0x00007f209d369a8c: 0000 85db | 0f84 120c | 0000 4889 | 8c24 a000

  0x00007f209d369a9c: ;   {metadata(method data for {method} {0x00007f2037699110} 'invokeMethod' '(Ljava/lang/reflect/Method;Ljava/lang/Object;[Ljava/lang/Object;)Ljava/lang/Object;' in 'org/junit/platform/commons/util/ReflectionUtils')}
  0x00007f209d369a9c: 0000 48bf | f88f 7437 | 207f 0000 | 4883 8738 | 0100 0001 | 0f1f 8000

  0x00007f209d369ab4: ;   {static_call}
  0x00007f209d369ab4: 0000 00e8

  0x00007f209d369ab8: ; ImmutableOopMap {[144]=Oop [152]=Oop [160]=Oop }
                      ;*invokestatic $jacocoInit {reexecute=0 rethrow=0 return_oop=0}
                      ; - org.junit.platform.commons.util.ReflectionUtils::invokeMethod@0
  0x00007f209d369ab8: 444e 1f07

  0x00007f209d369abc: ;   {other}
  0x00007f209d369abc: 0f1f 8400 | ac03 0000 | 4889 8424 | a800 0000

  0x00007f209d369acc: ;   {metadata(method data for {method} {0x00007f2037699110} 'invokeMethod' '(Ljava/lang/reflect/Method;Ljava/lang/Object;[Ljava/lang/Object;)Ljava/lang/Object;' in 'org/junit/platform/commons/util/ReflectionUtils')}
  0x00007f209d369acc: 48be f88f | 7437 207f | 0000 4883 | 8648 0100 | 0001 488b | b424 9000

  0x00007f209d369ae4: ;   {oop("Method must not be null"{0x000000070d607a80})}
  0x00007f209d369ae4: 0000 48ba | 807a 600d | 0700 0000 | 0f1f 8000

  0x00007f209d369af4: ;   {static_call}
  0x00007f209d369af4: 0000 00e8

  0x00007f209d369af8: ; ImmutableOopMap {[144]=Oop [152]=Oop [160]=Oop [168]=Oop }
                      ;*invokestatic notNull {reexecute=0 rethrow=0 return_oop=0}
                      ; - org.junit.platform.commons.util.ReflectionUtils::invokeMethod@9 (line 723)
  0x00007f209d369af8: 242a 2007

  0x00007f209d369afc: ;   {other}
  0x00007f209d369afc: 0f1f 8400 | ec03 0001 | 488b 8424 | a800 0000

  0x00007f209d369b0c: ; implicit exception: dispatches to 0x00007f209d36a6c9
  0x00007f209d369b0c: 8178 0c9d | 0000 000f | 86ba 0b00 | 00c6 80ad | 0000 0001 | 488b 9424 | 9800 0000

  0x00007f209d369b28: ;   {metadata(method data for {method} {0x00007f2037699110} 'invokeMethod' '(Ljava/lang/reflect/Method;Ljava/lang/Object;[Ljava/lang/Object;)Ljava/lang/Object;' in 'org/junit/platform/commons/util/ReflectionUtils')}
  0x00007f209d369b28: 4885 d248 | bef8 8f74 | 3720 7f00 | 0048 c7c7 | 5801 0000 | 7407 48c7 | c768 0100 | 0048 8b1c
  0x00007f209d369b48: 3e48 8d5b | 0148 891c | 3e0f 8429 | 0000 0081 | 780c 9e00 | 0000 0f86 | 810b 0000 | c680 ae00
  0x00007f209d369b68: ;   {metadata(method data for {method} {0x00007f2037699110} 'invokeMethod' '(Ljava/lang/reflect/Method;Ljava/lang/Object;[Ljava/lang/Object;)Ljava/lang/Object;' in 'org/junit/platform/commons/util/ReflectionUtils')}
  0x00007f209d369b68: 0000 0148 | bef8 8f74 | 3720 7f00 | 00ff 8678 | 0100 00e9 | 7600 0000

  0x00007f209d369b80: ;   {metadata(method data for {method} {0x00007f2037699110} 'invokeMethod' '(Ljava/lang/reflect/Method;Ljava/lang/Object;[Ljava/lang/Object;)Ljava/lang/Object;' in 'org/junit/platform/commons/util/ReflectionUtils')}
  0x00007f209d369b80: 48be f88f | 7437 207f | 0000 4883 | 8690 0100 | 0001 488b | b424 9000 | 0000 0f1f

  0x00007f209d369b9c: ;   {static_call}
  0x00007f209d369b9c: 4400 00e8

  0x00007f209d369ba0: ; ImmutableOopMap {[144]=Oop [152]=Oop [160]=Oop [168]=Oop }
                      ;*invokestatic isStatic {reexecute=0 rethrow=0 return_oop=0}
                      ; - org.junit.platform.commons.util.ReflectionUtils::invokeMethod@35 (line 724)
  0x00007f209d369ba0: 7c69 3f07

  0x00007f209d369ba4: ;   {other}
  0x00007f209d369ba4: 0f1f 8400 | 9404 0002

  0x00007f209d369bac: ;   {metadata(method data for {method} {0x00007f2037699110} 'invokeMethod' '(Ljava/lang/reflect/Method;Ljava/lang/Object;[Ljava/lang/Object;)Ljava/lang/Object;' in 'org/junit/platform/commons/util/ReflectionUtils')}
  0x00007f209d369bac: 85c0 48ba | f88f 7437 | 207f 0000 | 48c7 c6a0 | 0100 0074 | 0748 c7c6 | b001 0000 | 488b 3c32
  0x00007f209d369bcc: 488d 7f01 | 4889 3c32 | 488b 8424 | a800 0000 | 0f84 4200 | 0000 8178 | 0c9f 0000 | 000f 8608
  0x00007f209d369bec: 0b00 00c6 | 80af 0000 | 0001 8178 | 0ca0 0000 | 000f 8606 | 0b00 00c6 | 80b0 0000

  0x00007f209d369c08: ;   {metadata(method data for {method} {0x00007f2037699110} 'invokeMethod' '(Ljava/lang/reflect/Method;Ljava/lang/Object;[Ljava/lang/Object;)Ljava/lang/Object;' in 'org/junit/platform/commons/util/ReflectionUtils')}
  0x00007f209d369c08: 0001 48ba | f88f 7437 | 207f 0000 | ff82 c001 | 0000 bf01 | 0000 00e9 | 1900 0000 | 8178 0ca1
  0x00007f209d369c28: 0000 000f | 86ea 0a00 | 00c6 80b1 | 0000 0001 | bf00 0000 | 0089 bc24 | b800 0000 | 488b b424
  0x00007f209d369c48: 9000 0000

  0x00007f209d369c4c: ;   {metadata(method data for {method} {0x00007f2037699110} 'invokeMethod' '(Ljava/lang/reflect/Method;Ljava/lang/Object;[Ljava/lang/Object;)Ljava/lang/Object;' in 'org/junit/platform/commons/util/ReflectionUtils')}
  0x00007f209d369c4c: 48ba f88f | 7437 207f | 0000 488d | 92e8 0100 | 0048 85f6 | 750c f642 | 0801 7506 | f048 834a
  0x00007f209d369c6c: ;   {metadata(method data for {method} {0x00007f203b0b03c8} 'linkToTargetMethod' '(Ljava/lang/Object;Ljava/lang/Object;)Ljava/lang/Object;' in 'java/lang/invoke/Invokers$Holder')}
  0x00007f209d369c6c: 0801 48ba | c8b1 2637 | 207f 0000 | 488d 9228

  0x00007f209d369c7c: ;   {oop(a 'java/lang/invoke/DirectMethodHandle$Constructor'{0x000000070d620ca8})}
  0x00007f209d369c7c: 0200 0048 | bba8 0c62 | 0d07 0000 | 0048 85db | 750c f642 | 1001 7506 | f048 834a

  0x00007f209d369c98: ;   {metadata(method data for {method} {0x00007f2037699110} 'invokeMethod' '(Ljava/lang/reflect/Method;Ljava/lang/Object;[Ljava/lang/Object;)Ljava/lang/Object;' in 'org/junit/platform/commons/util/ReflectionUtils')}
  0x00007f209d369c98: 1001 48ba | f88f 7437 | 207f 0000 | 4883 82d8 | 0100 0001

  0x00007f209d369cac: ;   {metadata(method data for {method} {0x00007f203b0b03c8} 'linkToTargetMethod' '(Ljava/lang/Object;Ljava/lang/Object;)Ljava/lang/Object;' in 'java/lang/invoke/Invokers$Holder')}
  0x00007f209d369cac: 48ba c8b1 | 2637 207f | 0000 8b8a | f400 0000 | 83c1 0289 | 8af4 0000 | 0081 e1fe | ff1f 0085
  0x00007f209d369ccc: c90f 845a

  0x00007f209d369cd0: ;   {metadata(method data for {method} {0x00007f203b0b65d8} 'newInvokeSpecial' '(Ljava/lang/Object;Ljava/lang/Object;)Ljava/lang/Object;' in 'java/lang/invoke/DirectMethodHandle$Holder')}
  0x00007f209d369cd0: 0a00 0048 | ba90 6328 | 3720 7f00 | 0048 8d92 | 6802 0000 | 4885 db75 | 0af6 0201 | 7505 f048
  0x00007f209d369cf0: ;   {metadata(method data for {method} {0x00007f203b0b03c8} 'linkToTargetMethod' '(Ljava/lang/Object;Ljava/lang/Object;)Ljava/lang/Object;' in 'java/lang/invoke/Invokers$Holder')}
  0x00007f209d369cf0: 830a 0148 | bac8 b126 | 3720 7f00 | 0048 8382 | 7001 0000

  0x00007f209d369d04: ;   {metadata(method data for {method} {0x00007f203b0b65d8} 'newInvokeSpecial' '(Ljava/lang/Object;Ljava/lang/Object;)Ljava/lang/Object;' in 'java/lang/invoke/DirectMethodHandle$Holder')}
  0x00007f209d369d04: 0148 ba90 | 6328 3720 | 7f00 008b | 8af4 0000 | 0083 c102 | 898a f400 | 0000 81e1 | feff 1f00
  0x00007f209d369d24: 85c9 0f84 | 220a 0000

  0x00007f209d369d2c: ;   {metadata(method data for {method} {0x00007f203b0b65d8} 'newInvokeSpecial' '(Ljava/lang/Object;Ljava/lang/Object;)Ljava/lang/Object;' in 'java/lang/invoke/DirectMethodHandle$Holder')}
  0x00007f209d369d2c: 48ba 9063 | 2837 207f | 0000 488d | 9248 0100 | 0048 85db | 750c f642 | 0801 7506 | f048 834a
  0x00007f209d369d4c: ;   {metadata(method data for {method} {0x00007f203b0b65d8} 'newInvokeSpecial' '(Ljava/lang/Object;Ljava/lang/Object;)Ljava/lang/Object;' in 'java/lang/invoke/DirectMethodHandle$Holder')}
  0x00007f209d369d4c: 0801 48ba | 9063 2837 | 207f 0000 | 4883 8238 | 0100 0001

  0x00007f209d369d60: ;   {metadata(method data for {method} {0x00007f203b0a2f58} 'allocateInstance' '(Ljava/lang/Object;)Ljava/lang/Object;' in 'java/lang/invoke/DirectMethodHandle')}
  0x00007f209d369d60: 48ba 302a | 2637 207f | 0000 8b8a | f400 0000 | 83c1 0289 | 8af4 0000 | 0081 e1fe | ff1f 0085
  0x00007f209d369d80: c90f 84e8

  0x00007f209d369d84: ;   {oop(a 'jdk/internal/misc/Unsafe'{0x000000070d001158})}
  0x00007f209d369d84: 0900 0048 | b958 1100 | 0d07 0000 | 0048 8bd1

  0x00007f209d369d94: ;   {metadata(method data for {method} {0x00007f203b0a2f58} 'allocateInstance' '(Ljava/lang/Object;)Ljava/lang/Object;' in 'java/lang/invoke/DirectMethodHandle')}
  0x00007f209d369d94: 49b8 302a | 2637 207f | 0000 4983 | 8070 0100

  0x00007f209d369da4: ;   {oop(a 'java/lang/Class'{0x000000070d5c3e70} = 'org/junit/platform/commons/util/ReflectionUtils$$Lambda+0x00007f203c137b00')}
  0x00007f209d369da4: 0001 48ba | 703e 5c0d | 0700 0000 | 488b f148 | 899c 24b0 | 0000 000f

  0x00007f209d369dbc: ;   {optimized virtual_call}
  0x00007f209d369dbc: 1f40 00e8

  0x00007f209d369dc0: ; ImmutableOopMap {[144]=Oop [152]=Oop [160]=Oop [168]=Oop [176]=Oop }
                      ;*invokevirtual allocateInstance {reexecute=0 rethrow=0 return_oop=0}
                      ; - java.lang.invoke.DirectMethodHandle::allocateInstance@12 (line 501)
                      ; - java.lang.invoke.DirectMethodHandle$Holder::newInvokeSpecial@1
                      ; - java.lang.invoke.Invokers$Holder::linkToTargetMethod@5
                      ; - org.junit.platform.commons.util.ReflectionUtils::invokeMethod@68 (line 724)
  0x00007f209d369dc0: fcef 1907

  0x00007f209d369dc4: ;   {other}
  0x00007f209d369dc4: 0f1f 8400 | b406 0003

  0x00007f209d369dcc: ;   {metadata(method data for {method} {0x00007f203b0b65d8} 'newInvokeSpecial' '(Ljava/lang/Object;Ljava/lang/Object;)Ljava/lang/Object;' in 'java/lang/invoke/DirectMethodHandle$Holder')}
  0x00007f209d369dcc: 48be 9063 | 2837 207f | 0000 488d | b658 0100 | 0048 85c0 | 750a f606 | 0175 05f0 | 4883 0e01
  0x00007f209d369dec: ;   {metadata(method data for {method} {0x00007f203b0b65d8} 'newInvokeSpecial' '(Ljava/lang/Object;Ljava/lang/Object;)Ljava/lang/Object;' in 'java/lang/invoke/DirectMethodHandle$Holder')}
  0x00007f209d369dec: 48be 9063 | 2837 207f | 0000 488d | b678 0100 | 0048 8b9c | 24b0 0000 | 0048 85db | 750c f646
  0x00007f209d369e0c: 0801 7506 | f048 834e

  0x00007f209d369e14: ;   {metadata(method data for {method} {0x00007f203b0b65d8} 'newInvokeSpecial' '(Ljava/lang/Object;Ljava/lang/Object;)Ljava/lang/Object;' in 'java/lang/invoke/DirectMethodHandle$Holder')}
  0x00007f209d369e14: 0801 48be | 9063 2837 | 207f 0000 | 4883 8668 | 0100 0001

  0x00007f209d369e28: ;   {metadata(method data for {method} {0x00007f203b0a3a00} 'constructorMethod' '(Ljava/lang/Object;)Ljava/lang/Object;' in 'java/lang/invoke/DirectMethodHandle')}
  0x00007f209d369e28: 48be 5834 | 2637 207f | 0000 8b96 | f400 0000 | 83c2 0289 | 96f4 0000 | 0081 e2fe | ff1f 0085
  0x00007f209d369e48: d20f 8441

  0x00007f209d369e4c: ;   {metadata(method data for {method} {0x00007f203b0b65d8} 'newInvokeSpecial' '(Ljava/lang/Object;Ljava/lang/Object;)Ljava/lang/Object;' in 'java/lang/invoke/DirectMethodHandle$Holder')}
  0x00007f209d369e4c: 0900 0048 | be90 6328 | 3720 7f00 | 0048 8db6 | 8801 0000

  0x00007f209d369e60: ;   {oop(a 'java/lang/invoke/MemberName'{0x000000070d620d20} = {method} {0x00007f2037915d38} '<init>' '(Ljava/lang/reflect/Method;)V' in 'org/junit/platform/commons/util/ReflectionUtils$$Lambda+0x00007f203c137b00')}
  0x00007f209d369e60: 48ba 200d | 620d 0700 | 0000 4885 | d275 0af6 | 0601 7505 | f048 830e | 0148 3b00

  0x00007f209d369e7c: ;   {metadata(method data for {method} {0x00007f203b0b65d8} 'newInvokeSpecial' '(Ljava/lang/Object;Ljava/lang/Object;)Ljava/lang/Object;' in 'java/lang/invoke/DirectMethodHandle$Holder')}
  0x00007f209d369e7c: 488b f048 | ba90 6328 | 3720 7f00 | 0048 8382 | d001 0000

  0x00007f209d369e90: ;   {metadata(method data for {method} {0x00007f2037915d38} '<init>' '(Ljava/lang/reflect/Method;)V' in 'org/junit/platform/commons/util/ReflectionUtils$$Lambda+0x00007f203c137b00')}
  0x00007f209d369e90: 0148 be58 | 2307 3820 | 7f00 008b | 96f4 0000 | 0083 c202 | 8996 f400 | 0000 81e2 | feff 1f00
  0x00007f209d369eb0: 85d2 0f84 | fe08 0000

  0x00007f209d369eb8: ;   {metadata(method data for {method} {0x00007f2037915d38} '<init>' '(Ljava/lang/reflect/Method;)V' in 'org/junit/platform/commons/util/ReflectionUtils$$Lambda+0x00007f203c137b00')}
  0x00007f209d369eb8: 488b f048 | ba58 2307 | 3820 7f00 | 0048 8382 | 3801 0000

  0x00007f209d369ecc: ;   {metadata(method data for {method} {0x00007f203b470b68} '<init>' '()V' in 'java/lang/Object')}
  0x00007f209d369ecc: 0148 be90 | 7000 3720 | 7f00 008b | 96f4 0000 | 0083 c202 | 8996 f400 | 0000 81e2 | feff 1f00
  0x00007f209d369eec: 85d2 0f84 | e308 0000 | 410f be77 | 4085 f60f | 85f7 0800 | 0048 8bb4 | 2490 0000 | 004c 8bd6
  0x00007f209d369f0c: 49c1 ea03 | 4489 500c | 488b d048 | 33d6 48c1 | ea15 4883 | fa00 0f85 | ef08 0000

  0x00007f209d369f28: ;   {metadata(method data for {method} {0x00007f203b0b03c8} 'linkToTargetMethod' '(Ljava/lang/Object;Ljava/lang/Object;)Ljava/lang/Object;' in 'java/lang/invoke/Invokers$Holder')}
  0x00007f209d369f28: 48ba c8b1 | 2637 207f | 0000 488d | 92b8 0100 | 0048 85c0 | 750a f602 | 0175 05f0 | 4883 0a01
  0x00007f209d369f48: ;   {metadata(method data for {method} {0x00007f2037699110} 'invokeMethod' '(Ljava/lang/reflect/Method;Ljava/lang/Object;[Ljava/lang/Object;)Ljava/lang/Object;' in 'org/junit/platform/commons/util/ReflectionUtils')}
  0x00007f209d369f48: 48ba f88f | 7437 207f | 0000 488d | 92f8 0100 | 0048 85c0 | 750c f602 | 0175 30f0 | 4883 0a01
  0x00007f209d369f68: eb29 8b78 | 0849 ba00 | 0000 3b20 | 7f00 0049 | 03fa 4c8b | d748 333a | 48f7 c7fc | ffff ff74
  0x00007f209d369f88: 0a40 f6c7 | 0275 0448

  0x00007f209d369f90: ;   {metadata(method data for {method} {0x00007f2037699110} 'invokeMethod' '(Ljava/lang/reflect/Method;Ljava/lang/Object;[Ljava/lang/Object;)Ljava/lang/Object;' in 'org/junit/platform/commons/util/ReflectionUtils')}
  0x00007f209d369f90: 830a 0248 | baf8 8f74 | 3720 7f00 | 0048 8382 | 0802 0000 | 018b b424 | b800 0000

  0x00007f209d369fac: ;   {static_call}
  0x00007f209d369fac: 488b d0e8

  0x00007f209d369fb0: ; ImmutableOopMap {[144]=Oop [152]=Oop [160]=Oop [168]=Oop }
                      ;*invokestatic condition {reexecute=0 rethrow=0 return_oop=0}
                      ; - org.junit.platform.commons.util.ReflectionUtils::invokeMethod@73 (line 724)
  0x00007f209d369fb0: 6c26 4707

  0x00007f209d369fb4: ;   {other}
  0x00007f209d369fb4: 0f1f 8400 | a408 0004 | 488b 8424 | a800 0000 | 488b b424 | 9000 0000 | 8178 0ca2 | 0000 000f
  0x00007f209d369fd4: 8656 0800 | 00c6 80b2 | 0000 0001

  0x00007f209d369fe0: ;   {metadata(method data for {method} {0x00007f2037699110} 'invokeMethod' '(Ljava/lang/reflect/Method;Ljava/lang/Object;[Ljava/lang/Object;)Ljava/lang/Object;' in 'org/junit/platform/commons/util/ReflectionUtils')}
  0x00007f209d369fe0: 48bf f88f | 7437 207f | 0000 4883 | 8718 0200 | 0001 0f1f

  0x00007f209d369ff4: ;   {static_call}
  0x00007f209d369ff4: 4400 00e8

  0x00007f209d369ff8: ; ImmutableOopMap {[152]=Oop [160]=Oop [168]=Oop }
                      ;*invokestatic makeAccessible {reexecute=0 rethrow=0 return_oop=0}
                      ; - org.junit.platform.commons.util.ReflectionUtils::invokeMethod@84 (line 728)
  0x00007f209d369ff8: 6402 f1ff

  0x00007f209d369ffc: ;   {other}
  0x00007f209d369ffc: 0f1f 8400 | ec08 0005 | 4885 c075

  0x00007f209d36a008: ;   {metadata(method data for {method} {0x00007f2037699110} 'invokeMethod' '(Ljava/lang/reflect/Method;Ljava/lang/Object;[Ljava/lang/Object;)Ljava/lang/Object;' in 'org/junit/platform/commons/util/ReflectionUtils')}
  0x00007f209d36a008: 1648 bbf8 | 8f74 3720 | 7f00 0080 | 8b21 0200 | 0001 e9cc

  0x00007f209d36a01c: ;   {metadata('java/lang/reflect/Method')}
  0x00007f209d36a01c: 0000 0048 | bf78 1104 | 3b20 7f00 | 008b 7008 | 49ba 0000 | 003b 207f | 0000 4903 | f248 3bfe
  0x00007f209d36a03c: 0f85 8d00

  0x00007f209d36a040: ;   {metadata(method data for {method} {0x00007f2037699110} 'invokeMethod' '(Ljava/lang/reflect/Method;Ljava/lang/Object;[Ljava/lang/Object;)Ljava/lang/Object;' in 'org/junit/platform/commons/util/ReflectionUtils')}
  0x00007f209d36a040: 0000 48bb | f88f 7437 | 207f 0000 | 8b78 0849 | ba00 0000 | 3b20 7f00 | 0049 03fa | 483b bb38
  0x00007f209d36a060: 0200 0075 | 0d48 8383 | 4002 0000 | 01e9 7900 | 0000 483b | bb48 0200 | 0075 0d48 | 8383 5002
  0x00007f209d36a080: 0000 01e9 | 6300 0000 | 4883 bb38 | 0200 0000 | 7517 4889 | bb38 0200 | 0048 c783 | 4002 0000
  0x00007f209d36a0a0: 0100 0000 | e942 0000 | 0048 83bb | 4802 0000 | 0075 1748 | 89bb 4802 | 0000 48c7 | 8350 0200
  0x00007f209d36a0c0: 0001 0000 | 00e9 2100 | 0000 e91c

  0x00007f209d36a0cc: ;   {metadata(method data for {method} {0x00007f2037699110} 'invokeMethod' '(Ljava/lang/reflect/Method;Ljava/lang/Object;[Ljava/lang/Object;)Ljava/lang/Object;' in 'org/junit/platform/commons/util/ReflectionUtils')}
  0x00007f209d36a0cc: 0000 0048 | bbf8 8f74 | 3720 7f00 | 0048 83ab | 2802 0000 | 01e9 5b07 | 0000 e900 | 0000 0048
  0x00007f209d36a0ec: 8bf8 4889 | bc24 c000 | 0000 483b | 0748 8bf7

  0x00007f209d36a0fc: ;   {metadata(method data for {method} {0x00007f2037699110} 'invokeMethod' '(Ljava/lang/reflect/Method;Ljava/lang/Object;[Ljava/lang/Object;)Ljava/lang/Object;' in 'org/junit/platform/commons/util/ReflectionUtils')}
  0x00007f209d36a0fc: 48bb f88f | 7437 207f | 0000 4883 | 8360 0200

  0x00007f209d36a10c: ;   {metadata(method data for {method} {0x00007f203b0448a0} 'invoke' '(Ljava/lang/Object;[Ljava/lang/Object;)Ljava/lang/Object;' in 'java/lang/reflect/Method')}
  0x00007f209d36a10c: 0001 48be | 58f8 2737 | 207f 0000 | 8b9e f400 | 0000 83c3 | 0289 9ef4 | 0000 0081 | e3fe ff1f
  0x00007f209d36a12c: 0085 db0f | 841a 0700 | 0048 8bf7

  0x00007f209d36a138: ;   {metadata(method data for {method} {0x00007f203b0448a0} 'invoke' '(Ljava/lang/Object;[Ljava/lang/Object;)Ljava/lang/Object;' in 'java/lang/reflect/Method')}
  0x00007f209d36a138: 48bb 58f8 | 2737 207f | 0000 4883 | 8338 0100 | 0001 488b

  0x00007f209d36a14c: ;   {optimized virtual_call}
  0x00007f209d36a14c: f766 90e8

  0x00007f209d36a150: ; ImmutableOopMap {[152]=Oop [160]=Oop [168]=Oop [192]=Oop }
                      ;*invokevirtual isCallerSensitive {reexecute=0 rethrow=0 return_oop=0}
                      ; - java.lang.reflect.Method::invoke@1 (line 561)
                      ; - org.junit.platform.commons.util.ReflectionUtils::invokeMethod@92 (line 728)
  0x00007f209d36a150: 8c84 ccff

  0x00007f209d36a154: ;   {other}
  0x00007f209d36a154: 0f1f 8400 | 440a 0006 | 488b bc24 | c000 0000 | 0fbe 770c

  0x00007f209d36a168: ;   {metadata(method data for {method} {0x00007f203b0448a0} 'invoke' '(Ljava/lang/Object;[Ljava/lang/Object;)Ljava/lang/Object;' in 'java/lang/reflect/Method')}
  0x00007f209d36a168: 85f6 48be | 58f8 2737 | 207f 0000 | 48c7 c370 | 0100 0074 | 0748 c7c3 | 8001 0000 | 488b 141e
  0x00007f209d36a188: 488d 5201 | 4889 141e | 0f84 4400 | 0000 85c0

  0x00007f209d36a198: ;   {metadata(method data for {method} {0x00007f203b0448a0} 'invoke' '(Ljava/lang/Object;[Ljava/lang/Object;)Ljava/lang/Object;' in 'java/lang/reflect/Method')}
  0x00007f209d36a198: 48be 58f8 | 2737 207f | 0000 48c7 | c3a0 0100 | 0075 0748 | c7c3 9001 | 0000 488b | 141e 488d
  0x00007f209d36a1b8: 5201 4889 | 141e 0f85 | 1600 0000

  0x00007f209d36a1c4: ;   {oop(nullptr)}
  0x00007f209d36a1c4: 48bb 0000 | 0000 0000 | 0000 8984 | 24bc 0000 | 00e9 3500 | 0000 8984 | 24bc 0000

  0x00007f209d36a1e0: ;   {metadata(method data for {method} {0x00007f203b0448a0} 'invoke' '(Ljava/lang/Object;[Ljava/lang/Object;)Ljava/lang/Object;' in 'java/lang/reflect/Method')}
  0x00007f209d36a1e0: 0048 be58 | f827 3720 | 7f00 0048 | 8386 b001 | 0000 010f

  0x00007f209d36a1f4: ;   {static_call}
  0x00007f209d36a1f4: 1f40 00e8

  0x00007f209d36a1f8: ; ImmutableOopMap {[152]=Oop [160]=Oop [168]=Oop [192]=Oop }
                      ;*invokestatic getCallerClass {reexecute=0 rethrow=0 return_oop=0}
                      ; - java.lang.reflect.Method::invoke@19 (line 564)
                      ; - org.junit.platform.commons.util.ReflectionUtils::invokeMethod@92 (line 728)
  0x00007f209d36a1f8: 845f 9f06

  0x00007f209d36a1fc: ;   {other}
  0x00007f209d36a1fc: 0f1f 8400 | ec0a 0007 | 488b d848 | 8bbc 24c0 | 0000 000f | be57 0c85

  0x00007f209d36a214: ;   {metadata(method data for {method} {0x00007f203b0448a0} 'invoke' '(Ljava/lang/Object;[Ljava/lang/Object;)Ljava/lang/Object;' in 'java/lang/reflect/Method')}
  0x00007f209d36a214: d248 ba58 | f827 3720 | 7f00 0048 | c7c1 d001 | 0000 7407 | 48c7 c1c0 | 0100 004c | 8b04 0a4d
  0x00007f209d36a234: 8d40 014c | 8904 0a0f | 840d 0000 | 0048 899c | 24c8 0000 | 00e9 5e01 | 0000 8b4f | 2448 c1e1
  0x00007f209d36a254: 0344 8b4f

  0x00007f209d36a258: ;   {metadata(method data for {method} {0x00007f203b0448a0} 'invoke' '(Ljava/lang/Object;[Ljava/lang/Object;)Ljava/lang/Object;' in 'java/lang/reflect/Method')}
  0x00007f209d36a258: 2048 ba58 | f827 3720 | 7f00 0048 | 8382 e001

  0x00007f209d36a268: ;   {metadata(method data for {method} {0x00007f203b0ecff0} 'isStatic' '(I)Z' in 'java/lang/reflect/Modifier')}
  0x00007f209d36a268: 0000 0148 | ba20 1c0b | 3720 7f00 | 0044 8b82 | f400 0000 | 4183 c002 | 4489 82f4 | 0000 0041
  0x00007f209d36a288: 81e0 feff | 1f00 4585 | c00f 84d9 | 0500 0049 | 8bd1 83e2

  0x00007f209d36a29c: ;   {metadata(method data for {method} {0x00007f203b0ecff0} 'isStatic' '(I)Z' in 'java/lang/reflect/Modifier')}
  0x00007f209d36a29c: 0885 d248 | ba20 1c0b | 3720 7f00 | 0049 c7c0 | 3801 0000 | 7407 49c7 | c048 0100 | 004a 8b34
  0x00007f209d36a2bc: 0248 8d76 | 014a 8934 | 020f 841a

  0x00007f209d36a2c8: ;   {metadata(method data for {method} {0x00007f203b0ecff0} 'isStatic' '(I)Z' in 'java/lang/reflect/Modifier')}
  0x00007f209d36a2c8: 0000 0048 | ba20 1c0b | 3720 7f00 | 00ff 8258 | 0100 00ba | 0100 0000 | e905 0000 | 00ba 0000
  0x00007f209d36a2e8: 0000 83e2

  0x00007f209d36a2ec: ;   {metadata(method data for {method} {0x00007f203b0448a0} 'invoke' '(Ljava/lang/Object;[Ljava/lang/Object;)Ljava/lang/Object;' in 'java/lang/reflect/Method')}
  0x00007f209d36a2ec: 0185 d248 | ba58 f827 | 3720 7f00 | 0049 c7c0 | f001 0000 | 7407 49c7 | c000 0200 | 004a 8b34
  0x00007f209d36a30c: 0248 8d76 | 014a 8934 | 020f 841f

  0x00007f209d36a318: ;   {metadata(method data for {method} {0x00007f203b0448a0} 'invoke' '(Ljava/lang/Object;[Ljava/lang/Object;)Ljava/lang/Object;' in 'java/lang/reflect/Method')}
  0x00007f209d36a318: 0000 0048 | ba58 f827 | 3720 7f00 | 00ff 8210

  0x00007f209d36a328: ;   {oop(nullptr)}
  0x00007f209d36a328: 0200 0049 | b800 0000 | 0000 0000 | 00e9 3800 | 0000 488b | 9424 9800 | 0000 483b | 024c 8bc2
  0x00007f209d36a348: ;   {metadata(method data for {method} {0x00007f203b0448a0} 'invoke' '(Ljava/lang/Object;[Ljava/lang/Object;)Ljava/lang/Object;' in 'java/lang/reflect/Method')}
  0x00007f209d36a348: 48be 58f8 | 2737 207f | 0000 4883 | 8628 0200 | 0001 448b | 4208 49ba | 0000 003b | 207f 0000
  0x00007f209d36a368: 4d03 c24d | 8b40 704d | 8b00 488b

  0x00007f209d36a374: ;   {metadata(method data for {method} {0x00007f203b0448a0} 'invoke' '(Ljava/lang/Object;[Ljava/lang/Object;)Ljava/lang/Object;' in 'java/lang/reflect/Method')}
  0x00007f209d36a374: f748 b858 | f827 3720 | 7f00 0048 | 8380 6002 | 0000 0148 | 8bd3 488b | f748 899c | 24c8 0000
  0x00007f209d36a394: ;   {optimized virtual_call}
  0x00007f209d36a394: 0066 90e8

  0x00007f209d36a398: ; ImmutableOopMap {[152]=Oop [160]=Oop [168]=Oop [192]=Oop [200]=Oop }
                      ;*invokevirtual checkAccess {reexecute=0 rethrow=0 return_oop=0}
                      ; - java.lang.reflect.Method::invoke@60 (line 571)
                      ; - org.junit.platform.commons.util.ReflectionUtils::invokeMethod@92 (line 728)
  0x00007f209d36a398: e453 9f06

  0x00007f209d36a39c: ;   {other}
  0x00007f209d36a39c: 0f1f 8400 | 8c0c 0008 | 488b bc24 | c000 0000 | 8b77 4c48 | c1e6 0348

  0x00007f209d36a3b4: ;   {metadata(method data for {method} {0x00007f203b0448a0} 'invoke' '(Ljava/lang/Object;[Ljava/lang/Object;)Ljava/lang/Object;' in 'java/lang/reflect/Method')}
  0x00007f209d36a3b4: 85f6 48bb | 58f8 2737 | 207f 0000 | 48c7 c098 | 0200 0075 | 0748 c7c0 | a802 0000 | 488b 1403
  0x00007f209d36a3d4: 488d 5201 | 4889 1403 | 0f85 2d00 | 0000 488b

  0x00007f209d36a3e4: ;   {metadata(method data for {method} {0x00007f203b0448a0} 'invoke' '(Ljava/lang/Object;[Ljava/lang/Object;)Ljava/lang/Object;' in 'java/lang/reflect/Method')}
  0x00007f209d36a3e4: f748 bb58 | f827 3720 | 7f00 0048 | 8383 b802 | 0000 0148 | 8bf7 0f1f

  0x00007f209d36a3fc: ;   {optimized virtual_call}
  0x00007f209d36a3fc: 4400 00e8

  0x00007f209d36a400: ; ImmutableOopMap {[152]=Oop [160]=Oop [168]=Oop [200]=Oop }
                      ;*invokevirtual acquireMethodAccessor {reexecute=0 rethrow=0 return_oop=0}
                      ; - java.lang.reflect.Method::invoke@75 (line 577)
                      ; - org.junit.platform.commons.util.ReflectionUtils::invokeMethod@92 (line 728)
  0x00007f209d36a400: bcc6 1000

  0x00007f209d36a404: ;   {other}
  0x00007f209d36a404: 0f1f 8400 | f40c 0009 | 488b f08b | 8424 bc00 | 0000 85c0

  0x00007f209d36a418: ;   {metadata(method data for {method} {0x00007f203b0448a0} 'invoke' '(Ljava/lang/Object;[Ljava/lang/Object;)Ljava/lang/Object;' in 'java/lang/reflect/Method')}
  0x00007f209d36a418: 48ba 58f8 | 2737 207f | 0000 48c7 | c1f0 0200 | 0074 0748 | c7c1 0003 | 0000 4c8b | 040a 4d8d
  0x00007f209d36a438: 4001 4c89 | 040a 0f84 | dd00 0000 | 488b 9c24 | c800 0000

  0x00007f209d36a44c: ; implicit exception: dispatches to 0x00007f209d36a896
  0x00007f209d36a44c: 483b 0648

  0x00007f209d36a450: ;   {metadata(method data for {method} {0x00007f203b0448a0} 'invoke' '(Ljava/lang/Object;[Ljava/lang/Object;)Ljava/lang/Object;' in 'java/lang/reflect/Method')}
  0x00007f209d36a450: 8bd6 48b9 | 58f8 2737 | 207f 0000 | 8b52 0849 | ba00 0000 | 3b20 7f00 | 0049 03d2 | 483b 9120
  0x00007f209d36a470: 0300 0075 | 0d48 8381 | 2803 0000 | 01e9 6000 | 0000 483b | 9130 0300 | 0075 0d48 | 8381 3803
  0x00007f209d36a490: 0000 01e9 | 4a00 0000 | 4883 b920 | 0300 0000 | 7517 4889 | 9120 0300 | 0048 c781 | 2803 0000
  0x00007f209d36a4b0: 0100 0000 | e929 0000 | 0048 83b9 | 3003 0000 | 0075 1748 | 8991 3003 | 0000 48c7 | 8138 0300
  0x00007f209d36a4d0: 0001 0000 | 00e9 0800 | 0000 4883 | 8110 0300 | 0001 488b | 9424 9800 | 0000 488b | 8c24 a000
  0x00007f209d36a4f0: 0000 4c8b | c348 b8ff | ffff ffff

  0x00007f209d36a4fc: ;   {virtual_call}
  0x00007f209d36a4fc: ffff ffe8

  0x00007f209d36a500: ; ImmutableOopMap {[168]=Oop }
                      ;*invokeinterface invoke {reexecute=0 rethrow=0 return_oop=0}
                      ; - java.lang.reflect.Method::invoke@90 (line 580)
                      ; - org.junit.platform.commons.util.ReflectionUtils::invokeMethod@92 (line 728)
  0x00007f209d36a500: 7c57 9f06

  0x00007f209d36a504: ;   {other}
  0x00007f209d36a504: 0f1f 8400 | f40d 000a

  0x00007f209d36a50c: ;   {metadata(method data for {method} {0x00007f203b0448a0} 'invoke' '(Ljava/lang/Object;[Ljava/lang/Object;)Ljava/lang/Object;' in 'java/lang/reflect/Method')}
  0x00007f209d36a50c: 48ba 58f8 | 2737 207f | 0000 ff82 | 4803 0000 | e9c3 0000 | 0048 8b8c | 24a0 0000 | 0048 8b94
  0x00007f209d36a52c: 2498 0000 | 0048 3b06

  0x00007f209d36a534: ;   {metadata(method data for {method} {0x00007f203b0448a0} 'invoke' '(Ljava/lang/Object;[Ljava/lang/Object;)Ljava/lang/Object;' in 'java/lang/reflect/Method')}
  0x00007f209d36a534: 488b fe48 | bb58 f827 | 3720 7f00 | 008b 7f08 | 49ba 0000 | 003b 207f | 0000 4903 | fa48 3bbb
  0x00007f209d36a554: 7003 0000 | 750d 4883 | 8378 0300 | 0001 e960 | 0000 0048 | 3bbb 8003 | 0000 750d | 4883 8388
  0x00007f209d36a574: 0300 0001 | e94a 0000 | 0048 83bb | 7003 0000 | 0075 1748 | 89bb 7003 | 0000 48c7 | 8378 0300
  0x00007f209d36a594: 0001 0000 | 00e9 2900 | 0000 4883 | bb80 0300 | 0000 7517 | 4889 bb80 | 0300 0048 | c783 8803
  0x00007f209d36a5b4: 0000 0100 | 0000 e908 | 0000 0048 | 8383 6003 | 0000 0166 | 0f1f 4400 | 0048 b890 | d019 3b20
  0x00007f209d36a5d4: ;   {virtual_call}
  0x00007f209d36a5d4: 7f00 00e8

  0x00007f209d36a5d8: ; ImmutableOopMap {[168]=Oop }
                      ;*invokeinterface invoke {reexecute=0 rethrow=0 return_oop=0}
                      ; - java.lang.reflect.Method::invoke@102 (line 580)
                      ; - org.junit.platform.commons.util.ReflectionUtils::invokeMethod@92 (line 728)
  0x00007f209d36a5d8: 043b ccff

  0x00007f209d36a5dc: ;   {other}
  0x00007f209d36a5dc: 0f1f 8400 | cc0e 000b | 488b bc24 | a800 0000 | 817f 0ca3 | 0000 000f | 86a7 0200 | 00c6 87b3
  0x00007f209d36a5fc: 0000 0001 | 4881 c4e0 | 0000 005d

  0x00007f209d36a608: ;   {poll_return}
  0x00007f209d36a608: 493b a748 | 0400 000f | 879d 0200 | 00c3 488b | bc24 a800 | 0000 498b | 87f8 0400 | 004d 33d2
  0x00007f209d36a628: 4d89 97f8 | 0400 004d | 33d2 4d89 | 9700 0500 | 0081 7f0c | a400 0000 | 0f86 8202 | 0000 c687
  0x00007f209d36a648: b400 0000

  0x00007f209d36a64c: ;   {metadata(method data for {method} {0x00007f2037699110} 'invokeMethod' '(Ljava/lang/reflect/Method;Ljava/lang/Object;[Ljava/lang/Object;)Ljava/lang/Object;' in 'org/junit/platform/commons/util/ReflectionUtils')}
  0x00007f209d36a64c: 0148 bef8 | 8f74 3720 | 7f00 0048 | 8386 9802 | 0000 0148 | 8bf0 0f1f

  0x00007f209d36a664: ;   {static_call}
  0x00007f209d36a664: 4400 00e8

  0x00007f209d36a668: ; ImmutableOopMap {[168]=Oop }
                      ;*invokestatic getUnderlyingCause {reexecute=0 rethrow=0 return_oop=0}
                      ; - org.junit.platform.commons.util.ReflectionUtils::invokeMethod@114 (line 731)
  0x00007f209d36a668: 2403 0000

  0x00007f209d36a66c: ;   {other}
  0x00007f209d36a66c: 0f1f 8400 | 5c0f 000c

  0x00007f209d36a674: ;   {static_call}
  0x00007f209d36a674: 488b f0e8

  0x00007f209d36a678: ; ImmutableOopMap {[168]=Oop }
                      ;*invokestatic throwAsUncheckedException {reexecute=0 rethrow=0 return_oop=0}
                      ; - org.junit.platform.commons.util.ReflectionUtils::invokeMethod@117 (line 731)
  0x00007f209d36a678: c902 0000

  0x00007f209d36a67c: ;   {other}
  0x00007f209d36a67c: 0f1f 8400 | 6c0f 000d | 488b b424 | a800 0000 | 817e 0ca5 | 0000 000f | 8641 0200 | 00c6 86b5
  0x00007f209d36a69c: 0000 0001

  0x00007f209d36a6a0: ; implicit exception: dispatches to 0x00007f209d36a8ec
  0x00007f209d36a6a0: 483b 00e9 | 6602 0000

  0x00007f209d36a6a8: ;   {metadata({method} {0x00007f2037699110} 'invokeMethod' '(Ljava/lang/reflect/Method;Ljava/lang/Object;[Ljava/lang/Object;)Ljava/lang/Object;' in 'org/junit/platform/commons/util/ReflectionUtils')}
  0x00007f209d36a6a8: 49ba 1091 | 6937 207f | 0000 4c89 | 5424 0848 | c704 24ff

  0x00007f209d36a6bc: ;   {runtime_call counter_overflow Runtime1 stub}
  0x00007f209d36a6bc: ffff ffe8

  0x00007f209d36a6c0: ; ImmutableOopMap {rsi=Oop rdx=Oop rcx=Oop [144]=Oop [152]=Oop }
                      ;*synchronization entry
                      ; - org.junit.platform.commons.util.ReflectionUtils::invokeMethod@-1
  0x00007f209d36a6c0: bc9e ac06 | e9cd f3ff

  0x00007f209d36a6c8: ;   {runtime_call throw_null_pointer_exception Runtime1 stub}
  0x00007f209d36a6c8: ffe8 5217

  0x00007f209d36a6cc: ; ImmutableOopMap {rax=Oop [144]=Oop [152]=Oop [160]=Oop [168]=Oop }
                      ;*bastore {reexecute=0 rethrow=0 return_oop=0}
                      ; - org.junit.platform.commons.util.ReflectionUtils::invokeMethod@19 (line 723)
                      ;   {runtime_call throw_null_pointer_exception Runtime1 stub}
  0x00007f209d36a6cc: ac06 e84d

  0x00007f209d36a6d0: ; ImmutableOopMap {rax=Oop [144]=Oop [152]=Oop [160]=Oop [168]=Oop }
                      ;*bastore {reexecute=0 rethrow=0 return_oop=0}
                      ; - org.junit.platform.commons.util.ReflectionUtils::invokeMethod@19 (line 723)
  0x00007f209d36a6d0: 17ac 0648 | c704 249d | 0000 0048 | 8944 2408

  0x00007f209d36a6e0: ;   {runtime_call throw_range_check_failed Runtime1 stub}
  0x00007f209d36a6e0: e8bb 08ac

  0x00007f209d36a6e4: ; ImmutableOopMap {rax=Oop [144]=Oop [152]=Oop [160]=Oop [168]=Oop }
                      ;*bastore {reexecute=0 rethrow=0 return_oop=0}
                      ; - org.junit.platform.commons.util.ReflectionUtils::invokeMethod@19 (line 723)
  0x00007f209d36a6e4: 0648 c704 | 249e 0000 | 0048 8944

  0x00007f209d36a6f0: ;   {runtime_call throw_range_check_failed Runtime1 stub}
  0x00007f209d36a6f0: 2408 e8a9

  0x00007f209d36a6f4: ; ImmutableOopMap {rax=Oop rdx=Oop [144]=Oop [152]=Oop [160]=Oop [168]=Oop }
                      ;*bastore {reexecute=0 rethrow=0 return_oop=0}
                      ; - org.junit.platform.commons.util.ReflectionUtils::invokeMethod@30 (line 724)
  0x00007f209d36a6f4: 08ac 0648 | c704 249f | 0000 0048 | 8944 2408

  0x00007f209d36a704: ;   {runtime_call throw_range_check_failed Runtime1 stub}
  0x00007f209d36a704: e897 08ac

  0x00007f209d36a708: ; ImmutableOopMap {rax=Oop [144]=Oop [152]=Oop [160]=Oop [168]=Oop }
                      ;*bastore {reexecute=0 rethrow=0 return_oop=0}
                      ; - org.junit.platform.commons.util.ReflectionUtils::invokeMethod@47 (line 724)
  0x00007f209d36a708: 0648 c704 | 24a0 0000 | 0048 8944

  0x00007f209d36a714: ;   {runtime_call throw_range_check_failed Runtime1 stub}
  0x00007f209d36a714: 2408 e885

  0x00007f209d36a718: ; ImmutableOopMap {rax=Oop [144]=Oop [152]=Oop [160]=Oop [168]=Oop }
                      ;*bastore {reexecute=0 rethrow=0 return_oop=0}
                      ; - org.junit.platform.commons.util.ReflectionUtils::invokeMethod@55 (line 724)
  0x00007f209d36a718: 08ac 0648 | c704 24a1 | 0000 0048 | 8944 2408

  0x00007f209d36a728: ;   {runtime_call throw_range_check_failed Runtime1 stub}
  0x00007f209d36a728: e873 08ac

  0x00007f209d36a72c: ; ImmutableOopMap {rax=Oop [144]=Oop [152]=Oop [160]=Oop [168]=Oop }
                      ;*bastore {reexecute=0 rethrow=0 return_oop=0}
                      ; - org.junit.platform.commons.util.ReflectionUtils::invokeMethod@66 (line 724)
                      ;   {metadata({method} {0x00007f203b0b03c8} 'linkToTargetMethod' '(Ljava/lang/Object;Ljava/lang/Object;)Ljava/lang/Object;' in 'java/lang/invoke/Invokers$Holder')}
  0x00007f209d36a72c: 0649 bac8 | 030b 3b20 | 7f00 004c | 8954 2408 | 48c7 0424 | ffff ffff

  0x00007f209d36a744: ;   {runtime_call counter_overflow Runtime1 stub}
  0x00007f209d36a744: e837 9eac

  0x00007f209d36a748: ; ImmutableOopMap {rsi=Oop rbx=Oop [144]=Oop [152]=Oop [160]=Oop [168]=Oop }
                      ;*synchronization entry
                      ; - java.lang.invoke.Invokers$Holder::linkToTargetMethod@-1
                      ; - org.junit.platform.commons.util.ReflectionUtils::invokeMethod@68 (line 724)
  0x00007f209d36a748: 06e9 85f5

  0x00007f209d36a74c: ;   {metadata({method} {0x00007f203b0b65d8} 'newInvokeSpecial' '(Ljava/lang/Object;Ljava/lang/Object;)Ljava/lang/Object;' in 'java/lang/invoke/DirectMethodHandle$Holder')}
  0x00007f209d36a74c: ffff 49ba | d865 0b3b | 207f 0000 | 4c89 5424 | 0848 c704 | 24ff ffff

  0x00007f209d36a764: ;   {runtime_call counter_overflow Runtime1 stub}
  0x00007f209d36a764: ffe8 169e

  0x00007f209d36a768: ; ImmutableOopMap {rsi=Oop rbx=Oop [144]=Oop [152]=Oop [160]=Oop [168]=Oop }
                      ;*synchronization entry
                      ; - java.lang.invoke.DirectMethodHandle$Holder::newInvokeSpecial@-1
                      ; - java.lang.invoke.Invokers$Holder::linkToTargetMethod@5
                      ; - org.junit.platform.commons.util.ReflectionUtils::invokeMethod@68 (line 724)
  0x00007f209d36a768: ac06 e9bd

  0x00007f209d36a76c: ;   {metadata({method} {0x00007f203b0a2f58} 'allocateInstance' '(Ljava/lang/Object;)Ljava/lang/Object;' in 'java/lang/invoke/DirectMethodHandle')}
  0x00007f209d36a76c: f5ff ff49 | ba58 2f0a | 3b20 7f00 | 004c 8954 | 2408 48c7 | 0424 ffff

  0x00007f209d36a784: ;   {runtime_call counter_overflow Runtime1 stub}
  0x00007f209d36a784: ffff e8f5

  0x00007f209d36a788: ; ImmutableOopMap {rsi=Oop rbx=Oop [144]=Oop [152]=Oop [160]=Oop [168]=Oop }
                      ;*synchronization entry
                      ; - java.lang.invoke.DirectMethodHandle::allocateInstance@-1 (line 500)
                      ; - java.lang.invoke.DirectMethodHandle$Holder::newInvokeSpecial@1
                      ; - java.lang.invoke.Invokers$Holder::linkToTargetMethod@5
                      ; - org.junit.platform.commons.util.ReflectionUtils::invokeMethod@68 (line 724)
  0x00007f209d36a788: 9dac 06e9 | f7f5 ffff

  0x00007f209d36a790: ;   {metadata({method} {0x00007f203b0a3a00} 'constructorMethod' '(Ljava/lang/Object;)Ljava/lang/Object;' in 'java/lang/invoke/DirectMethodHandle')}
  0x00007f209d36a790: 49ba 003a | 0a3b 207f | 0000 4c89 | 5424 0848 | c704 24ff

  0x00007f209d36a7a4: ;   {runtime_call counter_overflow Runtime1 stub}
  0x00007f209d36a7a4: ffff ffe8

  0x00007f209d36a7a8: ; ImmutableOopMap {rax=Oop [144]=Oop [152]=Oop [160]=Oop [168]=Oop }
                      ;*synchronization entry
                      ; - java.lang.invoke.DirectMethodHandle::constructorMethod@-1 (line 494)
                      ; - java.lang.invoke.DirectMethodHandle$Holder::newInvokeSpecial@6
                      ; - java.lang.invoke.Invokers$Holder::linkToTargetMethod@5
                      ; - org.junit.platform.commons.util.ReflectionUtils::invokeMethod@68 (line 724)
  0x00007f209d36a7a8: d49d ac06 | e99e f6ff

  0x00007f209d36a7b0: ;   {runtime_call throw_null_pointer_exception Runtime1 stub}
  0x00007f209d36a7b0: ffe8 6a16

  0x00007f209d36a7b4: ; ImmutableOopMap {rax=Oop [144]=Oop [152]=Oop [160]=Oop [168]=Oop }
                      ;*invokestatic linkToSpecial {reexecute=0 rethrow=0 return_oop=0}
                      ; - java.lang.invoke.DirectMethodHandle$Holder::newInvokeSpecial@16
                      ; - java.lang.invoke.Invokers$Holder::linkToTargetMethod@5
                      ; - org.junit.platform.commons.util.ReflectionUtils::invokeMethod@68 (line 724)
                      ;   {metadata({method} {0x00007f2037915d38} '<init>' '(Ljava/lang/reflect/Method;)V' in 'org/junit/platform/commons/util/ReflectionUtils$$Lambda+0x00007f203c137b00')}
  0x00007f209d36a7b4: ac06 49ba | 385d 9137 | 207f 0000 | 4c89 5424 | 0848 c704 | 24ff ffff

  0x00007f209d36a7cc: ;   {runtime_call counter_overflow Runtime1 stub}
  0x00007f209d36a7cc: ffe8 ae9d

  0x00007f209d36a7d0: ; ImmutableOopMap {rax=Oop [144]=Oop [152]=Oop [160]=Oop [168]=Oop }
                      ;*synchronization entry
                      ; - org.junit.platform.commons.util.ReflectionUtils$$Lambda/0x00007f203c137b00::<init>@-1
                      ; - java.lang.invoke.DirectMethodHandle$Holder::newInvokeSpecial@16
                      ; - java.lang.invoke.Invokers$Holder::linkToTargetMethod@5
                      ; - org.junit.platform.commons.util.ReflectionUtils::invokeMethod@68 (line 724)
  0x00007f209d36a7d0: ac06 e9e1

  0x00007f209d36a7d4: ;   {metadata({method} {0x00007f203b470b68} '<init>' '()V' in 'java/lang/Object')}
  0x00007f209d36a7d4: f6ff ff49 | ba68 0b47 | 3b20 7f00 | 004c 8954 | 2408 48c7 | 0424 ffff

  0x00007f209d36a7ec: ;   {runtime_call counter_overflow Runtime1 stub}
  0x00007f209d36a7ec: ffff e88d

  0x00007f209d36a7f0: ; ImmutableOopMap {rax=Oop [144]=Oop [152]=Oop [160]=Oop [168]=Oop }
                      ;*synchronization entry
                      ; - java.lang.Object::<init>@-1 (line 45)
                      ; - org.junit.platform.commons.util.ReflectionUtils$$Lambda/0x00007f203c137b00::<init>@1
                      ; - java.lang.invoke.DirectMethodHandle$Holder::newInvokeSpecial@16
                      ; - java.lang.invoke.Invokers$Holder::linkToTargetMethod@5
                      ; - org.junit.platform.commons.util.ReflectionUtils::invokeMethod@68 (line 724)
  0x00007f209d36a7f0: 9dac 06e9 | fcf6 ffff | 8b70 0c48 | c1e6 0348 | 83fe 000f | 84f8 f6ff | ff48 8934

  0x00007f209d36a80c: ;   {runtime_call g1_pre_barrier_slow}
  0x00007f209d36a80c: 24e8 eea9 | ac06 e9ea | f6ff ff48 | 83fe 000f | 8407 f7ff | ff48 8904

  0x00007f209d36a824: ;   {runtime_call g1_post_barrier_slow}
  0x00007f209d36a824: 24e8 56ad | ac06 e9f9 | f6ff ff48 | c704 24a2 | 0000 0048 | 8944 2408

  0x00007f209d36a83c: ;   {runtime_call throw_range_check_failed Runtime1 stub}
  0x00007f209d36a83c: e85f 07ac

  0x00007f209d36a840: ; ImmutableOopMap {rsi=Oop rax=Oop [144]=Oop [152]=Oop [160]=Oop [168]=Oop }
                      ;*bastore {reexecute=0 rethrow=0 return_oop=0}
                      ; - org.junit.platform.commons.util.ReflectionUtils::invokeMethod@82 (line 724)
  0x00007f209d36a840: 0648 8904

  0x00007f209d36a844: ;   {runtime_call throw_class_cast_exception Runtime1 stub}
  0x00007f209d36a844: 24e8 564e

  0x00007f209d36a848: ; ImmutableOopMap {[152]=Oop [160]=Oop [168]=Oop }
                      ;*checkcast {reexecute=0 rethrow=0 return_oop=0}
                      ; - org.junit.platform.commons.util.ReflectionUtils::invokeMethod@87 (line 728)
                      ;   {runtime_call throw_null_pointer_exception Runtime1 stub}
  0x00007f209d36a848: ac06 e8d1

  0x00007f209d36a84c: ; ImmutableOopMap {rdi=Oop [152]=Oop [160]=Oop [168]=Oop [192]=Oop }
                      ;*invokevirtual invoke {reexecute=0 rethrow=0 return_oop=0}
                      ; - org.junit.platform.commons.util.ReflectionUtils::invokeMethod@92 (line 728)
                      ;   {metadata({method} {0x00007f203b0448a0} 'invoke' '(Ljava/lang/Object;[Ljava/lang/Object;)Ljava/lang/Object;' in 'java/lang/reflect/Method')}
  0x00007f209d36a84c: 15ac 0649 | baa0 4804 | 3b20 7f00 | 004c 8954 | 2408 48c7 | 0424 ffff

  0x00007f209d36a864: ;   {runtime_call counter_overflow Runtime1 stub}
  0x00007f209d36a864: ffff e815

  0x00007f209d36a868: ; ImmutableOopMap {rdi=Oop [152]=Oop [160]=Oop [168]=Oop [192]=Oop }
                      ;*synchronization entry
                      ; - java.lang.reflect.Method::invoke@-1 (line 561)
                      ; - org.junit.platform.commons.util.ReflectionUtils::invokeMethod@92 (line 728)
  0x00007f209d36a868: 9dac 06e9 | c5f8 ffff

  0x00007f209d36a870: ;   {metadata({method} {0x00007f203b0ecff0} 'isStatic' '(I)Z' in 'java/lang/reflect/Modifier')}
  0x00007f209d36a870: 49ba f0cf | 0e3b 207f | 0000 4c89 | 5424 0848 | c704 24ff

  0x00007f209d36a884: ;   {runtime_call counter_overflow Runtime1 stub}
  0x00007f209d36a884: ffff ffe8

  0x00007f209d36a888: ; ImmutableOopMap {rbx=Oop rdi=Oop rcx=Oop [152]=Oop [160]=Oop [168]=Oop [192]=Oop }
                      ;*synchronization entry
                      ; - java.lang.reflect.Modifier::isStatic@-1 (line 98)
                      ; - java.lang.reflect.Method::invoke@42 (line 572)
                      ; - org.junit.platform.commons.util.ReflectionUtils::invokeMethod@92 (line 728)
  0x00007f209d36a888: f49c ac06 | e906 faff

  0x00007f209d36a890: ;   {runtime_call throw_null_pointer_exception Runtime1 stub}
  0x00007f209d36a890: ffe8 8a15

  0x00007f209d36a894: ; ImmutableOopMap {rbx=Oop rdi=Oop rcx=Oop rdx=Oop [152]=Oop [160]=Oop [168]=Oop [192]=Oop }
                      ;*invokevirtual getClass {reexecute=0 rethrow=0 return_oop=0}
                      ; - java.lang.reflect.Method::invoke@53 (line 572)
                      ; - org.junit.platform.commons.util.ReflectionUtils::invokeMethod@92 (line 728)
                      ;   {runtime_call throw_null_pointer_exception Runtime1 stub}
  0x00007f209d36a894: ac06 e885

  0x00007f209d36a898: ; ImmutableOopMap {rsi=Oop rbx=Oop [152]=Oop [160]=Oop [168]=Oop }
                      ;*invokeinterface invoke {reexecute=0 rethrow=0 return_oop=0}
                      ; - java.lang.reflect.Method::invoke@90 (line 580)
                      ; - org.junit.platform.commons.util.ReflectionUtils::invokeMethod@92 (line 728)
                      ;   {runtime_call throw_null_pointer_exception Runtime1 stub}
  0x00007f209d36a898: 15ac 06e8

  0x00007f209d36a89c: ; ImmutableOopMap {rdx=Oop rcx=Oop rsi=Oop [152]=Oop [168]=Oop }
                      ;*invokeinterface invoke {reexecute=0 rethrow=0 return_oop=0}
                      ; - java.lang.reflect.Method::invoke@102 (line 580)
                      ; - org.junit.platform.commons.util.ReflectionUtils::invokeMethod@92 (line 728)
  0x00007f209d36a89c: 8015 ac06 | 48c7 0424 | a300 0000 | 4889 7c24

  0x00007f209d36a8ac: ;   {runtime_call throw_range_check_failed Runtime1 stub}
  0x00007f209d36a8ac: 08e8 ee06

  0x00007f209d36a8b0: ; ImmutableOopMap {rax=Oop rdi=Oop [168]=Oop }
                      ;*bastore {reexecute=0 rethrow=0 return_oop=0}
                      ; - org.junit.platform.commons.util.ReflectionUtils::invokeMethod@101 (line 728)
                      ;   {internal_word}
  0x00007f209d36a8b0: ac06 49ba | 08a6 369d | 207f 0000 | 4d89 9760

  0x00007f209d36a8c0: ;   {runtime_call SafepointBlob}
  0x00007f209d36a8c0: 0400 00e9 | 38cb 9f06 | 48c7 0424 | a400 0000 | 4889 7c24

  0x00007f209d36a8d4: ;   {runtime_call throw_range_check_failed Runtime1 stub}
  0x00007f209d36a8d4: 08e8 c606

  0x00007f209d36a8d8: ; ImmutableOopMap {rdi=Oop rax=Oop [168]=Oop }
                      ;*bastore {reexecute=0 rethrow=0 return_oop=0}
                      ; - org.junit.platform.commons.util.ReflectionUtils::invokeMethod@111 (line 730)
  0x00007f209d36a8d8: ac06 48c7 | 0424 a500 | 0000 4889

  0x00007f209d36a8e4: ;   {runtime_call throw_range_check_failed Runtime1 stub}
  0x00007f209d36a8e4: 7424 08e8

  0x00007f209d36a8e8: ; ImmutableOopMap {rax=Oop rsi=Oop [168]=Oop }
                      ;*bastore {reexecute=0 rethrow=0 return_oop=0}
                      ; - org.junit.platform.commons.util.ReflectionUtils::invokeMethod@126 (line 731)
  0x00007f209d36a8e8: b406 ac06

  0x00007f209d36a8ec: ;   {runtime_call throw_null_pointer_exception Runtime1 stub}
  0x00007f209d36a8ec: e82f 15ac

  0x00007f209d36a8f0: ; ImmutableOopMap {rax=Oop }
                      ;*athrow {reexecute=1 rethrow=0 return_oop=0}
                      ; - (reexecute) org.junit.platform.commons.util.ReflectionUtils::invokeMethod@127 (line 731)
  0x00007f209d36a8f0: 0649 8b87 | f804 0000 | 49c7 87f8 | 0400 0000 | 0000 0049 | c787 0005 | 0000 0000 | 0000 4881
  0x00007f209d36a910: c4e0 0000

  0x00007f209d36a914: ;   {runtime_call unwind_exception Runtime1 stub}
  0x00007f209d36a914: 005d e965 | 00ac 06f4 | f4f4 f4f4
[Stub Code]
  0x00007f209d36a920: ;   {no_reloc}
  0x00007f209d36a920: 0f1f 4400

  0x00007f209d36a924: ;   {static_stub}
  0x00007f209d36a924: 0048 bb00 | 0000 0000

  0x00007f209d36a92c: ;   {runtime_call nmethod}
  0x00007f209d36a92c: 0000 00e9 | fbff ffff

  0x00007f209d36a934: ;   {static_stub}
  0x00007f209d36a934: 9048 bb00 | 0000 0000

  0x00007f209d36a93c: ;   {runtime_call nmethod}
  0x00007f209d36a93c: 0000 00e9 | fbff ffff

  0x00007f209d36a944: ;   {static_stub}
  0x00007f209d36a944: 9048 bb18 | c975 3720

  0x00007f209d36a94c: ;   {runtime_call I2C/C2I adapters}
  0x00007f209d36a94c: 7f00 00e9 | 2f9e 9f06

  0x00007f209d36a954: ;   {static_stub}
  0x00007f209d36a954: 48bb 0000 | 0000 0000

  0x00007f209d36a95c: ;   {runtime_call nmethod}
  0x00007f209d36a95c: 0000 e9fb

  0x00007f209d36a960: ;   {static_stub}
  0x00007f209d36a960: ffff ff48 | bb00 0000 | 0000 0000

  0x00007f209d36a96c: ;   {runtime_call nmethod}
  0x00007f209d36a96c: 00e9 fbff

  0x00007f209d36a970: ;   {static_stub}
  0x00007f209d36a970: ffff 48bb | 0000 0000 | 0000 0000

  0x00007f209d36a97c: ;   {runtime_call nmethod}
  0x00007f209d36a97c: e9fb ffff

  0x00007f209d36a980: ;   {static_stub}
  0x00007f209d36a980: ff48 bb18 | 4d04 3b20

  0x00007f209d36a988: ;   {runtime_call I2C/C2I adapters}
  0x00007f209d36a988: 7f00 00e9 | f39d 9f06

  0x00007f209d36a990: ;   {static_stub}
  0x00007f209d36a990: 48bb c8e0 | 6937 207f

  0x00007f209d36a998: ;   {runtime_call I2C/C2I adapters}
  0x00007f209d36a998: 0000 e9e4

  0x00007f209d36a99c: ;   {static_stub}
  0x00007f209d36a99c: 9d9f 0648 | bb00 0000 | 0000 0000

  0x00007f209d36a9a8: ;   {runtime_call nmethod}
  0x00007f209d36a9a8: 00e9 fbff

  0x00007f209d36a9ac: ;   {static_stub}
  0x00007f209d36a9ac: ffff 48bb | 0000 0000 | 0000 0000

  0x00007f209d36a9b8: ;   {runtime_call nmethod}
  0x00007f209d36a9b8: e9fb ffff

  0x00007f209d36a9bc: ;   {static_stub}
  0x00007f209d36a9bc: ff48 bb00 | 0000 0000

  0x00007f209d36a9c4: ;   {runtime_call nmethod}
  0x00007f209d36a9c4: 0000 00e9 | fbff ffff

  0x00007f209d36a9cc: ;   {static_stub}
  0x00007f209d36a9cc: 48bb 0000 | 0000 0000

  0x00007f209d36a9d4: ;   {runtime_call nmethod}
  0x00007f209d36a9d4: 0000 e9fb

  0x00007f209d36a9d8: ;   {static_stub}
  0x00007f209d36a9d8: ffff ff48 | bb00 0000 | 0000 0000

  0x00007f209d36a9e4: ;   {runtime_call nmethod}
  0x00007f209d36a9e4: 00e9 fbff

  0x00007f209d36a9e8: ;   {static_stub}
  0x00007f209d36a9e8: ffff 48bb | 0000 0000 | 0000 0000

  0x00007f209d36a9f4: ;   {runtime_call nmethod}
  0x00007f209d36a9f4: e9fb ffff

  0x00007f209d36a9f8: ;   {runtime_call handle_exception_from_callee Runtime1 stub}
  0x00007f209d36a9f8: ffe8 8246

  0x00007f209d36a9fc: ;   {external_word}
  0x00007f209d36a9fc: ac06 48bf | 390f 15bb | 207f 0000 | 4883 e4f0

  0x00007f209d36aa0c: ;   {runtime_call MacroAssembler::debug64(char*, long, long*)}
  0x00007f209d36aa0c: e82f f686

  0x00007f209d36aa10: ;   {section_word}
  0x00007f209d36aa10: 1df4 49ba | 12aa 369d | 207f 0000

  0x00007f209d36aa1c: ;   {runtime_call DeoptimizationBlob}
  0x00007f209d36aa1c: 4152 e97d | de9f 06f4 | f4f4 f4f4
[/MachCode]


Compiled method (c1) 9541 5993       3       org.junit.jupiter.engine.execution.MethodInvocation::proceed (28 bytes)
 total in heap  [0x00007f209d4a5190,0x00007f209d4a5720] = 1424
 relocation     [0x00007f209d4a52e8,0x00007f209d4a5350] = 104
 main code      [0x00007f209d4a5360,0x00007f209d4a5598] = 568
 stub code      [0x00007f209d4a5598,0x00007f209d4a55e0] = 72
 oops           [0x00007f209d4a55e0,0x00007f209d4a55e8] = 8
 metadata       [0x00007f209d4a55e8,0x00007f209d4a55f8] = 16
 scopes data    [0x00007f209d4a55f8,0x00007f209d4a5658] = 96
 scopes pcs     [0x00007f209d4a5658,0x00007f209d4a56f8] = 160
 dependencies   [0x00007f209d4a56f8,0x00007f209d4a5700] = 8
 nul chk table  [0x00007f209d4a5700,0x00007f209d4a5720] = 32

[Constant Pool (empty)]

[MachCode]
[Entry Point]
  # {method} {0x00007f2037f8bc40} 'proceed' '()Ljava/lang/Object;' in 'org/junit/jupiter/engine/execution/MethodInvocation'
  #           [sp+0x70]  (sp of caller)
  0x00007f209d4a5360: 448b 5608 | 49bb 0000 | 003b 207f | 0000 4d03 | d34c 3bd0

  0x00007f209d4a5374: ;   {runtime_call ic_miss_stub}
  0x00007f209d4a5374: 0f85 069f | 8b06 660f | 1f44 0000
[Verified Entry Point]
  0x00007f209d4a5380: 8984 2400 | c0fe ff55 | 4883 ec60 | 4181 7f20 | 0100 0000

  0x00007f209d4a5394: ;   {runtime_call StubRoutines (final stubs)}
  0x00007f209d4a5394: 7405 e885

  0x00007f209d4a5398: ;   {metadata(method data for {method} {0x00007f2037f8bc40} 'proceed' '()Ljava/lang/Object;' in 'org/junit/jupiter/engine/execution/MethodInvocation')}
  0x00007f209d4a5398: 1e8a 0648 | bf50 d324 | 3820 7f00 | 008b 9ff4 | 0000 0083 | c302 899f | f400 0000 | 81e3 fe07
  0x00007f209d4a53b8: 0000 85db | 0f84 3001 | 0000 4889

  0x00007f209d4a53c4: ;   {metadata(method data for {method} {0x00007f2037f8bc40} 'proceed' '()Ljava/lang/Object;' in 'org/junit/jupiter/engine/execution/MethodInvocation')}
  0x00007f209d4a53c4: 7424 4848 | bf50 d324 | 3820 7f00 | 0048 8387 | 3801 0000 | 0166 0f1f

  0x00007f209d4a53dc: ;   {static_call}
  0x00007f209d4a53dc: 4400 00e8

  0x00007f209d4a53e0: ; ImmutableOopMap {[72]=Oop }
                      ;*invokestatic $jacocoInit {reexecute=0 rethrow=0 return_oop=0}
                      ; - org.junit.jupiter.engine.execution.MethodInvocation::proceed@0
  0x00007f209d4a53e0: bc48 eaff

  0x00007f209d4a53e4: ;   {other}
  0x00007f209d4a53e4: 0f1f 8400 | 5402 0000 | 488b 7424 | 488b 560c | 48c1 e203 | 8b4e 1048 | c1e1 0348 | 3b01 488b
  0x00007f209d4a5404: ;   {metadata(method data for {method} {0x00007f2037f8bc40} 'proceed' '()Ljava/lang/Object;' in 'org/junit/jupiter/engine/execution/MethodInvocation')}
  0x00007f209d4a5404: f948 bb50 | d324 3820 | 7f00 0048 | 8383 4801

  0x00007f209d4a5414: ;   {metadata(method data for {method} {0x00007f203b0e6ef8} 'orElse' '(Ljava/lang/Object;)Ljava/lang/Object;' in 'java/util/Optional')}
  0x00007f209d4a5414: 0000 0148 | bf88 3a03 | 3720 7f00 | 008b 9ff4 | 0000 0083 | c302 899f | f400 0000 | 81e3 feff
  0x00007f209d4a5434: 1f00 85db | 0f84 da00 | 0000 8b49 | 0c48 c1e1 | 0348 85c9

  0x00007f209d4a5448: ;   {metadata(method data for {method} {0x00007f203b0e6ef8} 'orElse' '(Ljava/lang/Object;)Ljava/lang/Object;' in 'java/util/Optional')}
  0x00007f209d4a5448: 48bf 883a | 0337 207f | 0000 48c7 | c338 0100 | 0074 0748 | c7c3 4801 | 0000 4c8b | 041f 4d8d
  0x00007f209d4a5468: 4001 4c89 | 041f 0f84 | 1500 0000

  0x00007f209d4a5474: ;   {metadata(method data for {method} {0x00007f203b0e6ef8} 'orElse' '(Ljava/lang/Object;)Ljava/lang/Object;' in 'java/util/Optional')}
  0x00007f209d4a5474: 48bf 883a | 0337 207f | 0000 ff87 | 5801 0000 | e90a 0000

  0x00007f209d4a5488: ;   {oop(nullptr)}
  0x00007f209d4a5488: 0048 b900 | 0000 0000 | 0000 0048 | 8944 2450 | 8b7e 1448

  0x00007f209d4a549c: ;   {metadata(method data for {method} {0x00007f2037f8bc40} 'proceed' '()Ljava/lang/Object;' in 'org/junit/jupiter/engine/execution/MethodInvocation')}
  0x00007f209d4a549c: c1e7 0348 | be50 d324 | 3820 7f00 | 0048 8386 | 8001 0000 | 0148 8bf2 | 488b d148 | 8bcf 0f1f
  0x00007f209d4a54bc: ;   {static_call}
  0x00007f209d4a54bc: 4400 00e8

  0x00007f209d4a54c0: ; ImmutableOopMap {[80]=Oop }
                      ;*invokestatic invokeMethod {reexecute=0 rethrow=0 return_oop=0}
                      ; - org.junit.jupiter.engine.execution.MethodInvocation::proceed@20 (line 60)
  0x00007f209d4a54c0: 7c45 ecff

  0x00007f209d4a54c4: ;   {other}
  0x00007f209d4a54c4: 0f1f 8400 | 3403 0001 | 488b 7424 | 5083 7e0c | 050f 8668 | 0000 00c6 | 4615 0148 | 83c4 605d
  0x00007f209d4a54e4: ;   {poll_return}
  0x00007f209d4a54e4: 493b a748 | 0400 000f | 8764 0000

  0x00007f209d4a54f0: ;   {metadata({method} {0x00007f2037f8bc40} 'proceed' '()Ljava/lang/Object;' in 'org/junit/jupiter/engine/execution/MethodInvocation')}
  0x00007f209d4a54f0: 00c3 49ba | 40bc f837 | 207f 0000 | 4c89 5424 | 0848 c704 | 24ff ffff

  0x00007f209d4a5508: ;   {runtime_call counter_overflow Runtime1 stub}
  0x00007f209d4a5508: ffe8 72f0

  0x00007f209d4a550c: ; ImmutableOopMap {rsi=Oop }
                      ;*synchronization entry
                      ; - org.junit.jupiter.engine.execution.MethodInvocation::proceed@-1
  0x00007f209d4a550c: 9806 e9af

  0x00007f209d4a5510: ;   {runtime_call throw_null_pointer_exception Runtime1 stub}
  0x00007f209d4a5510: feff ffe8

  0x00007f209d4a5514: ; ImmutableOopMap {rax=Oop rsi=Oop rdx=Oop rcx=Oop }
                      ;*invokevirtual orElse {reexecute=0 rethrow=0 return_oop=0}
                      ; - org.junit.jupiter.engine.execution.MethodInvocation::proceed@13 (line 60)
  0x00007f209d4a5514: 0869 9806

  0x00007f209d4a5518: ;   {metadata({method} {0x00007f203b0e6ef8} 'orElse' '(Ljava/lang/Object;)Ljava/lang/Object;' in 'java/util/Optional')}
  0x00007f209d4a5518: 49ba f86e | 0e3b 207f | 0000 4c89 | 5424 0848 | c704 24ff

  0x00007f209d4a552c: ;   {runtime_call counter_overflow Runtime1 stub}
  0x00007f209d4a552c: ffff ffe8

  0x00007f209d4a5530: ; ImmutableOopMap {rax=Oop rsi=Oop rdx=Oop rcx=Oop }
                      ;*synchronization entry
                      ; - java.util.Optional::orElse@-1 (line 350)
                      ; - org.junit.jupiter.engine.execution.MethodInvocation::proceed@13 (line 60)
  0x00007f209d4a5530: 4cf0 9806 | e905 ffff

  0x00007f209d4a5538: ;   {runtime_call throw_null_pointer_exception Runtime1 stub}
  0x00007f209d4a5538: ffe8 e268

  0x00007f209d4a553c: ; ImmutableOopMap {rax=Oop rsi=Oop }
                      ;*bastore {reexecute=0 rethrow=0 return_oop=0}
                      ; - org.junit.jupiter.engine.execution.MethodInvocation::proceed@26 (line 60)
                      ;   {runtime_call throw_null_pointer_exception Runtime1 stub}
  0x00007f209d4a553c: 9806 e8dd

  0x00007f209d4a5540: ; ImmutableOopMap {rax=Oop rsi=Oop }
                      ;*bastore {reexecute=0 rethrow=0 return_oop=0}
                      ; - org.junit.jupiter.engine.execution.MethodInvocation::proceed@26 (line 60)
  0x00007f209d4a5540: 6898 0648 | c704 2405 | 0000 0048 | 8974 2408

  0x00007f209d4a5550: ;   {runtime_call throw_range_check_failed Runtime1 stub}
  0x00007f209d4a5550: e84b 5a98

  0x00007f209d4a5554: ; ImmutableOopMap {rax=Oop rsi=Oop }
                      ;*bastore {reexecute=0 rethrow=0 return_oop=0}
                      ; - org.junit.jupiter.engine.execution.MethodInvocation::proceed@26 (line 60)
                      ;   {internal_word}
  0x00007f209d4a5554: 0649 bae4 | 544a 9d20 | 7f00 004d | 8997 6004

  0x00007f209d4a5564: ;   {runtime_call SafepointBlob}
  0x00007f209d4a5564: 0000 e995 | 1e8c 0649 | 8b87 f804 | 0000 49c7 | 87f8 0400 | 0000 0000 | 0049 c787 | 0005 0000
  0x00007f209d4a5584: 0000 0000 | 4883 c460

  0x00007f209d4a558c: ;   {runtime_call unwind_exception Runtime1 stub}
  0x00007f209d4a558c: 5de9 ee53 | 9806 f4f4 | f4f4 f4f4
[Stub Code]
  0x00007f209d4a5598: ;   {no_reloc}
  0x00007f209d4a5598: 48bb 0000 | 0000 0000

  0x00007f209d4a55a0: ;   {runtime_call nmethod}
  0x00007f209d4a55a0: 0000 e9fb

  0x00007f209d4a55a4: ;   {static_stub}
  0x00007f209d4a55a4: ffff ff48 | bb00 0000 | 0000 0000

  0x00007f209d4a55b0: ;   {runtime_call nmethod}
  0x00007f209d4a55b0: 00e9 fbff

  0x00007f209d4a55b4: ;   {runtime_call handle_exception_from_callee Runtime1 stub}
  0x00007f209d4a55b4: ffff e8c5

  0x00007f209d4a55b8: ;   {external_word}
  0x00007f209d4a55b8: 9a98 0648 | bf39 0f15 | bb20 7f00 | 0048 83e4

  0x00007f209d4a55c8: ;   {runtime_call MacroAssembler::debug64(char*, long, long*)}
  0x00007f209d4a55c8: f0e8 724a

  0x00007f209d4a55cc: ;   {section_word}
  0x00007f209d4a55cc: 731d f449 | bacf 554a | 9d20 7f00

  0x00007f209d4a55d8: ;   {runtime_call DeoptimizationBlob}
  0x00007f209d4a55d8: 0041 52e9 | c032 8c06
[/MachCode]


---------------  P R O C E S S  ---------------

Threads class SMR info:
_java_thread_list=0x00007f20000d0840, length=14, elements={
0x00007f20b402cd40, 0x00007f20b417af40, 0x00007f20b417c4a0, 0x00007f20b417dc20,
0x00007f20b417f250, 0x00007f20b41807e0, 0x00007f20b4182390, 0x00007f20b4183a40,
0x00007f20b4194770, 0x00007f2010076d90, 0x00007f20b4601860, 0x00007f20b4657530,
0x00007f20b4670790, 0x00007f20b4a64510
}

Java Threads: ( => current thread )
=>0x00007f20b402cd40 JavaThread "main"                              [_thread_in_native, id=17969, stack(0x00007f20b9e20000,0x00007f20b9f20000) (1024K)]
  0x00007f20b417af40 JavaThread "Reference Handler"          daemon [_thread_blocked, id=17980, stack(0x00007f2088e14000,0x00007f2088f14000) (1024K)]
  0x00007f20b417c4a0 JavaThread "Finalizer"                  daemon [_thread_blocked, id=17981, stack(0x00007f2088d13000,0x00007f2088e13000) (1024K)]
  0x00007f20b417dc20 JavaThread "Signal Dispatcher"          daemon [_thread_blocked, id=17982, stack(0x00007f2088c12000,0x00007f2088d12000) (1024K)]
  0x00007f20b417f250 JavaThread "Service Thread"             daemon [_thread_blocked, id=17983, stack(0x00007f2088b11000,0x00007f2088c11000) (1024K)]
  0x00007f20b41807e0 JavaThread "Monitor Deflation Thread"   daemon [_thread_blocked, id=17984, stack(0x00007f2088a10000,0x00007f2088b10000) (1024K)]
  0x00007f20b4182390 JavaThread "C2 CompilerThread0"         daemon [_thread_blocked, id=17985, stack(0x00007f208890f000,0x00007f2088a0f000) (1024K)]
  0x00007f20b4183a40 JavaThread "C1 CompilerThread0"         daemon [_thread_blocked, id=17986, stack(0x00007f208880e000,0x00007f208890e000) (1024K)]
  0x00007f20b4194770 JavaThread "Common-Cleaner"             daemon [_thread_blocked, id=17987, stack(0x00007f208870d000,0x00007f208880d000) (1024K)]
  0x00007f2010076d90 JavaThread "C1 CompilerThread1"         daemon [_thread_blocked, id=17988, stack(0x00007f2088300000,0x00007f2088400000) (1024K)]
  0x00007f20b4601860 JavaThread "Notification Thread"        daemon [_thread_blocked, id=17991, stack(0x00007f2036f00000,0x00007f2037000000) (1024K)]
  0x00007f20b4657530 JavaThread "surefire-forkedjvm-stream-flusher" daemon [_thread_blocked, id=17992, stack(0x00007f2036b00000,0x00007f2036c00000) (1024K)]
  0x00007f20b4670790 JavaThread "surefire-forkedjvm-command-thread" daemon [_thread_in_native, id=17993, stack(0x00007f2036700000,0x00007f2036800000) (1024K)]
  0x00007f20b4a64510 JavaThread "jnr.ffi.util.ref.internal.Finalizer" daemon [_thread_blocked, id=18030, stack(0x00007f1fdf6b6000,0x00007f1fdf7b6000) (1024K)]
Total: 14

Other Threads:
  0x00007f20b4171080 VMThread "VM Thread"                           [id=17979, stack(0x00007f2088f15000,0x00007f2089015000) (1024K)]
  0x00007f20b415ecc0 WatcherThread "VM Periodic Task Thread"        [id=17978, stack(0x00007f2089016000,0x00007f2089116000) (1024K)]
  0x00007f20b4093800 WorkerThread "GC Thread#0"                     [id=17972, stack(0x00007f2098348000,0x00007f2098448000) (1024K)]
  0x00007f2030008bd0 WorkerThread "GC Thread#1"                     [id=17994, stack(0x00007f2036300000,0x00007f2036400000) (1024K)]
  0x00007f2030009670 WorkerThread "GC Thread#2"                     [id=17995, stack(0x00007f2035f00000,0x00007f2036000000) (1024K)]
  0x00007f203000a150 WorkerThread "GC Thread#3"                     [id=17996, stack(0x00007f2035b00000,0x00007f2035c00000) (1024K)]
  0x00007f203000ac30 WorkerThread "GC Thread#4"                     [id=17997, stack(0x00007f2035700000,0x00007f2035800000) (1024K)]
  0x00007f20300118f0 WorkerThread "GC Thread#5"                     [id=18021, stack(0x00007f1fdf4b4000,0x00007f1fdf5b4000) (1024K)]
  0x00007f2030016ff0 WorkerThread "GC Thread#6"                     [id=18022, stack(0x00007f1fdf3b3000,0x00007f1fdf4b3000) (1024K)]
  0x00007f2030017760 WorkerThread "GC Thread#7"                     [id=18023, stack(0x00007f1fdf2b2000,0x00007f1fdf3b2000) (1024K)]
  0x00007f20300182a0 WorkerThread "GC Thread#8"                     [id=18024, stack(0x00007f1fdf1b1000,0x00007f1fdf2b1000) (1024K)]
  0x00007f2030018de0 WorkerThread "GC Thread#9"                     [id=18025, stack(0x00007f1fdf0b0000,0x00007f1fdf1b0000) (1024K)]
  0x00007f2030019920 WorkerThread "GC Thread#10"                    [id=18026, stack(0x00007f1fdefaf000,0x00007f1fdf0af000) (1024K)]
  0x00007f2030010c10 WorkerThread "GC Thread#11"                    [id=18040, stack(0x00007f1fdf5b5000,0x00007f1fdf6b5000) (1024K)]
  0x00007f203001adf0 WorkerThread "GC Thread#12"                    [id=18041, stack(0x00007f1fdeeae000,0x00007f1fdefae000) (1024K)]
  0x00007f20b40a4170 ConcurrentGCThread "G1 Main Marker"            [id=17973, stack(0x00007f2098247000,0x00007f2098347000) (1024K)]
  0x00007f20b40a5110 WorkerThread "G1 Conc#0"                       [id=17974, stack(0x00007f2098146000,0x00007f2098246000) (1024K)]
  0x00007f20b414bea0 ConcurrentGCThread "G1 Refine#0"               [id=17976, stack(0x00007f20892f4000,0x00007f20893f4000) (1024K)]
  0x00007f20b414ce50 ConcurrentGCThread "G1 Service"                [id=17977, stack(0x00007f20891f3000,0x00007f20892f3000) (1024K)]
Total: 19

Threads with active compile tasks:
Total: 0

VM state: not at safepoint (normal execution)

VM Mutex/Monitor currently owned by a thread: None

Heap address: 0x000000070cc00000, size: 3892 MB, Compressed Oops mode: Zero based, Oop shift amount: 3

CDS archive(s) mapped at: [0x00007f203b000000-0x00007f203bc97000-0x00007f203bc97000), size 13201408, SharedBaseAddress: 0x00007f203b000000, ArchiveRelocationMode: 1.
Compressed class space mapped at: 0x00007f203c000000-0x00007f207c000000, reserved size: 1073741824
Narrow klass base: 0x00007f203b000000, Narrow klass shift: 0, Narrow klass range: 0x100000000

GC Precious Log:
 CardTable entry size: 512
 Card Set container configuration: InlinePtr #cards 4 size 8 Array Of Cards #cards 16 size 48 Howl #buckets 8 coarsen threshold 3686 Howl Bitmap #cards 512 size 80 coarsen threshold 460 Card regions per heap region 1 cards per card region 4096
 CPUs: 16 total, 16 available
 Memory: 15564M
 Large Page Support: Disabled
 NUMA Support: Disabled
 Compressed Oops: Enabled (Zero based)
 Heap Region Size: 2M
 Heap Min Capacity: 8M
 Heap Initial Capacity: 244M
 Heap Max Capacity: 3892M
 Pre-touch: Disabled
 Parallel Workers: 13
 Concurrent Workers: 3
 Concurrent Refinement Workers: 13
 Periodic GC: Disabled

Heap:
 garbage-first heap   total 251904K, used 85506K [0x000000070cc00000, 0x0000000800000000)
  region size 2048K, 11 young (22528K), 2 survivors (4096K)
 Metaspace       used 20024K, committed 20800K, reserved 1114112K
  class space    used 1788K, committed 2112K, reserved 1048576K

Heap Regions: E=young(eden), S=young(survivor), O=old, HS=humongous(starts), HC=humongous(continues), CS=collection set, F=free, TAMS=top-at-mark-start, PB=parsable bottom
|   0|0x000000070cc00000, 0x000000070ce00000, 0x000000070ce00000|100%|HS|  |TAMS 0x000000070cc00000| PB 0x000000070cc00000| Complete
|   1|0x000000070ce00000, 0x000000070d000000, 0x000000070d000000|100%|HC|  |TAMS 0x000000070ce00000| PB 0x000000070ce00000| Complete
|   2|0x000000070d000000, 0x000000070d200000, 0x000000070d200000|100%| O|  |TAMS 0x000000070d000000| PB 0x000000070d000000| Untracked
|   3|0x000000070d200000, 0x000000070d400000, 0x000000070d400000|100%| O|  |TAMS 0x000000070d200000| PB 0x000000070d200000| Untracked
|   4|0x000000070d400000, 0x000000070d600000, 0x000000070d600000|100%| O|  |TAMS 0x000000070d400000| PB 0x000000070d400000| Untracked
|   5|0x000000070d600000, 0x000000070d6b1600, 0x000000070d800000| 34%| O|  |TAMS 0x000000070d600000| PB 0x000000070d600000| Untracked
|   6|0x000000070d800000, 0x000000070da00000, 0x000000070da00000|100%|HS|  |TAMS 0x000000070d800000| PB 0x000000070d800000| Complete
|   7|0x000000070da00000, 0x000000070dc00000, 0x000000070dc00000|100%|HC|  |TAMS 0x000000070da00000| PB 0x000000070da00000| Complete
|   8|0x000000070dc00000, 0x000000070de00000, 0x000000070de00000|100%|HS|  |TAMS 0x000000070dc00000| PB 0x000000070dc00000| Complete
|   9|0x000000070de00000, 0x000000070e000000, 0x000000070e000000|100%|HC|  |TAMS 0x000000070de00000| PB 0x000000070de00000| Complete
|  10|0x000000070e000000, 0x000000070e200000, 0x000000070e200000|100%|HS|  |TAMS 0x000000070e000000| PB 0x000000070e000000| Complete
|  11|0x000000070e200000, 0x000000070e400000, 0x000000070e400000|100%|HC|  |TAMS 0x000000070e200000| PB 0x000000070e200000| Complete
|  12|0x000000070e400000, 0x000000070e600000, 0x000000070e600000|100%|HS|  |TAMS 0x000000070e400000| PB 0x000000070e400000| Complete
|  13|0x000000070e600000, 0x000000070e800000, 0x000000070e800000|100%|HC|  |TAMS 0x000000070e600000| PB 0x000000070e600000| Complete
|  14|0x000000070e800000, 0x000000070ea00000, 0x000000070ea00000|100%|HS|  |TAMS 0x000000070e800000| PB 0x000000070e800000| Complete
|  15|0x000000070ea00000, 0x000000070ec00000, 0x000000070ec00000|100%|HC|  |TAMS 0x000000070ea00000| PB 0x000000070ea00000| Complete
|  16|0x000000070ec00000, 0x000000070ee00000, 0x000000070ee00000|100%|HS|  |TAMS 0x000000070ec00000| PB 0x000000070ec00000| Complete
|  17|0x000000070ee00000, 0x000000070f000000, 0x000000070f000000|100%|HC|  |TAMS 0x000000070ee00000| PB 0x000000070ee00000| Complete
|  18|0x000000070f000000, 0x000000070f200000, 0x000000070f200000|100%|HS|  |TAMS 0x000000070f000000| PB 0x000000070f000000| Complete
|  19|0x000000070f200000, 0x000000070f400000, 0x000000070f400000|100%|HC|  |TAMS 0x000000070f200000| PB 0x000000070f200000| Complete
|  20|0x000000070f400000, 0x000000070f600000, 0x000000070f600000|100%|HS|  |TAMS 0x000000070f400000| PB 0x000000070f400000| Complete
|  21|0x000000070f600000, 0x000000070f800000, 0x000000070f800000|100%|HC|  |TAMS 0x000000070f600000| PB 0x000000070f600000| Complete
|  22|0x000000070f800000, 0x000000070fa00000, 0x000000070fa00000|100%|HS|  |TAMS 0x000000070f800000| PB 0x000000070f800000| Complete
|  23|0x000000070fa00000, 0x000000070fc00000, 0x000000070fc00000|100%|HC|  |TAMS 0x000000070fa00000| PB 0x000000070fa00000| Complete
|  24|0x000000070fc00000, 0x000000070fe00000, 0x000000070fe00000|100%|HS|  |TAMS 0x000000070fc00000| PB 0x000000070fc00000| Complete
|  25|0x000000070fe00000, 0x0000000710000000, 0x0000000710000000|100%|HC|  |TAMS 0x000000070fe00000| PB 0x000000070fe00000| Complete
|  26|0x0000000710000000, 0x0000000710200000, 0x0000000710200000|100%|HS|  |TAMS 0x0000000710000000| PB 0x0000000710000000| Complete
|  27|0x0000000710200000, 0x0000000710400000, 0x0000000710400000|100%|HC|  |TAMS 0x0000000710200000| PB 0x0000000710200000| Complete
|  28|0x0000000710400000, 0x0000000710600000, 0x0000000710600000|100%|HS|  |TAMS 0x0000000710400000| PB 0x0000000710400000| Complete
|  29|0x0000000710600000, 0x0000000710800000, 0x0000000710800000|100%|HC|  |TAMS 0x0000000710600000| PB 0x0000000710600000| Complete
|  30|0x0000000710800000, 0x0000000710a00000, 0x0000000710a00000|100%|HS|  |TAMS 0x0000000710800000| PB 0x0000000710800000| Complete
|  31|0x0000000710a00000, 0x0000000710c00000, 0x0000000710c00000|100%|HC|  |TAMS 0x0000000710a00000| PB 0x0000000710a00000| Complete
|  32|0x0000000710c00000, 0x0000000710c00000, 0x0000000710e00000|  0%| F|  |TAMS 0x0000000710c00000| PB 0x0000000710c00000| Untracked
|  33|0x0000000710e00000, 0x0000000710e00000, 0x0000000711000000|  0%| F|  |TAMS 0x0000000710e00000| PB 0x0000000710e00000| Untracked
|  34|0x0000000711000000, 0x0000000711000000, 0x0000000711200000|  0%| F|  |TAMS 0x0000000711000000| PB 0x0000000711000000| Untracked
|  35|0x0000000711200000, 0x0000000711200000, 0x0000000711400000|  0%| F|  |TAMS 0x0000000711200000| PB 0x0000000711200000| Untracked
|  36|0x0000000711400000, 0x0000000711400000, 0x0000000711600000|  0%| F|  |TAMS 0x0000000711400000| PB 0x0000000711400000| Untracked
|  37|0x0000000711600000, 0x0000000711600000, 0x0000000711800000|  0%| F|  |TAMS 0x0000000711600000| PB 0x0000000711600000| Untracked
|  38|0x0000000711800000, 0x0000000711800000, 0x0000000711a00000|  0%| F|  |TAMS 0x0000000711800000| PB 0x0000000711800000| Untracked
|  39|0x0000000711a00000, 0x0000000711a00000, 0x0000000711c00000|  0%| F|  |TAMS 0x0000000711a00000| PB 0x0000000711a00000| Untracked
|  40|0x0000000711c00000, 0x0000000711c00000, 0x0000000711e00000|  0%| F|  |TAMS 0x0000000711c00000| PB 0x0000000711c00000| Untracked
|  41|0x0000000711e00000, 0x0000000711e00000, 0x0000000712000000|  0%| F|  |TAMS 0x0000000711e00000| PB 0x0000000711e00000| Untracked
|  42|0x0000000712000000, 0x0000000712000000, 0x0000000712200000|  0%| F|  |TAMS 0x0000000712000000| PB 0x0000000712000000| Untracked
|  43|0x0000000712200000, 0x0000000712200000, 0x0000000712400000|  0%| F|  |TAMS 0x0000000712200000| PB 0x0000000712200000| Untracked
|  44|0x0000000712400000, 0x0000000712400000, 0x0000000712600000|  0%| F|  |TAMS 0x0000000712400000| PB 0x0000000712400000| Untracked
|  45|0x0000000712600000, 0x0000000712600000, 0x0000000712800000|  0%| F|  |TAMS 0x0000000712600000| PB 0x0000000712600000| Untracked
|  46|0x0000000712800000, 0x0000000712800000, 0x0000000712a00000|  0%| F|  |TAMS 0x0000000712800000| PB 0x0000000712800000| Untracked
|  47|0x0000000712a00000, 0x0000000712a00000, 0x0000000712c00000|  0%| F|  |TAMS 0x0000000712a00000| PB 0x0000000712a00000| Untracked
|  48|0x0000000712c00000, 0x0000000712c00000, 0x0000000712e00000|  0%| F|  |TAMS 0x0000000712c00000| PB 0x0000000712c00000| Untracked
|  49|0x0000000712e00000, 0x0000000712e00000, 0x0000000713000000|  0%| F|  |TAMS 0x0000000712e00000| PB 0x0000000712e00000| Untracked
|  50|0x0000000713000000, 0x0000000713000000, 0x0000000713200000|  0%| F|  |TAMS 0x0000000713000000| PB 0x0000000713000000| Untracked
|  51|0x0000000713200000, 0x0000000713200000, 0x0000000713400000|  0%| F|  |TAMS 0x0000000713200000| PB 0x0000000713200000| Untracked
|  52|0x0000000713400000, 0x0000000713400000, 0x0000000713600000|  0%| F|  |TAMS 0x0000000713400000| PB 0x0000000713400000| Untracked
|  53|0x0000000713600000, 0x0000000713600000, 0x0000000713800000|  0%| F|  |TAMS 0x0000000713600000| PB 0x0000000713600000| Untracked
|  54|0x0000000713800000, 0x0000000713800000, 0x0000000713a00000|  0%| F|  |TAMS 0x0000000713800000| PB 0x0000000713800000| Untracked
|  55|0x0000000713a00000, 0x0000000713bc2dc0, 0x0000000713c00000| 88%| S|CS|TAMS 0x0000000713a00000| PB 0x0000000713a00000| Complete
|  56|0x0000000713c00000, 0x0000000713e00000, 0x0000000713e00000|100%| S|CS|TAMS 0x0000000713c00000| PB 0x0000000713c00000| Complete
|  57|0x0000000713e00000, 0x0000000713e00000, 0x0000000714000000|  0%| F|  |TAMS 0x0000000713e00000| PB 0x0000000713e00000| Untracked
|  58|0x0000000714000000, 0x0000000714000000, 0x0000000714200000|  0%| F|  |TAMS 0x0000000714000000| PB 0x0000000714000000| Untracked
|  59|0x0000000714200000, 0x0000000714200000, 0x0000000714400000|  0%| F|  |TAMS 0x0000000714200000| PB 0x0000000714200000| Untracked
|  60|0x0000000714400000, 0x0000000714400000, 0x0000000714600000|  0%| F|  |TAMS 0x0000000714400000| PB 0x0000000714400000| Untracked
|  61|0x0000000714600000, 0x0000000714600000, 0x0000000714800000|  0%| F|  |TAMS 0x0000000714600000| PB 0x0000000714600000| Untracked
|  62|0x0000000714800000, 0x0000000714800000, 0x0000000714a00000|  0%| F|  |TAMS 0x0000000714800000| PB 0x0000000714800000| Untracked
|  63|0x0000000714a00000, 0x0000000714a00000, 0x0000000714c00000|  0%| F|  |TAMS 0x0000000714a00000| PB 0x0000000714a00000| Untracked
|  64|0x0000000714c00000, 0x0000000714c00000, 0x0000000714e00000|  0%| F|  |TAMS 0x0000000714c00000| PB 0x0000000714c00000| Untracked
|  65|0x0000000714e00000, 0x0000000714e00000, 0x0000000715000000|  0%| F|  |TAMS 0x0000000714e00000| PB 0x0000000714e00000| Untracked
|  66|0x0000000715000000, 0x0000000715000000, 0x0000000715200000|  0%| F|  |TAMS 0x0000000715000000| PB 0x0000000715000000| Untracked
|  67|0x0000000715200000, 0x0000000715200000, 0x0000000715400000|  0%| F|  |TAMS 0x0000000715200000| PB 0x0000000715200000| Untracked
|  68|0x0000000715400000, 0x0000000715400000, 0x0000000715600000|  0%| F|  |TAMS 0x0000000715400000| PB 0x0000000715400000| Untracked
|  69|0x0000000715600000, 0x0000000715600000, 0x0000000715800000|  0%| F|  |TAMS 0x0000000715600000| PB 0x0000000715600000| Untracked
|  70|0x0000000715800000, 0x0000000715800000, 0x0000000715a00000|  0%| F|  |TAMS 0x0000000715800000| PB 0x0000000715800000| Untracked
|  71|0x0000000715a00000, 0x0000000715a00000, 0x0000000715c00000|  0%| F|  |TAMS 0x0000000715a00000| PB 0x0000000715a00000| Untracked
|  72|0x0000000715c00000, 0x0000000715c00000, 0x0000000715e00000|  0%| F|  |TAMS 0x0000000715c00000| PB 0x0000000715c00000| Untracked
|  73|0x0000000715e00000, 0x0000000715e00000, 0x0000000716000000|  0%| F|  |TAMS 0x0000000715e00000| PB 0x0000000715e00000| Untracked
|  74|0x0000000716000000, 0x0000000716000000, 0x0000000716200000|  0%| F|  |TAMS 0x0000000716000000| PB 0x0000000716000000| Untracked
|  75|0x0000000716200000, 0x0000000716200000, 0x0000000716400000|  0%| F|  |TAMS 0x0000000716200000| PB 0x0000000716200000| Untracked
|  76|0x0000000716400000, 0x0000000716400000, 0x0000000716600000|  0%| F|  |TAMS 0x0000000716400000| PB 0x0000000716400000| Untracked
|  77|0x0000000716600000, 0x0000000716600000, 0x0000000716800000|  0%| F|  |TAMS 0x0000000716600000| PB 0x0000000716600000| Untracked
|  78|0x0000000716800000, 0x0000000716800000, 0x0000000716a00000|  0%| F|  |TAMS 0x0000000716800000| PB 0x0000000716800000| Untracked
|  79|0x0000000716a00000, 0x0000000716a00000, 0x0000000716c00000|  0%| F|  |TAMS 0x0000000716a00000| PB 0x0000000716a00000| Untracked
|  80|0x0000000716c00000, 0x0000000716c00000, 0x0000000716e00000|  0%| F|  |TAMS 0x0000000716c00000| PB 0x0000000716c00000| Untracked
|  81|0x0000000716e00000, 0x0000000716e00000, 0x0000000717000000|  0%| F|  |TAMS 0x0000000716e00000| PB 0x0000000716e00000| Untracked
|  82|0x0000000717000000, 0x0000000717000000, 0x0000000717200000|  0%| F|  |TAMS 0x0000000717000000| PB 0x0000000717000000| Untracked
|  83|0x0000000717200000, 0x0000000717200000, 0x0000000717400000|  0%| F|  |TAMS 0x0000000717200000| PB 0x0000000717200000| Untracked
|  84|0x0000000717400000, 0x0000000717400000, 0x0000000717600000|  0%| F|  |TAMS 0x0000000717400000| PB 0x0000000717400000| Untracked
|  85|0x0000000717600000, 0x0000000717600000, 0x0000000717800000|  0%| F|  |TAMS 0x0000000717600000| PB 0x0000000717600000| Untracked
|  86|0x0000000717800000, 0x0000000717800000, 0x0000000717a00000|  0%| F|  |TAMS 0x0000000717800000| PB 0x0000000717800000| Untracked
|  87|0x0000000717a00000, 0x0000000717a00000, 0x0000000717c00000|  0%| F|  |TAMS 0x0000000717a00000| PB 0x0000000717a00000| Untracked
|  88|0x0000000717c00000, 0x0000000717c00000, 0x0000000717e00000|  0%| F|  |TAMS 0x0000000717c00000| PB 0x0000000717c00000| Untracked
|  89|0x0000000717e00000, 0x0000000717e00000, 0x0000000718000000|  0%| F|  |TAMS 0x0000000717e00000| PB 0x0000000717e00000| Untracked
|  90|0x0000000718000000, 0x0000000718000000, 0x0000000718200000|  0%| F|  |TAMS 0x0000000718000000| PB 0x0000000718000000| Untracked
|  91|0x0000000718200000, 0x0000000718200000, 0x0000000718400000|  0%| F|  |TAMS 0x0000000718200000| PB 0x0000000718200000| Untracked
|  92|0x0000000718400000, 0x0000000718400000, 0x0000000718600000|  0%| F|  |TAMS 0x0000000718400000| PB 0x0000000718400000| Untracked
|  93|0x0000000718600000, 0x0000000718600000, 0x0000000718800000|  0%| F|  |TAMS 0x0000000718600000| PB 0x0000000718600000| Untracked
|  94|0x0000000718800000, 0x0000000718800000, 0x0000000718a00000|  0%| F|  |TAMS 0x0000000718800000| PB 0x0000000718800000| Untracked
|  95|0x0000000718a00000, 0x0000000718a00000, 0x0000000718c00000|  0%| F|  |TAMS 0x0000000718a00000| PB 0x0000000718a00000| Untracked
|  96|0x0000000718c00000, 0x0000000718c00000, 0x0000000718e00000|  0%| F|  |TAMS 0x0000000718c00000| PB 0x0000000718c00000| Untracked
|  97|0x0000000718e00000, 0x0000000718e00000, 0x0000000719000000|  0%| F|  |TAMS 0x0000000718e00000| PB 0x0000000718e00000| Untracked
|  98|0x0000000719000000, 0x0000000719000000, 0x0000000719200000|  0%| F|  |TAMS 0x0000000719000000| PB 0x0000000719000000| Untracked
|  99|0x0000000719200000, 0x0000000719200000, 0x0000000719400000|  0%| F|  |TAMS 0x0000000719200000| PB 0x0000000719200000| Untracked
| 100|0x0000000719400000, 0x0000000719400000, 0x0000000719600000|  0%| F|  |TAMS 0x0000000719400000| PB 0x0000000719400000| Untracked
| 101|0x0000000719600000, 0x0000000719600000, 0x0000000719800000|  0%| F|  |TAMS 0x0000000719600000| PB 0x0000000719600000| Untracked
| 102|0x0000000719800000, 0x0000000719800000, 0x0000000719a00000|  0%| F|  |TAMS 0x0000000719800000| PB 0x0000000719800000| Untracked
| 103|0x0000000719a00000, 0x0000000719a00000, 0x0000000719c00000|  0%| F|  |TAMS 0x0000000719a00000| PB 0x0000000719a00000| Untracked
| 104|0x0000000719c00000, 0x0000000719c00000, 0x0000000719e00000|  0%| F|  |TAMS 0x0000000719c00000| PB 0x0000000719c00000| Untracked
| 105|0x0000000719e00000, 0x0000000719e00000, 0x000000071a000000|  0%| F|  |TAMS 0x0000000719e00000| PB 0x0000000719e00000| Untracked
| 106|0x000000071a000000, 0x000000071a000000, 0x000000071a200000|  0%| F|  |TAMS 0x000000071a000000| PB 0x000000071a000000| Untracked
| 107|0x000000071a200000, 0x000000071a200000, 0x000000071a400000|  0%| F|  |TAMS 0x000000071a200000| PB 0x000000071a200000| Untracked
| 108|0x000000071a400000, 0x000000071a400000, 0x000000071a600000|  0%| F|  |TAMS 0x000000071a400000| PB 0x000000071a400000| Untracked
| 109|0x000000071a600000, 0x000000071a600000, 0x000000071a800000|  0%| F|  |TAMS 0x000000071a600000| PB 0x000000071a600000| Untracked
| 110|0x000000071a800000, 0x000000071a800000, 0x000000071aa00000|  0%| F|  |TAMS 0x000000071a800000| PB 0x000000071a800000| Untracked
| 111|0x000000071aa00000, 0x000000071aa00000, 0x000000071ac00000|  0%| F|  |TAMS 0x000000071aa00000| PB 0x000000071aa00000| Untracked
| 112|0x000000071ac00000, 0x000000071ac00000, 0x000000071ae00000|  0%| F|  |TAMS 0x000000071ac00000| PB 0x000000071ac00000| Untracked
| 113|0x000000071ae00000, 0x000000071af00000, 0x000000071b000000| 50%| E|  |TAMS 0x000000071ae00000| PB 0x000000071ae00000| Complete
| 114|0x000000071b000000, 0x000000071b200000, 0x000000071b200000|100%| E|CS|TAMS 0x000000071b000000| PB 0x000000071b000000| Complete
| 115|0x000000071b200000, 0x000000071b400000, 0x000000071b400000|100%| E|CS|TAMS 0x000000071b200000| PB 0x000000071b200000| Complete
| 116|0x000000071b400000, 0x000000071b600000, 0x000000071b600000|100%| E|CS|TAMS 0x000000071b400000| PB 0x000000071b400000| Complete
| 117|0x000000071b600000, 0x000000071b800000, 0x000000071b800000|100%| E|CS|TAMS 0x000000071b600000| PB 0x000000071b600000| Complete
| 118|0x000000071b800000, 0x000000071ba00000, 0x000000071ba00000|100%| E|CS|TAMS 0x000000071b800000| PB 0x000000071b800000| Complete
| 119|0x000000071ba00000, 0x000000071bc00000, 0x000000071bc00000|100%| E|CS|TAMS 0x000000071ba00000| PB 0x000000071ba00000| Complete
| 120|0x000000071bc00000, 0x000000071be00000, 0x000000071be00000|100%| E|CS|TAMS 0x000000071bc00000| PB 0x000000071bc00000| Complete
| 121|0x000000071be00000, 0x000000071c000000, 0x000000071c000000|100%| E|CS|TAMS 0x000000071be00000| PB 0x000000071be00000| Complete
|1945|0x00000007ffe00000, 0x00000007fff0c670, 0x0000000800000000| 52%| O|  |TAMS 0x00000007ffe00000| PB 0x00000007ffe00000| Untracked

Card table byte_map: [0x00007f209c118000,0x00007f209c8b2000] _byte_map_base: 0x00007f20988b2000

Marking Bits: (CMBitMap*) 0x00007f20b4094320
 Bits: [0x00007f2098448000, 0x00007f209c118000)

Polling page: 0x00007f20bbc4d000

Metaspace:

Usage:
  Non-class:     17.81 MB used.
      Class:      1.75 MB used.
       Both:     19.56 MB used.

Virtual space:
  Non-class space:       64.00 MB reserved,      18.25 MB ( 29%) committed,  1 nodes.
      Class space:        1.00 GB reserved,       2.06 MB ( <1%) committed,  1 nodes.
             Both:        1.06 GB reserved,      20.31 MB (  2%) committed.

Chunk freelists:
   Non-Class:  13.04 MB
       Class:  13.89 MB
        Both:  26.93 MB

MaxMetaspaceSize: unlimited
CompressedClassSpaceSize: 1.00 GB
Initial GC threshold: 21.00 MB
Current GC threshold: 21.00 MB
CDS: on
 - commit_granule_bytes: 65536.
 - commit_granule_words: 8192.
 - virtual_space_node_default_size: 8388608.
 - enlarge_chunks_in_place: 1.
 - use_allocation_guard: 0.


Internal statistics:

num_allocs_failed_limit: 0.
num_arena_births: 1084.
num_arena_deaths: 0.
num_vsnodes_births: 2.
num_vsnodes_deaths: 0.
num_space_committed: 320.
num_space_uncommitted: 0.
num_chunks_returned_to_freelist: 0.
num_chunks_taken_from_freelist: 1801.
num_chunk_merges: 0.
num_chunk_splits: 1195.
num_chunks_enlarged: 734.
num_inconsistent_stats: 0.

CodeHeap 'non-profiled nmethods': size=119168Kb used=4176Kb max_used=4176Kb free=114991Kb
 bounds [0x00007f20a4452000, 0x00007f20a4872000, 0x00007f20ab8b2000]
CodeHeap 'profiled nmethods': size=119164Kb used=12644Kb max_used=12644Kb free=106519Kb
 bounds [0x00007f209c8b2000, 0x00007f209d512000, 0x00007f20a3d11000]
CodeHeap 'non-nmethods': size=7428Kb used=2430Kb max_used=3584Kb free=4997Kb
 bounds [0x00007f20a3d11000, 0x00007f20a40a1000, 0x00007f20a4452000]
 total_blobs=7033 nmethods=6295 adapters=641
 compilation: enabled
              stopped_count=0, restarted_count=0
 full_count=0

Compilation events (20 events):
Event: 4.301 Thread 0x00007f20100a2c00 nmethod 6278 0x00007f20a485c190 code [0x00007f20a485c300, 0x00007f20a485c3a0]
Event: 4.301 Thread 0x00007f20b4183a40 6279       3       org.junit.platform.engine.support.hierarchical.SameThreadHierarchicalTestExecutorService$$Lambda/0x00007f203c11f780::accept (10 bytes)
Event: 4.301 Thread 0x00007f20b4183a40 nmethod 6279 0x00007f209d502990 code [0x00007f209d502b40, 0x00007f209d502dd8]
Event: 4.301 Thread 0x00007f20b4183a40 6280       3       java.lang.invoke.MethodHandles$Lookup::findVirtual (91 bytes)
Event: 4.302 Thread 0x00007f200813b980 6281       3       org.junit.platform.engine.support.hierarchical.NodeTestTask$$Lambda/0x00007f203c1134f0::run (4 bytes)
Event: 4.302 Thread 0x00007f200800ba10 6282       3       org.junit.platform.engine.support.hierarchical.NodeTestTask::lambda$static$0 (10 bytes)
Event: 4.302 Thread 0x00007f200813b980 nmethod 6281 0x00007f209d502f10 code [0x00007f209d5030c0, 0x00007f209d5031f8]
Event: 4.302 Thread 0x00007f200800ba10 nmethod 6282 0x00007f209d503290 code [0x00007f209d503440, 0x00007f209d503580]
Event: 4.302 Thread 0x00007f1fd82fa1b0 nmethod 6258 0x00007f20a485c490 code [0x00007f20a485c740, 0x00007f20a485e518]
Event: 4.302 Thread 0x00007f20b4183a40 nmethod 6280 0x00007f209d503690 code [0x00007f209d503940, 0x00007f209d504498]
Event: 4.303 Thread 0x00007f1fd82fa1b0 6286       4       jdk.internal.org.objectweb.asm.Frame::push (59 bytes)
Event: 4.304 Thread 0x00007f200813b980 6287       3       java.lang.invoke.BoundMethodHandle$Species_LL::copyWithExtendL (25 bytes)
Event: 4.304 Thread 0x00007f200813b980 nmethod 6287 0x00007f209d504990 code [0x00007f209d504b60, 0x00007f209d504fd8]
Event: 4.305 Thread 0x00007f20b4183a40 6288       3       org.junit.platform.commons.util.ReflectionUtils::tryToLoadClass (104 bytes)
Event: 4.305 Thread 0x00007f200813b980 6289       3       java.lang.invoke.LambdaFormEditor::filterReturnForm (383 bytes)
Event: 4.305 Thread 0x00007f20b4183a40 nmethod 6288 0x00007f209d505110 code [0x00007f209d505400, 0x00007f209d5062d0]
Event: 4.306 Thread 0x00007f200813b980 nmethod 6289 0x00007f209d506890 code [0x00007f209d506d00, 0x00007f209d508c30]
Event: 4.307 Thread 0x00007f20b4183a40 6290       3       org.junit.platform.engine.support.hierarchical.Node::after (9 bytes)
Event: 4.307 Thread 0x00007f20b4183a40 nmethod 6290 0x00007f209d509b10 code [0x00007f209d509cc0, 0x00007f209d509e20]
Event: 4.308 Thread 0x00007f1fd82fa1b0 nmethod 6286 0x00007f20a485f990 code [0x00007f20a485fbc0, 0x00007f20a4860538]

GC Heap History (8 events):
Event: 0.488 GC heap before
{Heap before GC invocations=0 (full 0):
 garbage-first heap   total 251904K, used 23601K [0x000000070cc00000, 0x0000000800000000)
  region size 2048K, 11 young (22528K), 0 survivors (0K)
 Metaspace       used 3659K, committed 3776K, reserved 1114112K
  class space    used 326K, committed 384K, reserved 1048576K
}
Event: 0.492 GC heap after
{Heap after GC invocations=1 (full 0):
 garbage-first heap   total 251904K, used 4369K [0x000000070cc00000, 0x0000000800000000)
  region size 2048K, 2 young (4096K), 2 survivors (4096K)
 Metaspace       used 3659K, committed 3776K, reserved 1114112K
  class space    used 326K, committed 384K, reserved 1048576K
}
Event: 1.260 GC heap before
{Heap before GC invocations=1 (full 0):
 garbage-first heap   total 251904K, used 59665K [0x000000070cc00000, 0x0000000800000000)
  region size 2048K, 29 young (59392K), 2 survivors (4096K)
 Metaspace       used 7653K, committed 7808K, reserved 1114112K
  class space    used 731K, committed 832K, reserved 1048576K
}
Event: 1.264 GC heap after
{Heap after GC invocations=2 (full 0):
 garbage-first heap   total 251904K, used 5420K [0x000000070cc00000, 0x0000000800000000)
  region size 2048K, 3 young (6144K), 3 survivors (6144K)
 Metaspace       used 7653K, committed 7808K, reserved 1114112K
  class space    used 731K, committed 832K, reserved 1048576K
}
Event: 2.659 GC heap before
{Heap before GC invocations=2 (full 0):
 garbage-first heap   total 251904K, used 148780K [0x000000070cc00000, 0x0000000800000000)
  region size 2048K, 73 young (149504K), 3 survivors (6144K)
 Metaspace       used 14266K, committed 14464K, reserved 1114112K
  class space    used 1271K, committed 1344K, reserved 1048576K
}
Event: 2.669 GC heap after
{Heap after GC invocations=3 (full 0):
 garbage-first heap   total 251904K, used 17457K [0x000000070cc00000, 0x0000000800000000)
  region size 2048K, 8 young (16384K), 8 survivors (16384K)
 Metaspace       used 14266K, committed 14464K, reserved 1114112K
  class space    used 1271K, committed 1344K, reserved 1048576K
}
Event: 4.172 GC heap before
{Heap before GC invocations=3 (full 0):
 garbage-first heap   total 251904K, used 154673K [0x000000070cc00000, 0x0000000800000000)
  region size 2048K, 73 young (149504K), 8 survivors (16384K)
 Metaspace       used 19686K, committed 20416K, reserved 1114112K
  class space    used 1732K, committed 2048K, reserved 1048576K
}
Event: 4.179 GC heap after
{Heap after GC invocations=4 (full 0):
 garbage-first heap   total 251904K, used 15874K [0x000000070cc00000, 0x0000000800000000)
  region size 2048K, 2 young (4096K), 2 survivors (4096K)
 Metaspace       used 19686K, committed 20416K, reserved 1114112K
  class space    used 1732K, committed 2048K, reserved 1048576K
}

Dll operation events (12 events):
Event: 0.005 Loaded shared library /usr/lib/jvm/java-21-amazon-corretto/lib/libjava.so
Event: 0.028 Loaded shared library /usr/lib/jvm/java-21-amazon-corretto/lib/libjsvml.so
Event: 0.054 Loaded shared library /usr/lib/jvm/java-21-amazon-corretto/lib/libzip.so
Event: 0.059 Loaded shared library /usr/lib/jvm/java-21-amazon-corretto/lib/libinstrument.so
Event: 0.062 Loaded shared library /usr/lib/jvm/java-21-amazon-corretto/lib/libnio.so
Event: 0.066 Loaded shared library /usr/lib/jvm/java-21-amazon-corretto/lib/libzip.so
Event: 0.163 Loaded shared library /usr/lib/jvm/java-21-amazon-corretto/lib/libverify.so
Event: 0.186 Loaded shared library /usr/lib/jvm/java-21-amazon-corretto/lib/libnet.so
Event: 0.188 Loaded shared library /usr/lib/jvm/java-21-amazon-corretto/lib/libjimage.so
Event: 0.416 Loaded shared library /usr/lib/jvm/java-21-amazon-corretto/lib/libmanagement.so
Event: 0.425 Loaded shared library /usr/lib/jvm/java-21-amazon-corretto/lib/libmanagement_ext.so
Event: 1.903 Loaded shared library /tmp/jffi5633389435295216473.so

Deoptimization events (20 events):
Event: 4.257 Thread 0x00007f20b402cd40 Uncommon trap: trap_request=0xffffff45 fr.pc=0x00007f20a47cfadc relative=0x00000000000000bc
Event: 4.257 Thread 0x00007f20b402cd40 Uncommon trap: reason=unstable_if action=reinterpret pc=0x00007f20a47cfadc method=java.lang.invoke.LambdaForm$BasicType.basicType(C)Ljava/lang/invoke/LambdaForm$BasicType; @ 1 c2
Event: 4.257 Thread 0x00007f20b402cd40 DEOPT PACKING pc=0x00007f20a47cfadc sp=0x00007f20b9f19550
Event: 4.257 Thread 0x00007f20b402cd40 DEOPT UNPACKING pc=0x00007f20a3d68619 sp=0x00007f20b9f194a0 mode 2
Event: 4.258 Thread 0x00007f20b402cd40 Uncommon trap: trap_request=0xffffff45 fr.pc=0x00007f20a480840c relative=0x0000000000000fcc
Event: 4.258 Thread 0x00007f20b402cd40 Uncommon trap: reason=unstable_if action=reinterpret pc=0x00007f20a480840c method=java.lang.invoke.LambdaForm$BasicType.basicType(C)Ljava/lang/invoke/LambdaForm$BasicType; @ 1 c2
Event: 4.258 Thread 0x00007f20b402cd40 DEOPT PACKING pc=0x00007f20a480840c sp=0x00007f20b9f19750
Event: 4.258 Thread 0x00007f20b402cd40 DEOPT UNPACKING pc=0x00007f20a3d68619 sp=0x00007f20b9f19550 mode 2
Event: 4.259 Thread 0x00007f20b402cd40 Uncommon trap: trap_request=0xffffff45 fr.pc=0x00007f20a4810b40 relative=0x0000000000000220
Event: 4.259 Thread 0x00007f20b402cd40 Uncommon trap: reason=unstable_if action=reinterpret pc=0x00007f20a4810b40 method=java.lang.invoke.LambdaForm.useCount(Ljava/lang/invoke/LambdaForm$Name;)I @ 8 c2
Event: 4.259 Thread 0x00007f20b402cd40 DEOPT PACKING pc=0x00007f20a4810b40 sp=0x00007f20b9f19300
Event: 4.259 Thread 0x00007f20b402cd40 DEOPT UNPACKING pc=0x00007f20a3d68619 sp=0x00007f20b9f192b8 mode 2
Event: 4.259 Thread 0x00007f20b402cd40 Uncommon trap: trap_request=0xffffff45 fr.pc=0x00007f20a47c4ed8 relative=0x0000000000000138
Event: 4.259 Thread 0x00007f20b402cd40 Uncommon trap: reason=unstable_if action=reinterpret pc=0x00007f20a47c4ed8 method=jdk.internal.org.objectweb.asm.ByteVector.putInt(I)Ljdk/internal/org/objectweb/asm/ByteVector; @ 13 c2
Event: 4.259 Thread 0x00007f20b402cd40 DEOPT PACKING pc=0x00007f20a47c4ed8 sp=0x00007f20b9f194d0
Event: 4.259 Thread 0x00007f20b402cd40 DEOPT UNPACKING pc=0x00007f20a3d68619 sp=0x00007f20b9f19488 mode 2
Event: 4.262 Thread 0x00007f20b402cd40 Uncommon trap: trap_request=0xffffff45 fr.pc=0x00007f20a451e9b0 relative=0x0000000000000110
Event: 4.262 Thread 0x00007f20b402cd40 Uncommon trap: reason=unstable_if action=reinterpret pc=0x00007f20a451e9b0 method=jdk.internal.org.objectweb.asm.ByteVector.putShort(I)Ljdk/internal/org/objectweb/asm/ByteVector; @ 13 c2
Event: 4.262 Thread 0x00007f20b402cd40 DEOPT PACKING pc=0x00007f20a451e9b0 sp=0x00007f20b9f19300
Event: 4.262 Thread 0x00007f20b402cd40 DEOPT UNPACKING pc=0x00007f20a3d68619 sp=0x00007f20b9f192a8 mode 2

Classes loaded (20 events):
Event: 4.255 Loading class java/lang/invoke/DirectMethodHandle$1
Event: 4.255 Loading class java/lang/invoke/DirectMethodHandle$1 done
Event: 4.255 Loading class java/util/ReverseOrderListView
Event: 4.256 Loading class java/util/ReverseOrderListView done
Event: 4.256 Loading class java/util/ReverseOrderListView$Rand
Event: 4.256 Loading class java/util/ReverseOrderListView$Rand done
Event: 4.256 Loading class java/util/ImmutableCollections$SubList
Event: 4.256 Loading class java/util/ImmutableCollections$SubList done
Event: 4.257 Loading class java/lang/invoke/MethodHandleImpl$Makers
Event: 4.257 Loading class java/lang/invoke/MethodHandleImpl$Makers done
Event: 4.257 Loading class java/lang/invoke/MethodHandleImpl$Makers$1
Event: 4.257 Loading class java/lang/invoke/MethodHandleImpl$Makers$1 done
Event: 4.257 Loading class java/lang/invoke/MethodHandleImpl$Makers$2
Event: 4.257 Loading class java/lang/invoke/MethodHandleImpl$Makers$2 done
Event: 4.257 Loading class java/lang/invoke/MethodHandleImpl$Makers$3
Event: 4.257 Loading class java/lang/invoke/MethodHandleImpl$Makers$3 done
Event: 4.257 Loading class java/lang/invoke/MethodHandleImpl$CountingWrapper
Event: 4.257 Loading class java/lang/invoke/MethodHandleImpl$CountingWrapper done
Event: 4.259 Loading class java/lang/invoke/MethodHandleImpl$TableSwitchCacheKey
Event: 4.259 Loading class java/lang/invoke/MethodHandleImpl$TableSwitchCacheKey done

Classes unloaded (0 events):
No events

Classes redefined (0 events):
No events

Internal exceptions (20 events):
Event: 3.873 Thread 0x00007f20b402cd40 Exception <a 'java/lang/ClassCastException'{0x0000000716752bc0}: class jnr.ffi.provider.jffi.NativeRuntime cannot be cast to class jnr.ffi.provider.LoadedLibrary (jnr.ffi.provider.jffi.NativeRuntime and jnr.ffi.provider.LoadedLibrary are in unnamed module of loader 'app')> (0x0000000716752bc0)
thrown [src/hotspot/share/interpreter/interpreterRuntime.cpp, line 455]
Event: 3.873 Thread 0x00007f20b402cd40 Exception <a 'java/lang/ClassCastException'{0x000000071678a5f0}: class jnr.ffi.provider.jffi.NativeRuntime cannot be cast to class jnr.ffi.provider.LoadedLibrary (jnr.ffi.provider.jffi.NativeRuntime and jnr.ffi.provider.LoadedLibrary are in unnamed module of loader 'app')> (0x000000071678a5f0)
thrown [src/hotspot/share/interpreter/interpreterRuntime.cpp, line 455]
Event: 4.039 Thread 0x00007f20b402cd40 Exception <a 'java/lang/NoSuchMethodError'{0x00000007155f1d38}: 'void java.lang.invoke.DelegatingMethodHandle$Holder.reinvoke_L(java.lang.Object, java.lang.Object, java.lang.Object, java.lang.Object, int, int)'> (0x00000007155f1d38)
thrown [src/hotspot/share/interpreter/linkResolver.cpp, line 773]
Event: 4.080 Thread 0x00007f20b402cd40 Implicit null exception at 0x00007f20a484038a to 0x00007f20a484044c
Event: 4.254 Thread 0x00007f20b402cd40 Exception <a 'java/lang/NoSuchMethodError'{0x000000071b6039f8}: 'java.lang.Object java.lang.invoke.DirectMethodHandle$Holder.invokeStaticInit(java.lang.Object, java.lang.Object, java.lang.Object, java.lang.Object, java.lang.Object)'> (0x000000071b6039f8)
thrown [src/hotspot/share/interpreter/linkResolver.cpp, line 773]
Event: 4.254 Thread 0x00007f20b402cd40 Exception <a 'java/lang/NoSuchMethodError'{0x000000071b608150}: 'int java.lang.invoke.DirectMethodHandle$Holder.invokeSpecial(java.lang.Object, java.lang.Object, java.lang.Object, java.lang.Object)'> (0x000000071b608150)
thrown [src/hotspot/share/interpreter/linkResolver.cpp, line 773]
Event: 4.254 Thread 0x00007f20b402cd40 Exception <a 'java/lang/NoSuchMethodError'{0x000000071b60ef80}: 'int java.lang.invoke.DirectMethodHandle$Holder.invokeStaticInit(java.lang.Object, java.lang.Object, java.lang.Object)'> (0x000000071b60ef80)
thrown [src/hotspot/share/interpreter/linkResolver.cpp, line 773]
Event: 4.254 Thread 0x00007f20b402cd40 Exception <a 'java/lang/NoSuchMethodError'{0x000000071b616858}: 'int java.lang.invoke.DirectMethodHandle$Holder.invokeStaticInit(java.lang.Object, java.lang.Object, java.lang.Object, java.lang.Object, java.lang.Object)'> (0x000000071b616858)
thrown [src/hotspot/share/interpreter/linkResolver.cpp, line 773]
Event: 4.255 Thread 0x00007f20b402cd40 Exception <a 'java/lang/NoSuchMethodError'{0x000000071b61a8f8}: 'int java.lang.invoke.DirectMethodHandle$Holder.invokeStaticInit(java.lang.Object, int)'> (0x000000071b61a8f8)
thrown [src/hotspot/share/interpreter/linkResolver.cpp, line 773]
Event: 4.255 Thread 0x00007f20b402cd40 Exception <a 'java/lang/NoSuchMethodError'{0x000000071b622568}: 'int java.lang.invoke.DirectMethodHandle$Holder.invokeStaticInit(java.lang.Object, java.lang.Object, java.lang.Object, java.lang.Object, java.lang.Object, java.lang.Object)'> (0x000000071b622568)
thrown [src/hotspot/share/interpreter/linkResolver.cpp, line 773]
Event: 4.257 Thread 0x00007f20b402cd40 Exception <a 'java/lang/NoSuchMethodError'{0x000000071b63b1d8}: 'java.lang.Object java.lang.invoke.DirectMethodHandle$Holder.invokeSpecial(java.lang.Object, java.lang.Object, int, java.lang.Object, java.lang.Object)'> (0x000000071b63b1d8)
thrown [src/hotspot/share/interpreter/linkResolver.cpp, line 773]
Event: 4.257 Thread 0x00007f20b402cd40 Exception <a 'java/lang/NoSuchMethodError'{0x000000071b63f368}: 'java.lang.Object java.lang.invoke.DelegatingMethodHandle$Holder.delegate(java.lang.Object, int, java.lang.Object, java.lang.Object)'> (0x000000071b63f368)
thrown [src/hotspot/share/interpreter/linkResolver.cpp, line 773]
Event: 4.257 Thread 0x00007f20b402cd40 Implicit null exception at 0x00007f20a47f0874 to 0x00007f20a47f0ad0
Event: 4.259 Thread 0x00007f20b402cd40 Exception <a 'java/lang/NoSuchMethodError'{0x000000071b6679c0}: 'java.lang.Object java.lang.invoke.DirectMethodHandle$Holder.invokeSpecial(java.lang.Object, java.lang.Object, java.lang.Object, int, java.lang.Object)'> (0x000000071b6679c0)
thrown [src/hotspot/share/interpreter/linkResolver.cpp, line 773]
Event: 4.262 Thread 0x00007f20b402cd40 Exception <a 'java/lang/NoSuchMethodError'{0x000000071b68adf8}: 'int java.lang.invoke.DirectMethodHandle$Holder.invokeSpecial(java.lang.Object, java.lang.Object, int)'> (0x000000071b68adf8)
thrown [src/hotspot/share/interpreter/linkResolver.cpp, line 773]
Event: 4.262 Thread 0x00007f20b402cd40 Exception <a 'java/lang/NoSuchMethodError'{0x000000071b692e88}: 'int java.lang.invoke.Invokers$Holder.linkToTargetMethod(java.lang.Object, int, java.lang.Object)'> (0x000000071b692e88)
thrown [src/hotspot/share/interpreter/linkResolver.cpp, line 773]
Event: 4.295 Thread 0x00007f20b402cd40 Exception <a 'java/lang/NoSuchMethodError'{0x000000071b01f290}: 'void java.lang.invoke.DirectMethodHandle$Holder.invokeVirtual(java.lang.Object, java.lang.Object)'> (0x000000071b01f290)
thrown [src/hotspot/share/interpreter/linkResolver.cpp, line 773]
Event: 4.302 Thread 0x00007f20b402cd40 Exception <a 'java/lang/NoSuchMethodError'{0x000000071b180580}: 'void java.lang.invoke.DirectMethodHandle$Holder.invokeVirtual(java.lang.Object, java.lang.Object, java.lang.Object, float)'> (0x000000071b180580)
thrown [src/hotspot/share/interpreter/linkResolver.cpp, line 773]
Event: 4.302 Thread 0x00007f20b402cd40 Exception <a 'java/lang/NoSuchMethodError'{0x000000071b1848b0}: 'void java.lang.invoke.DirectMethodHandle$Holder.invokeSpecial(java.lang.Object, java.lang.Object, java.lang.Object, java.lang.Object, float)'> (0x000000071b1848b0)
thrown [src/hotspot/share/interpreter/linkResolver.cpp, line 773]
Event: 4.302 Thread 0x00007f20b402cd40 Exception <a 'java/lang/NoSuchMethodError'{0x000000071b1885b8}: 'void java.lang.invoke.DelegatingMethodHandle$Holder.reinvoke_L(java.lang.Object, java.lang.Object, java.lang.Object, float)'> (0x000000071b1885b8)
thrown [src/hotspot/share/interpreter/linkResolver.cpp, line 773]

ZGC Phase Switch (0 events):
No events

VM Operations (20 events):
Event: 2.942 Executing VM operation: HandshakeAllThreads (Deoptimize)
Event: 2.942 Executing VM operation: HandshakeAllThreads (Deoptimize) done
Event: 2.944 Executing VM operation: HandshakeAllThreads (Deoptimize)
Event: 2.944 Executing VM operation: HandshakeAllThreads (Deoptimize) done
Event: 2.958 Executing VM operation: HandshakeAllThreads (Deoptimize)
Event: 2.958 Executing VM operation: HandshakeAllThreads (Deoptimize) done
Event: 3.057 Executing VM operation: ICBufferFull
Event: 3.057 Executing VM operation: ICBufferFull done
Event: 3.193 Executing VM operation: ICBufferFull
Event: 3.193 Executing VM operation: ICBufferFull done
Event: 3.213 Executing VM operation: HandshakeAllThreads (Deoptimize)
Event: 3.213 Executing VM operation: HandshakeAllThreads (Deoptimize) done
Event: 3.616 Executing VM operation: ICBufferFull
Event: 3.616 Executing VM operation: ICBufferFull done
Event: 3.765 Executing VM operation: HandshakeAllThreads (Deoptimize)
Event: 3.766 Executing VM operation: HandshakeAllThreads (Deoptimize) done
Event: 4.172 Executing VM operation: G1CollectForAllocation (G1 Evacuation Pause)
Event: 4.179 Executing VM operation: G1CollectForAllocation (G1 Evacuation Pause) done
Event: 4.294 Executing VM operation: HandshakeAllThreads (Deoptimize)
Event: 4.294 Executing VM operation: HandshakeAllThreads (Deoptimize) done

Memory protections (20 events):
Event: 0.027 Protecting memory [0x00007f2088b11000,0x00007f2088b15000] with protection modes 0
Event: 0.027 Protecting memory [0x00007f2088a10000,0x00007f2088a14000] with protection modes 0
Event: 0.027 Protecting memory [0x00007f208890f000,0x00007f2088913000] with protection modes 0
Event: 0.027 Protecting memory [0x00007f208880e000,0x00007f2088812000] with protection modes 0
Event: 0.041 Protecting memory [0x00007f208870d000,0x00007f2088711000] with protection modes 0
Event: 0.045 Protecting memory [0x00007f2088300000,0x00007f2088304000] with protection modes 0
Event: 0.071 Protecting memory [0x00007f20881ff000,0x00007f2088203000] with protection modes 0
Event: 0.073 Protecting memory [0x00007f20880fe000,0x00007f2088102000] with protection modes 0
Event: 0.274 Protecting memory [0x00007f2036f00000,0x00007f2036f04000] with protection modes 0
Event: 0.468 Protecting memory [0x00007f2036b00000,0x00007f2036b04000] with protection modes 0
Event: 0.483 Protecting memory [0x00007f2036700000,0x00007f2036704000] with protection modes 0
Event: 0.496 Protecting memory [0x00007f20355ff000,0x00007f2035603000] with protection modes 0
Event: 0.498 Protecting memory [0x00007f20354fe000,0x00007f2035502000] with protection modes 0
Event: 0.500 Protecting memory [0x00007f20353fd000,0x00007f2035401000] with protection modes 0
Event: 1.494 Protecting memory [0x00007f20353fd000,0x00007f2035401000] with protection modes 0
Event: 2.541 Protecting memory [0x00007f20355ff000,0x00007f2035603000] with protection modes 0
Event: 2.604 Protecting memory [0x00007f20354fe000,0x00007f2035502000] with protection modes 0
Event: 2.604 Protecting memory [0x00007f1fdf6b6000,0x00007f1fdf6ba000] with protection modes 0
Event: 2.644 Protecting memory [0x00007f1fdf5b5000,0x00007f1fdf5b9000] with protection modes 0
Event: 2.926 Protecting memory [0x00007f1fdf6b6000,0x00007f1fdf6ba000] with protection modes 0

Nmethod flushes (0 events):
No events

Events (20 events):
Event: 0.045 Thread 0x00007f20b4183a40 Thread added: 0x00007f2010076d90
Event: 0.071 Thread 0x00007f2010076d90 Thread added: 0x00007f200800ba10
Event: 0.073 Thread 0x00007f20b4183a40 Thread added: 0x00007f20100a2c00
Event: 0.274 Thread 0x00007f20b402cd40 Thread added: 0x00007f20b4601860
Event: 0.468 Thread 0x00007f20b402cd40 Thread added: 0x00007f20b4657530
Event: 0.483 Thread 0x00007f20b402cd40 Thread added: 0x00007f20b4670790
Event: 0.496 Thread 0x00007f20b4183a40 Thread added: 0x00007f20103aaef0
Event: 0.498 Thread 0x00007f20b4183a40 Thread added: 0x00007f20103ac4a0
Event: 0.500 Thread 0x00007f20100a2c00 Thread added: 0x00007f20000d1c70
Event: 1.148 Thread 0x00007f20000d1c70 Thread exited: 0x00007f20000d1c70
Event: 1.494 Thread 0x00007f2010076d90 Thread added: 0x00007f200813b980
Event: 2.119 Thread 0x00007f20103ac4a0 Thread exited: 0x00007f20103ac4a0
Event: 2.119 Thread 0x00007f20103aaef0 Thread exited: 0x00007f20103aaef0
Event: 2.541 Thread 0x00007f200813b980 Thread added: 0x00007f1fd811e600
Event: 2.604 Thread 0x00007f200813b980 Thread added: 0x00007f1fd82fa1b0
Event: 2.604 Thread 0x00007f200813b980 Thread added: 0x00007f1fd82faeb0
Event: 2.644 Thread 0x00007f1fd82faeb0 Thread added: 0x00007f1fd400cd10
Event: 2.863 Thread 0x00007f1fd400cd10 Thread exited: 0x00007f1fd400cd10
Event: 2.863 Thread 0x00007f1fd82faeb0 Thread exited: 0x00007f1fd82faeb0
Event: 2.926 Thread 0x00007f20b402cd40 Thread added: 0x00007f20b4a64510


Dynamic libraries:
70cc00000-71c000000 rw-p 00000000 00:00 0
71c000000-7ffe00000 ---p 00000000 00:00 0
7ffe00000-7fff0d000 rw-p 00cd6000 08:30 54565                            /usr/lib/jvm/java-21-amazon-corretto/lib/server/classes.jsa
7fff0d000-800000000 rw-p 00000000 00:00 0
55edd3000000-55edd3001000 r-xp 00000000 08:30 54066                      /usr/lib/jvm/java-21-amazon-corretto/bin/java
55edd3201000-55edd3202000 r--p 00001000 08:30 54066                      /usr/lib/jvm/java-21-amazon-corretto/bin/java
55edd3202000-55edd3203000 rw-p 00002000 08:30 54066                      /usr/lib/jvm/java-21-amazon-corretto/bin/java
55edde03f000-55edde085000 rw-p 00000000 00:00 0                          [heap]
7f1fb4000000-7f1fb4021000 rw-p 00000000 00:00 0
7f1fb4021000-7f1fb8000000 ---p 00000000 00:00 0
7f1fb8000000-7f1fb8021000 rw-p 00000000 00:00 0
7f1fb8021000-7f1fbc000000 ---p 00000000 00:00 0
7f1fbc000000-7f1fbc021000 rw-p 00000000 00:00 0
7f1fbc021000-7f1fc0000000 ---p 00000000 00:00 0
7f1fc0000000-7f1fc0021000 rw-p 00000000 00:00 0
7f1fc0021000-7f1fc4000000 ---p 00000000 00:00 0
7f1fc4000000-7f1fc4021000 rw-p 00000000 00:00 0
7f1fc4021000-7f1fc8000000 ---p 00000000 00:00 0
7f1fc8000000-7f1fc8021000 rw-p 00000000 00:00 0
7f1fc8021000-7f1fcc000000 ---p 00000000 00:00 0
7f1fcc000000-7f1fcc3cf000 rw-p 00000000 00:00 0
7f1fcc3cf000-7f1fd0000000 ---p 00000000 00:00 0
7f1fd0000000-7f1fd0021000 rw-p 00000000 00:00 0
7f1fd0021000-7f1fd4000000 ---p 00000000 00:00 0
7f1fd4000000-7f1fd41d4000 rw-p 00000000 00:00 0
7f1fd41d4000-7f1fd8000000 ---p 00000000 00:00 0
7f1fd8000000-7f1fd85b4000 rw-p 00000000 00:00 0
7f1fd85b4000-7f1fdc000000 ---p 00000000 00:00 0
7f1fdebc9000-7f1fdeead000 rw-p 00000000 00:00 0
7f1fdeead000-7f1fdeeae000 ---p 00000000 00:00 0
7f1fdeeae000-7f1fdefae000 rw-p 00000000 00:00 0
7f1fdefae000-7f1fdefaf000 ---p 00000000 00:00 0
7f1fdefaf000-7f1fdf0af000 rw-p 00000000 00:00 0
7f1fdf0af000-7f1fdf0b0000 ---p 00000000 00:00 0
7f1fdf0b0000-7f1fdf1b0000 rw-p 00000000 00:00 0
7f1fdf1b0000-7f1fdf1b1000 ---p 00000000 00:00 0
7f1fdf1b1000-7f1fdf2b1000 rw-p 00000000 00:00 0
7f1fdf2b1000-7f1fdf2b2000 ---p 00000000 00:00 0
7f1fdf2b2000-7f1fdf3b2000 rw-p 00000000 00:00 0
7f1fdf3b2000-7f1fdf3b3000 ---p 00000000 00:00 0
7f1fdf3b3000-7f1fdf4b3000 rw-p 00000000 00:00 0
7f1fdf4b3000-7f1fdf4b4000 ---p 00000000 00:00 0
7f1fdf4b4000-7f1fdf5b4000 rw-p 00000000 00:00 0
7f1fdf5b4000-7f1fdf5b5000 ---p 00000000 00:00 0
7f1fdf5b5000-7f1fdf5b9000 ---p 00000000 00:00 0
7f1fdf5b9000-7f1fdf6b5000 rw-p 00000000 00:00 0
7f1fdf6b5000-7f1fdf6b6000 ---p 00000000 00:00 0
7f1fdf6b6000-7f1fdf6ba000 ---p 00000000 00:00 0
7f1fdf6ba000-7f1fdf7b6000 rw-p 00000000 00:00 0
7f1fdf7b6000-7f1fdf7d9000 r--p 00000000 08:30 59751                      /usr/lib/x86_64-linux-gnu/libkrb5.so.3.3
7f1fdf7d9000-7f1fdf838000 r-xp 00023000 08:30 59751                      /usr/lib/x86_64-linux-gnu/libkrb5.so.3.3
7f1fdf838000-7f1fdf880000 r--p 00082000 08:30 59751                      /usr/lib/x86_64-linux-gnu/libkrb5.so.3.3
7f1fdf880000-7f1fdf88d000 r--p 000c9000 08:30 59751                      /usr/lib/x86_64-linux-gnu/libkrb5.so.3.3
7f1fdf88d000-7f1fdf890000 rw-p 000d6000 08:30 59751                      /usr/lib/x86_64-linux-gnu/libkrb5.so.3.3
7f1fdf890000-7f1fdf8bb000 r--p 00000000 08:30 1069                       /usr/lib/x86_64-linux-gnu/libp11-kit.so.0.3.0
7f1fdf8bb000-7f1fdf954000 r-xp 0002b000 08:30 1069                       /usr/lib/x86_64-linux-gnu/libp11-kit.so.0.3.0
7f1fdf954000-7f1fdf9af000 r--p 000c4000 08:30 1069                       /usr/lib/x86_64-linux-gnu/libp11-kit.so.0.3.0
7f1fdf9af000-7f1fdf9ba000 r--p 0011f000 08:30 1069                       /usr/lib/x86_64-linux-gnu/libp11-kit.so.0.3.0
7f1fdf9ba000-7f1fdf9c4000 rw-p 0012a000 08:30 1069                       /usr/lib/x86_64-linux-gnu/libp11-kit.so.0.3.0
7f1fdf9c4000-7f1fdfa89000 r--p 00000000 08:30 59571                      /usr/lib/x86_64-linux-gnu/libcrypto.so.3
7f1fdfa89000-7f1fdfd05000 r-xp 000c5000 08:30 59571                      /usr/lib/x86_64-linux-gnu/libcrypto.so.3
7f1fdfd05000-7f1fdfde3000 r--p 00341000 08:30 59571                      /usr/lib/x86_64-linux-gnu/libcrypto.so.3
7f1fdfde3000-7f1fdfe44000 r--p 0041f000 08:30 59571                      /usr/lib/x86_64-linux-gnu/libcrypto.so.3
7f1fdfe44000-7f1fdfe47000 rw-p 00480000 08:30 59571                      /usr/lib/x86_64-linux-gnu/libcrypto.so.3
7f1fdfe47000-7f1fdfe4a000 rw-p 00000000 00:00 0
7f1fdfe4a000-7f1fdfe5c000 r--p 00000000 08:30 1107                       /usr/lib/x86_64-linux-gnu/libunistring.so.2.2.0
7f1fdfe5c000-7f1fdfe9c000 r-xp 00012000 08:30 1107                       /usr/lib/x86_64-linux-gnu/libunistring.so.2.2.0
7f1fdfe9c000-7f1fdfffb000 r--p 00052000 08:30 1107                       /usr/lib/x86_64-linux-gnu/libunistring.so.2.2.0
7f1fdfffb000-7f1fdffff000 r--p 001b1000 08:30 1107                       /usr/lib/x86_64-linux-gnu/libunistring.so.2.2.0
7f1fdffff000-7f1fe0000000 rw-p 001b5000 08:30 1107                       /usr/lib/x86_64-linux-gnu/libunistring.so.2.2.0
7f1fe0000000-7f1fe0ead000 rw-p 00000000 00:00 0
7f1fe0ead000-7f1fe4000000 ---p 00000000 00:00 0
7f1fe4000000-7f1fe4944000 rw-p 00000000 00:00 0
7f1fe4944000-7f1fe8000000 ---p 00000000 00:00 0
7f1fe8000000-7f1fe8021000 rw-p 00000000 00:00 0
7f1fe8021000-7f1fec000000 ---p 00000000 00:00 0
7f1fec000000-7f1fec021000 rw-p 00000000 00:00 0
7f1fec021000-7f1ff0000000 ---p 00000000 00:00 0
7f1ff0000000-7f1ff002b000 rw-p 00000000 00:00 0
7f1ff002b000-7f1ff4000000 ---p 00000000 00:00 0
7f1ff4000000-7f1ff4021000 rw-p 00000000 00:00 0
7f1ff4021000-7f1ff8000000 ---p 00000000 00:00 0
7f1ff8000000-7f1ff8021000 rw-p 00000000 00:00 0
7f1ff8021000-7f1ffc000000 ---p 00000000 00:00 0
7f1ffc000000-7f1ffc021000 rw-p 00000000 00:00 0
7f1ffc021000-7f2000000000 ---p 00000000 00:00 0
7f2000000000-7f20010a8000 rw-p 00000000 00:00 0
7f20010a8000-7f2004000000 ---p 00000000 00:00 0
7f2004000000-7f2004021000 rw-p 00000000 00:00 0
7f2004021000-7f2008000000 ---p 00000000 00:00 0
7f2008000000-7f20081ab000 rw-p 00000000 00:00 0
7f20081ab000-7f200c000000 ---p 00000000 00:00 0
7f200c000000-7f200c1cc000 rw-p 00000000 00:00 0
7f200c1cc000-7f2010000000 ---p 00000000 00:00 0
7f2010000000-7f2010463000 rw-p 00000000 00:00 0
7f2010463000-7f2014000000 ---p 00000000 00:00 0
7f2014000000-7f2014021000 rw-p 00000000 00:00 0
7f2014021000-7f2018000000 ---p 00000000 00:00 0
7f2018000000-7f2018021000 rw-p 00000000 00:00 0
7f2018021000-7f201c000000 ---p 00000000 00:00 0
7f201c000000-7f201d526000 rw-p 00000000 00:00 0
7f201d526000-7f2020000000 ---p 00000000 00:00 0
7f2020000000-7f2020021000 rw-p 00000000 00:00 0
7f2020021000-7f2024000000 ---p 00000000 00:00 0
7f2024000000-7f2024021000 rw-p 00000000 00:00 0
7f2024021000-7f2028000000 ---p 00000000 00:00 0
7f2028000000-7f2028021000 rw-p 00000000 00:00 0
7f2028021000-7f202c000000 ---p 00000000 00:00 0
7f202c000000-7f202c021000 rw-p 00000000 00:00 0
7f202c021000-7f2030000000 ---p 00000000 00:00 0
7f2030000000-7f2030021000 rw-p 00000000 00:00 0
7f2030021000-7f2034000000 ---p 00000000 00:00 0
7f20340a0000-7f20340c4000 r-xp 00000000 00:00 0
7f20340c4000-7f20340cf000 r--p 00000000 08:30 1041                       /usr/lib/x86_64-linux-gnu/libgmp.so.10.4.1
7f20340cf000-7f203412c000 r-xp 0000b000 08:30 1041                       /usr/lib/x86_64-linux-gnu/libgmp.so.10.4.1
7f203412c000-7f2034143000 r--p 00068000 08:30 1041                       /usr/lib/x86_64-linux-gnu/libgmp.so.10.4.1
7f2034143000-7f2034144000 r--p 0007f000 08:30 1041                       /usr/lib/x86_64-linux-gnu/libgmp.so.10.4.1
7f2034144000-7f2034145000 rw-p 00080000 08:30 1041                       /usr/lib/x86_64-linux-gnu/libgmp.so.10.4.1
7f2034145000-7f203417c000 r--p 00000000 08:30 1043                       /usr/lib/x86_64-linux-gnu/libgnutls.so.30.34.3
7f203417c000-7f20342af000 r-xp 00037000 08:30 1043                       /usr/lib/x86_64-linux-gnu/libgnutls.so.30.34.3
7f20342af000-7f203434a000 r--p 0016a000 08:30 1043                       /usr/lib/x86_64-linux-gnu/libgnutls.so.30.34.3
7f203434a000-7f203435b000 r--p 00205000 08:30 1043                       /usr/lib/x86_64-linux-gnu/libgnutls.so.30.34.3
7f203435b000-7f203435d000 rw-p 00216000 08:30 1043                       /usr/lib/x86_64-linux-gnu/libgnutls.so.30.34.3
7f203435d000-7f2034361000 rw-p 00000000 00:00 0
7f2034361000-7f2034387000 r--p 00000000 08:30 59909                      /usr/lib/x86_64-linux-gnu/libsqlite3.so.0.8.6
7f2034387000-7f203447b000 r-xp 00026000 08:30 59909                      /usr/lib/x86_64-linux-gnu/libsqlite3.so.0.8.6
7f203447b000-7f20344b6000 r--p 0011a000 08:30 59909                      /usr/lib/x86_64-linux-gnu/libsqlite3.so.0.8.6
7f20344b6000-7f20344bc000 r--p 00155000 08:30 59909                      /usr/lib/x86_64-linux-gnu/libsqlite3.so.0.8.6
7f20344bc000-7f20344c0000 rw-p 0015b000 08:30 59909                      /usr/lib/x86_64-linux-gnu/libsqlite3.so.0.8.6
7f20344c0000-7f2034559000 r--p 00000000 08:30 1094                       /usr/lib/x86_64-linux-gnu/libstdc++.so.6.0.30
7f2034559000-7f203465a000 r-xp 00099000 08:30 1094                       /usr/lib/x86_64-linux-gnu/libstdc++.so.6.0.30
7f203465a000-7f20346c9000 r--p 0019a000 08:30 1094                       /usr/lib/x86_64-linux-gnu/libstdc++.so.6.0.30
7f20346c9000-7f20346d4000 r--p 00209000 08:30 1094                       /usr/lib/x86_64-linux-gnu/libstdc++.so.6.0.30
7f20346d4000-7f20346d7000 rw-p 00214000 08:30 1094                       /usr/lib/x86_64-linux-gnu/libstdc++.so.6.0.30
7f20346d7000-7f20346da000 rw-p 00000000 00:00 0
7f20346da000-7f203479c000 r--p 00000000 08:30 59658                      /usr/lib/x86_64-linux-gnu/libgeos.so.3.11.1
7f203479c000-7f20348eb000 r-xp 000c2000 08:30 59658                      /usr/lib/x86_64-linux-gnu/libgeos.so.3.11.1
7f20348eb000-7f2034955000 r--p 00211000 08:30 59658                      /usr/lib/x86_64-linux-gnu/libgeos.so.3.11.1
7f2034955000-7f2034963000 r--p 0027a000 08:30 59658                      /usr/lib/x86_64-linux-gnu/libgeos.so.3.11.1
7f2034963000-7f2034964000 rw-p 00288000 08:30 59658                      /usr/lib/x86_64-linux-gnu/libgeos.so.3.11.1
7f2034964000-7f20349c8000 r--p 00000000 08:30 59680                      /usr/lib/x86_64-linux-gnu/libgsl.so.27.0.0
7f20349c8000-7f2034ba4000 r-xp 00064000 08:30 59680                      /usr/lib/x86_64-linux-gnu/libgsl.so.27.0.0
7f2034ba4000-7f2034c1d000 r--p 00240000 08:30 59680                      /usr/lib/x86_64-linux-gnu/libgsl.so.27.0.0
7f2034c1d000-7f2034c21000 r--p 002b8000 08:30 59680                      /usr/lib/x86_64-linux-gnu/libgsl.so.27.0.0
7f2034c21000-7f2034c31000 rw-p 002bc000 08:30 59680                      /usr/lib/x86_64-linux-gnu/libgsl.so.27.0.0
7f2034c31000-7f2034cb5000 r--p 00000000 08:30 59869                      /usr/lib/x86_64-linux-gnu/libproj.so.25.9.1.1
7f2034cb5000-7f2034f36000 r-xp 00084000 08:30 59869                      /usr/lib/x86_64-linux-gnu/libproj.so.25.9.1.1
7f2034f36000-7f2034fe0000 r--p 00305000 08:30 59869                      /usr/lib/x86_64-linux-gnu/libproj.so.25.9.1.1
7f2034fe0000-7f2034ffb000 r--p 003ae000 08:30 59869                      /usr/lib/x86_64-linux-gnu/libproj.so.25.9.1.1
7f2034ffb000-7f2034ffd000 rw-p 003c9000 08:30 59869                      /usr/lib/x86_64-linux-gnu/libproj.so.25.9.1.1
7f2034ffd000-7f2035000000 rw-p 00000000 00:00 0
7f2035000000-7f203501a000 r-xp 00000000 08:30 95180                      /tmp/jffi5633389435295216473.so (deleted)
7f203501a000-7f203521a000 ---p 0001a000 08:30 95180                      /tmp/jffi5633389435295216473.so (deleted)
7f203521a000-7f203521b000 r--p 0001a000 08:30 95180                      /tmp/jffi5633389435295216473.so (deleted)
7f203521b000-7f203521c000 rw-p 0001b000 08:30 95180                      /tmp/jffi5633389435295216473.so (deleted)
7f2035224000-7f2035227000 r--p 00000000 08:30 1082                       /usr/lib/x86_64-linux-gnu/libresolv.so.2
7f2035227000-7f203522f000 r-xp 00003000 08:30 1082                       /usr/lib/x86_64-linux-gnu/libresolv.so.2
7f203522f000-7f2035231000 r--p 0000b000 08:30 1082                       /usr/lib/x86_64-linux-gnu/libresolv.so.2
7f2035231000-7f2035232000 r--p 0000d000 08:30 1082                       /usr/lib/x86_64-linux-gnu/libresolv.so.2
7f2035232000-7f2035233000 rw-p 0000e000 08:30 1082                       /usr/lib/x86_64-linux-gnu/libresolv.so.2
7f2035233000-7f2035235000 rw-p 00000000 00:00 0
7f2035235000-7f203526b000 r--p 00000000 08:30 76491                      /usr/local/lib/libmeos.so
7f203526b000-7f203538b000 r-xp 00036000 08:30 76491                      /usr/local/lib/libmeos.so
7f203538b000-7f20353f0000 r--p 00156000 08:30 76491                      /usr/local/lib/libmeos.so
7f20353f0000-7f20353f2000 r--p 001bb000 08:30 76491                      /usr/local/lib/libmeos.so
7f20353f2000-7f20353f6000 rw-p 001bd000 08:30 76491                      /usr/local/lib/libmeos.so
7f20353f6000-7f20353fc000 rw-p 00000000 00:00 0
7f20353fc000-7f20353fd000 ---p 00000000 00:00 0
7f20353fd000-7f2035401000 ---p 00000000 00:00 0
7f2035401000-7f20354fd000 rw-p 00000000 00:00 0
7f20354fd000-7f20354fe000 ---p 00000000 00:00 0
7f20354fe000-7f2035502000 ---p 00000000 00:00 0
7f2035502000-7f20355fe000 rw-p 00000000 00:00 0
7f20355fe000-7f20355ff000 ---p 00000000 00:00 0
7f20355ff000-7f2035603000 ---p 00000000 00:00 0
7f2035603000-7f20356ff000 rw-p 00000000 00:00 0
7f20356ff000-7f2035700000 ---p 00000000 00:00 0
7f2035700000-7f2035800000 rw-p 00000000 00:00 0
7f2035800000-7f2035805000 r-xp 00000000 08:30 54544                      /usr/lib/jvm/java-21-amazon-corretto/lib/libmanagement_ext.so
7f2035805000-7f2035a05000 ---p 00005000 08:30 54544                      /usr/lib/jvm/java-21-amazon-corretto/lib/libmanagement_ext.so
7f2035a05000-7f2035a06000 r--p 00005000 08:30 54544                      /usr/lib/jvm/java-21-amazon-corretto/lib/libmanagement_ext.so
7f2035a06000-7f2035a07000 rw-p 00000000 00:00 0
7f2035a17000-7f2035a18000 r--p 00000000 08:30 59546                      /usr/lib/x86_64-linux-gnu/libbrotlicommon.so.1.0.9
7f2035a18000-7f2035a19000 r-xp 00001000 08:30 59546                      /usr/lib/x86_64-linux-gnu/libbrotlicommon.so.1.0.9
7f2035a19000-7f2035a38000 r--p 00002000 08:30 59546                      /usr/lib/x86_64-linux-gnu/libbrotlicommon.so.1.0.9
7f2035a38000-7f2035a39000 r--p 00020000 08:30 59546                      /usr/lib/x86_64-linux-gnu/libbrotlicommon.so.1.0.9
7f2035a39000-7f2035a3a000 rw-p 00021000 08:30 59546                      /usr/lib/x86_64-linux-gnu/libbrotlicommon.so.1.0.9
7f2035a3a000-7f2035a3d000 r--p 00000000 08:30 59892                      /usr/lib/x86_64-linux-gnu/libsasl2.so.2.0.25
7f2035a3d000-7f2035a4f000 r-xp 00003000 08:30 59892                      /usr/lib/x86_64-linux-gnu/libsasl2.so.2.0.25
7f2035a4f000-7f2035a55000 r--p 00015000 08:30 59892                      /usr/lib/x86_64-linux-gnu/libsasl2.so.2.0.25
7f2035a55000-7f2035a56000 r--p 0001a000 08:30 59892                      /usr/lib/x86_64-linux-gnu/libsasl2.so.2.0.25
7f2035a56000-7f2035a57000 rw-p 0001b000 08:30 59892                      /usr/lib/x86_64-linux-gnu/libsasl2.so.2.0.25
7f2035a57000-7f2035a60000 r--p 00000000 08:30 1047                       /usr/lib/x86_64-linux-gnu/libhogweed.so.6.6
7f2035a60000-7f2035a73000 r-xp 00009000 08:30 1047                       /usr/lib/x86_64-linux-gnu/libhogweed.so.6.6
7f2035a73000-7f2035a9d000 r--p 0001c000 08:30 1047                       /usr/lib/x86_64-linux-gnu/libhogweed.so.6.6
7f2035a9d000-7f2035a9f000 r--p 00045000 08:30 1047                       /usr/lib/x86_64-linux-gnu/libhogweed.so.6.6
7f2035a9f000-7f2035aa0000 rw-p 00047000 08:30 1047                       /usr/lib/x86_64-linux-gnu/libhogweed.so.6.6
7f2035aa0000-7f2035ab0000 r--p 00000000 08:30 59762                      /usr/lib/x86_64-linux-gnu/libldap-2.5.so.0.1.8
7f2035ab0000-7f2035ae9000 r-xp 00010000 08:30 59762                      /usr/lib/x86_64-linux-gnu/libldap-2.5.so.0.1.8
7f2035ae9000-7f2035afa000 r--p 00049000 08:30 59762                      /usr/lib/x86_64-linux-gnu/libldap-2.5.so.0.1.8
7f2035afa000-7f2035afc000 r--p 0005a000 08:30 59762                      /usr/lib/x86_64-linux-gnu/libldap-2.5.so.0.1.8
7f2035afc000-7f2035afd000 rw-p 0005c000 08:30 59762                      /usr/lib/x86_64-linux-gnu/libldap-2.5.so.0.1.8
7f2035afd000-7f2035aff000 rw-p 00000000 00:00 0
7f2035aff000-7f2035b00000 ---p 00000000 00:00 0
7f2035b00000-7f2035c00000 rw-p 00000000 00:00 0
7f2035c00000-7f2035c04000 r-xp 00000000 08:30 54542                      /usr/lib/jvm/java-21-amazon-corretto/lib/libmanagement.so
7f2035c04000-7f2035e03000 ---p 00004000 08:30 54542                      /usr/lib/jvm/java-21-amazon-corretto/lib/libmanagement.so
7f2035e03000-7f2035e04000 r--p 00003000 08:30 54542                      /usr/lib/jvm/java-21-amazon-corretto/lib/libmanagement.so
7f2035e04000-7f2035e05000 rw-p 00000000 00:00 0
7f2035e0d000-7f2035e0f000 r--p 00000000 08:30 1036                       /usr/lib/x86_64-linux-gnu/libffi.so.8.1.2
7f2035e0f000-7f2035e15000 r-xp 00002000 08:30 1036                       /usr/lib/x86_64-linux-gnu/libffi.so.8.1.2
7f2035e15000-7f2035e17000 r--p 00008000 08:30 1036                       /usr/lib/x86_64-linux-gnu/libffi.so.8.1.2
7f2035e17000-7f2035e18000 r--p 00009000 08:30 1036                       /usr/lib/x86_64-linux-gnu/libffi.so.8.1.2
7f2035e18000-7f2035e19000 rw-p 0000a000 08:30 1036                       /usr/lib/x86_64-linux-gnu/libffi.so.8.1.2
7f2035e19000-7f2035e25000 r--p 00000000 08:30 59686                      /usr/lib/x86_64-linux-gnu/libgssapi_krb5.so.2.2
7f2035e25000-7f2035e5b000 r-xp 0000c000 08:30 59686                      /usr/lib/x86_64-linux-gnu/libgssapi_krb5.so.2.2
7f2035e5b000-7f2035e68000 r--p 00042000 08:30 59686                      /usr/lib/x86_64-linux-gnu/libgssapi_krb5.so.2.2
7f2035e68000-7f2035e6a000 r--p 0004f000 08:30 59686                      /usr/lib/x86_64-linux-gnu/libgssapi_krb5.so.2.2
7f2035e6a000-7f2035e6c000 rw-p 00051000 08:30 59686                      /usr/lib/x86_64-linux-gnu/libgssapi_krb5.so.2.2
7f2035e6c000-7f2035e70000 r--p 00000000 08:30 59733                      /usr/lib/x86_64-linux-gnu/libjpeg.so.62.3.0
7f2035e70000-7f2035ebb000 r-xp 00004000 08:30 59733                      /usr/lib/x86_64-linux-gnu/libjpeg.so.62.3.0
7f2035ebb000-7f2035efd000 r--p 0004f000 08:30 59733                      /usr/lib/x86_64-linux-gnu/libjpeg.so.62.3.0
7f2035efd000-7f2035efe000 r--p 00091000 08:30 59733                      /usr/lib/x86_64-linux-gnu/libjpeg.so.62.3.0
7f2035efe000-7f2035eff000 rw-p 00092000 08:30 59733                      /usr/lib/x86_64-linux-gnu/libjpeg.so.62.3.0
7f2035eff000-7f2035f00000 ---p 00000000 00:00 0
7f2035f00000-7f2036000000 rw-p 00000000 00:00 0
7f2036000000-7f203600d000 r-xp 00000000 08:30 54554                      /usr/lib/jvm/java-21-amazon-corretto/lib/libverify.so
7f203600d000-7f203620c000 ---p 0000d000 08:30 54554                      /usr/lib/jvm/java-21-amazon-corretto/lib/libverify.so
7f203620c000-7f203620e000 r--p 0000c000 08:30 54554                      /usr/lib/jvm/java-21-amazon-corretto/lib/libverify.so
7f203620e000-7f203620f000 rw-p 00000000 00:00 0
7f2036219000-7f2036226000 r--p 00000000 08:30 1062                       /usr/lib/x86_64-linux-gnu/libnettle.so.8.6
7f2036226000-7f203624d000 r-xp 0000d000 08:30 1062                       /usr/lib/x86_64-linux-gnu/libnettle.so.8.6
7f203624d000-7f2036264000 r--p 00034000 08:30 1062                       /usr/lib/x86_64-linux-gnu/libnettle.so.8.6
7f2036264000-7f2036266000 r--p 0004b000 08:30 1062                       /usr/lib/x86_64-linux-gnu/libnettle.so.8.6
7f2036266000-7f2036267000 rw-p 0004d000 08:30 1062                       /usr/lib/x86_64-linux-gnu/libnettle.so.8.6
7f2036267000-7f2036274000 r--p 00000000 08:30 59376                      /usr/lib/x86_64-linux-gnu/libLerc.so.4
7f2036274000-7f20362f1000 r-xp 0000d000 08:30 59376                      /usr/lib/x86_64-linux-gnu/libLerc.so.4
7f20362f1000-7f20362fc000 r--p 0008a000 08:30 59376                      /usr/lib/x86_64-linux-gnu/libLerc.so.4
7f20362fc000-7f20362fe000 r--p 00094000 08:30 59376                      /usr/lib/x86_64-linux-gnu/libLerc.so.4
7f20362fe000-7f20362ff000 rw-p 00096000 08:30 59376                      /usr/lib/x86_64-linux-gnu/libLerc.so.4
7f20362ff000-7f2036300000 ---p 00000000 00:00 0
7f2036300000-7f2036400000 rw-p 00000000 00:00 0
7f2036400000-7f203640b000 r-xp 00000000 08:30 54546                      /usr/lib/jvm/java-21-amazon-corretto/lib/libnet.so
7f203640b000-7f203660a000 ---p 0000b000 08:30 54546                      /usr/lib/jvm/java-21-amazon-corretto/lib/libnet.so
7f203660a000-7f203660b000 r--p 0000a000 08:30 54546                      /usr/lib/jvm/java-21-amazon-corretto/lib/libnet.so
7f203660b000-7f203660c000 rw-p 00000000 00:00 0
7f2036616000-7f203661a000 r--p 00000000 08:30 59741                      /usr/lib/x86_64-linux-gnu/libk5crypto.so.3.1
7f203661a000-7f2036634000 r-xp 00004000 08:30 59741                      /usr/lib/x86_64-linux-gnu/libk5crypto.so.3.1
7f2036634000-7f2036641000 r--p 0001e000 08:30 59741                      /usr/lib/x86_64-linux-gnu/libk5crypto.so.3.1
7f2036641000-7f2036642000 r--p 0002b000 08:30 59741                      /usr/lib/x86_64-linux-gnu/libk5crypto.so.3.1
7f2036642000-7f2036643000 rw-p 0002c000 08:30 59741                      /usr/lib/x86_64-linux-gnu/libk5crypto.so.3.1
7f2036643000-7f2036648000 r--p 00000000 08:30 1116                       /usr/lib/x86_64-linux-gnu/libzstd.so.1.5.4
7f2036648000-7f20366e9000 r-xp 00005000 08:30 1116                       /usr/lib/x86_64-linux-gnu/libzstd.so.1.5.4
7f20366e9000-7f20366fd000 r--p 000a6000 08:30 1116                       /usr/lib/x86_64-linux-gnu/libzstd.so.1.5.4
7f20366fd000-7f20366fe000 r--p 000b9000 08:30 1116                       /usr/lib/x86_64-linux-gnu/libzstd.so.1.5.4
7f20366fe000-7f20366ff000 rw-p 000ba000 08:30 1116                       /usr/lib/x86_64-linux-gnu/libzstd.so.1.5.4
7f20366ff000-7f2036700000 ---p 00000000 00:00 0
7f2036700000-7f2036704000 ---p 00000000 00:00 0
7f2036704000-7f2036800000 rw-p 00000000 00:00 0
7f2036800000-7f2036813000 r-xp 00000000 08:30 54547                      /usr/lib/jvm/java-21-amazon-corretto/lib/libnio.so
7f2036813000-7f2036a12000 ---p 00013000 08:30 54547                      /usr/lib/jvm/java-21-amazon-corretto/lib/libnio.so
7f2036a12000-7f2036a13000 r--p 00012000 08:30 54547                      /usr/lib/jvm/java-21-amazon-corretto/lib/libnio.so
7f2036a13000-7f2036a14000 rw-p 00013000 08:30 54547                      /usr/lib/jvm/java-21-amazon-corretto/lib/libnio.so
7f2036a1f000-7f2036a22000 r--p 00000000 08:30 59753                      /usr/lib/x86_64-linux-gnu/libkrb5support.so.0.1
7f2036a22000-7f2036a28000 r-xp 00003000 08:30 59753                      /usr/lib/x86_64-linux-gnu/libkrb5support.so.0.1
7f2036a28000-7f2036a2b000 r--p 00009000 08:30 59753                      /usr/lib/x86_64-linux-gnu/libkrb5support.so.0.1
7f2036a2b000-7f2036a2c000 r--p 0000b000 08:30 59753                      /usr/lib/x86_64-linux-gnu/libkrb5support.so.0.1
7f2036a2c000-7f2036a2d000 rw-p 0000c000 08:30 59753                      /usr/lib/x86_64-linux-gnu/libkrb5support.so.0.1
7f2036a2d000-7f2036a34000 r--p 00000000 08:30 59911                      /usr/lib/x86_64-linux-gnu/libssh2.so.1.0.1
7f2036a34000-7f2036a5d000 r-xp 00007000 08:30 59911                      /usr/lib/x86_64-linux-gnu/libssh2.so.1.0.1
7f2036a5d000-7f2036a6b000 r--p 00030000 08:30 59911                      /usr/lib/x86_64-linux-gnu/libssh2.so.1.0.1
7f2036a6b000-7f2036a6d000 r--p 0003d000 08:30 59911                      /usr/lib/x86_64-linux-gnu/libssh2.so.1.0.1
7f2036a6d000-7f2036a6e000 rw-p 0003f000 08:30 59911                      /usr/lib/x86_64-linux-gnu/libssh2.so.1.0.1
7f2036a6e000-7f2036a73000 r--p 00000000 08:30 59888                      /usr/lib/x86_64-linux-gnu/librtmp.so.1
7f2036a73000-7f2036a83000 r-xp 00005000 08:30 59888                      /usr/lib/x86_64-linux-gnu/librtmp.so.1
7f2036a83000-7f2036a8a000 r--p 00015000 08:30 59888                      /usr/lib/x86_64-linux-gnu/librtmp.so.1
7f2036a8a000-7f2036a8b000 ---p 0001c000 08:30 59888                      /usr/lib/x86_64-linux-gnu/librtmp.so.1
7f2036a8b000-7f2036a8c000 r--p 0001c000 08:30 59888                      /usr/lib/x86_64-linux-gnu/librtmp.so.1
7f2036a8c000-7f2036a8d000 rw-p 0001d000 08:30 59888                      /usr/lib/x86_64-linux-gnu/librtmp.so.1
7f2036a8d000-7f2036a90000 r--p 00000000 08:30 59953                      /usr/lib/x86_64-linux-gnu/libwebp.so.7.1.5
7f2036a90000-7f2036ae7000 r-xp 00003000 08:30 59953                      /usr/lib/x86_64-linux-gnu/libwebp.so.7.1.5
7f2036ae7000-7f2036afb000 r--p 0005a000 08:30 59953                      /usr/lib/x86_64-linux-gnu/libwebp.so.7.1.5
7f2036afb000-7f2036afc000 r--p 0006d000 08:30 59953                      /usr/lib/x86_64-linux-gnu/libwebp.so.7.1.5
7f2036afc000-7f2036afd000 rw-p 0006e000 08:30 59953                      /usr/lib/x86_64-linux-gnu/libwebp.so.7.1.5
7f2036afd000-7f2036aff000 rw-p 00000000 00:00 0
7f2036aff000-7f2036b00000 ---p 00000000 00:00 0
7f2036b00000-7f2036b04000 ---p 00000000 00:00 0
7f2036b04000-7f2036c00000 rw-p 00000000 00:00 0
7f2036c00000-7f2036c07000 r-xp 00000000 08:30 54555                      /usr/lib/jvm/java-21-amazon-corretto/lib/libzip.so
7f2036c07000-7f2036e06000 ---p 00007000 08:30 54555                      /usr/lib/jvm/java-21-amazon-corretto/lib/libzip.so
7f2036e06000-7f2036e07000 r--p 00006000 08:30 54555                      /usr/lib/jvm/java-21-amazon-corretto/lib/libzip.so
7f2036e07000-7f2036e08000 rw-p 00000000 00:00 0
7f2036e0f000-7f2036e12000 r--p 00000000 08:30 1098                       /usr/lib/x86_64-linux-gnu/libtasn1.so.6.6.3
7f2036e12000-7f2036e1e000 r-xp 00003000 08:30 1098                       /usr/lib/x86_64-linux-gnu/libtasn1.so.6.6.3
7f2036e1e000-7f2036e22000 r--p 0000f000 08:30 1098                       /usr/lib/x86_64-linux-gnu/libtasn1.so.6.6.3
7f2036e22000-7f2036e23000 r--p 00013000 08:30 1098                       /usr/lib/x86_64-linux-gnu/libtasn1.so.6.6.3
7f2036e23000-7f2036e24000 rw-p 00014000 08:30 1098                       /usr/lib/x86_64-linux-gnu/libtasn1.so.6.6.3
7f2036e24000-7f2036e26000 r--p 00000000 08:30 1049                       /usr/lib/x86_64-linux-gnu/libidn2.so.0.3.8
7f2036e26000-7f2036e2d000 r-xp 00002000 08:30 1049                       /usr/lib/x86_64-linux-gnu/libidn2.so.0.3.8
7f2036e2d000-7f2036e53000 r--p 00009000 08:30 1049                       /usr/lib/x86_64-linux-gnu/libidn2.so.0.3.8
7f2036e53000-7f2036e54000 r--p 0002f000 08:30 1049                       /usr/lib/x86_64-linux-gnu/libidn2.so.0.3.8
7f2036e54000-7f2036e55000 rw-p 00030000 08:30 1049                       /usr/lib/x86_64-linux-gnu/libidn2.so.0.3.8
7f2036e55000-7f2036e64000 r--p 00000000 08:30 59580                      /usr/lib/x86_64-linux-gnu/libcurl-gnutls.so.4.8.0
7f2036e64000-7f2036ed7000 r-xp 0000f000 08:30 59580                      /usr/lib/x86_64-linux-gnu/libcurl-gnutls.so.4.8.0
7f2036ed7000-7f2036ef8000 r--p 00082000 08:30 59580                      /usr/lib/x86_64-linux-gnu/libcurl-gnutls.so.4.8.0
7f2036ef8000-7f2036efc000 r--p 000a3000 08:30 59580                      /usr/lib/x86_64-linux-gnu/libcurl-gnutls.so.4.8.0
7f2036efc000-7f2036eff000 rw-p 000a7000 08:30 59580                      /usr/lib/x86_64-linux-gnu/libcurl-gnutls.so.4.8.0
7f2036eff000-7f2036f00000 ---p 00000000 00:00 0
7f2036f00000-7f2036f04000 ---p 00000000 00:00 0
7f2036f04000-7f2037400000 rw-p 00000000 00:00 0
7f2037400000-7f20379c0000 rw-p 00000000 00:00 0
7f20379c0000-7f2037c60000 rw-p 00000000 00:00 0
7f2037c60000-7f2037d00000 rw-p 00000000 00:00 0
7f2037d00000-7f2037e00000 rw-p 00000000 00:00 0
7f2037e00000-7f2037f00000 rw-p 00000000 00:00 0
7f2037f00000-7f2037f30000 rw-p 00000000 00:00 0
7f2037f30000-7f2037f40000 ---p 00000000 00:00 0
7f2037f40000-7f2038100000 rw-p 00000000 00:00 0
7f2038100000-7f2038150000 rw-p 00000000 00:00 0
7f2038150000-7f2038200000 ---p 00000000 00:00 0
7f2038200000-7f2038300000 rw-p 00000000 00:00 0
7f2038300000-7f203b000000 ---p 00000000 00:00 0
7f203b000000-7f203b47d000 rw-p 00001000 08:30 54565                      /usr/lib/jvm/java-21-amazon-corretto/lib/server/classes.jsa
7f203b47d000-7f203bc97000 rw-p 0047e000 08:30 54565                      /usr/lib/jvm/java-21-amazon-corretto/lib/server/classes.jsa
7f203bc97000-7f203c000000 ---p 00000000 00:00 0
7f203c000000-7f203c040000 rw-p 00000000 00:00 0
7f203c040000-7f203c0f0000 rw-p 00000000 00:00 0
7f203c0f0000-7f203c100000 ---p 00000000 00:00 0
7f203c100000-7f203c220000 rw-p 00000000 00:00 0
7f203c220000-7f207c000000 ---p 00000000 00:00 0
7f207c000000-7f207c021000 rw-p 00000000 00:00 0
7f207c021000-7f2080000000 ---p 00000000 00:00 0
7f2080000000-7f2080021000 rw-p 00000000 00:00 0
7f2080021000-7f2084000000 ---p 00000000 00:00 0
7f2084000000-7f2084021000 rw-p 00000000 00:00 0
7f2084021000-7f2088000000 ---p 00000000 00:00 0
7f2088001000-7f2088003000 r--p 00000000 08:30 59743                      /usr/lib/x86_64-linux-gnu/libkeyutils.so.1.10
7f2088003000-7f2088005000 r-xp 00002000 08:30 59743                      /usr/lib/x86_64-linux-gnu/libkeyutils.so.1.10
7f2088005000-7f2088006000 r--p 00004000 08:30 59743                      /usr/lib/x86_64-linux-gnu/libkeyutils.so.1.10
7f2088006000-7f2088007000 r--p 00004000 08:30 59743                      /usr/lib/x86_64-linux-gnu/libkeyutils.so.1.10
7f2088007000-7f2088008000 rw-p 00005000 08:30 59743                      /usr/lib/x86_64-linux-gnu/libkeyutils.so.1.10
7f2088008000-7f208800a000 r--p 00000000 08:30 59873                      /usr/lib/x86_64-linux-gnu/libpsl.so.5.3.4
7f208800a000-7f208800c000 r-xp 00002000 08:30 59873                      /usr/lib/x86_64-linux-gnu/libpsl.so.5.3.4
7f208800c000-7f208801a000 r--p 00004000 08:30 59873                      /usr/lib/x86_64-linux-gnu/libpsl.so.5.3.4
7f208801a000-7f208801b000 r--p 00011000 08:30 59873                      /usr/lib/x86_64-linux-gnu/libpsl.so.5.3.4
7f208801b000-7f208801c000 rw-p 00012000 08:30 59873                      /usr/lib/x86_64-linux-gnu/libpsl.so.5.3.4
7f208801c000-7f2088021000 r--p 00000000 08:30 59811                      /usr/lib/x86_64-linux-gnu/libnghttp2.so.14.24.1
7f2088021000-7f2088038000 r-xp 00005000 08:30 59811                      /usr/lib/x86_64-linux-gnu/libnghttp2.so.14.24.1
7f2088038000-7f2088047000 r--p 0001c000 08:30 59811                      /usr/lib/x86_64-linux-gnu/libnghttp2.so.14.24.1
7f2088047000-7f208804a000 r--p 0002b000 08:30 59811                      /usr/lib/x86_64-linux-gnu/libnghttp2.so.14.24.1
7f208804a000-7f208804b000 rw-p 0002e000 08:30 59811                      /usr/lib/x86_64-linux-gnu/libnghttp2.so.14.24.1
7f208804b000-7f208804c000 r--p 00000000 08:30 59596                      /usr/lib/x86_64-linux-gnu/libdeflate.so.0
7f208804c000-7f208806a000 r-xp 00001000 08:30 59596                      /usr/lib/x86_64-linux-gnu/libdeflate.so.0
7f208806a000-7f208806f000 r--p 0001f000 08:30 59596                      /usr/lib/x86_64-linux-gnu/libdeflate.so.0
7f208806f000-7f2088070000 r--p 00023000 08:30 59596                      /usr/lib/x86_64-linux-gnu/libdeflate.so.0
7f2088070000-7f2088071000 rw-p 00024000 08:30 59596                      /usr/lib/x86_64-linux-gnu/libdeflate.so.0
7f2088071000-7f2088079000 r--p 00000000 08:30 59928                      /usr/lib/x86_64-linux-gnu/libtiff.so.6.0.0
7f2088079000-7f20880c5000 r-xp 00008000 08:30 59928                      /usr/lib/x86_64-linux-gnu/libtiff.so.6.0.0
7f20880c5000-7f20880f7000 r--p 00054000 08:30 59928                      /usr/lib/x86_64-linux-gnu/libtiff.so.6.0.0
7f20880f7000-7f20880fc000 r--p 00086000 08:30 59928                      /usr/lib/x86_64-linux-gnu/libtiff.so.6.0.0
7f20880fc000-7f20880fd000 rw-p 0008b000 08:30 59928                      /usr/lib/x86_64-linux-gnu/libtiff.so.6.0.0
7f20880fd000-7f20880fe000 ---p 00000000 00:00 0
7f20880fe000-7f2088102000 ---p 00000000 00:00 0
7f2088102000-7f20881fe000 rw-p 00000000 00:00 0
7f20881fe000-7f20881ff000 ---p 00000000 00:00 0
7f20881ff000-7f2088203000 ---p 00000000 00:00 0
7f2088203000-7f20882ff000 rw-p 00000000 00:00 0
7f20882ff000-7f2088300000 ---p 00000000 00:00 0
7f2088300000-7f2088304000 ---p 00000000 00:00 0
7f2088304000-7f2088400000 rw-p 00000000 00:00 0
7f2088400000-7f20884ce000 r-xp 00000000 08:30 54539                      /usr/lib/jvm/java-21-amazon-corretto/lib/libjsvml.so
7f20884ce000-7f20886cd000 ---p 000ce000 08:30 54539                      /usr/lib/jvm/java-21-amazon-corretto/lib/libjsvml.so
7f20886cd000-7f20886ce000 r--p 000cd000 08:30 54539                      /usr/lib/jvm/java-21-amazon-corretto/lib/libjsvml.so
7f20886ce000-7f20886cf000 rw-p 000ce000 08:30 54539                      /usr/lib/jvm/java-21-amazon-corretto/lib/libjsvml.so
7f20886d0000-7f20886d1000 r--p 00000000 08:30 59548                      /usr/lib/x86_64-linux-gnu/libbrotlidec.so.1.0.9
7f20886d1000-7f20886d8000 r-xp 00001000 08:30 59548                      /usr/lib/x86_64-linux-gnu/libbrotlidec.so.1.0.9
7f20886d8000-7f20886db000 r--p 00008000 08:30 59548                      /usr/lib/x86_64-linux-gnu/libbrotlidec.so.1.0.9
7f20886db000-7f20886dc000 r--p 0000a000 08:30 59548                      /usr/lib/x86_64-linux-gnu/libbrotlidec.so.1.0.9
7f20886dc000-7f20886dd000 rw-p 0000b000 08:30 59548                      /usr/lib/x86_64-linux-gnu/libbrotlidec.so.1.0.9
7f20886dd000-7f20886e1000 r--p 00000000 08:30 1053                       /usr/lib/x86_64-linux-gnu/liblzma.so.5.4.1
7f20886e1000-7f20886fe000 r-xp 00004000 08:30 1053                       /usr/lib/x86_64-linux-gnu/liblzma.so.5.4.1
7f20886fe000-7f208870a000 r--p 00021000 08:30 1053                       /usr/lib/x86_64-linux-gnu/liblzma.so.5.4.1
7f208870a000-7f208870b000 r--p 0002d000 08:30 1053                       /usr/lib/x86_64-linux-gnu/liblzma.so.5.4.1
7f208870b000-7f208870c000 rw-p 0002e000 08:30 1053                       /usr/lib/x86_64-linux-gnu/liblzma.so.5.4.1
7f208870c000-7f208870d000 ---p 00000000 00:00 0
7f208870d000-7f2088711000 ---p 00000000 00:00 0
7f2088711000-7f208880d000 rw-p 00000000 00:00 0
7f208880d000-7f208880e000 ---p 00000000 00:00 0
7f208880e000-7f2088812000 ---p 00000000 00:00 0
7f2088812000-7f208890e000 rw-p 00000000 00:00 0
7f208890e000-7f208890f000 ---p 00000000 00:00 0
7f208890f000-7f2088913000 ---p 00000000 00:00 0
7f2088913000-7f2088a0f000 rw-p 00000000 00:00 0
7f2088a0f000-7f2088a10000 ---p 00000000 00:00 0
7f2088a10000-7f2088a14000 ---p 00000000 00:00 0
7f2088a14000-7f2088b10000 rw-p 00000000 00:00 0
7f2088b10000-7f2088b11000 ---p 00000000 00:00 0
7f2088b11000-7f2088b15000 ---p 00000000 00:00 0
7f2088b15000-7f2088c11000 rw-p 00000000 00:00 0
7f2088c11000-7f2088c12000 ---p 00000000 00:00 0
7f2088c12000-7f2088c16000 ---p 00000000 00:00 0
7f2088c16000-7f2088d12000 rw-p 00000000 00:00 0
7f2088d12000-7f2088d13000 ---p 00000000 00:00 0
7f2088d13000-7f2088d17000 ---p 00000000 00:00 0
7f2088d17000-7f2088e13000 rw-p 00000000 00:00 0
7f2088e13000-7f2088e14000 ---p 00000000 00:00 0
7f2088e14000-7f2088e18000 ---p 00000000 00:00 0
7f2088e18000-7f2088f14000 rw-p 00000000 00:00 0
7f2088f14000-7f2088f15000 ---p 00000000 00:00 0
7f2088f15000-7f2089015000 rw-p 00000000 00:00 0
7f2089015000-7f2089016000 ---p 00000000 00:00 0
7f2089016000-7f20891f2000 rw-p 00000000 00:00 0
7f20891f2000-7f20891f3000 ---p 00000000 00:00 0
7f20891f3000-7f20892f3000 rw-p 00000000 00:00 0
7f20892f3000-7f20892f4000 ---p 00000000 00:00 0
7f20892f4000-7f208c000000 rw-p 00000000 00:00 0
7f208c000000-7f208c021000 rw-p 00000000 00:00 0
7f208c021000-7f2090000000 ---p 00000000 00:00 0
7f2090000000-7f2090021000 rw-p 00000000 00:00 0
7f2090021000-7f2094000000 ---p 00000000 00:00 0
7f2094000000-7f2094021000 rw-p 00000000 00:00 0
7f2094021000-7f2098000000 ---p 00000000 00:00 0
7f2098002000-7f2098004000 r--p 00000000 08:30 59684                      /usr/lib/x86_64-linux-gnu/libgslcblas.so.0.0.0
7f2098004000-7f209803e000 r-xp 00002000 08:30 59684                      /usr/lib/x86_64-linux-gnu/libgslcblas.so.0.0.0
7f209803e000-7f2098042000 r--p 0003c000 08:30 59684                      /usr/lib/x86_64-linux-gnu/libgslcblas.so.0.0.0
7f2098042000-7f2098043000 r--p 0003f000 08:30 59684                      /usr/lib/x86_64-linux-gnu/libgslcblas.so.0.0.0
7f2098043000-7f2098044000 rw-p 00040000 08:30 59684                      /usr/lib/x86_64-linux-gnu/libgslcblas.so.0.0.0
7f2098044000-7f2098145000 rw-p 00000000 00:00 0
7f2098145000-7f2098146000 ---p 00000000 00:00 0
7f2098146000-7f2098246000 rw-p 00000000 00:00 0
7f2098246000-7f2098247000 ---p 00000000 00:00 0
7f2098247000-7f2098347000 rw-p 00000000 00:00 0
7f2098347000-7f2098348000 ---p 00000000 00:00 0
7f2098348000-7f2098818000 rw-p 00000000 00:00 0
7f2098818000-7f209c110000 ---p 00000000 00:00 0
7f209c110000-7f209c192000 rw-p 00000000 00:00 0
7f209c192000-7f209c8b1000 ---p 00000000 00:00 0
7f209c8b1000-7f209c8b2000 rw-p 00000000 00:00 0
7f209c8b2000-7f209d512000 rwxp 00000000 00:00 0
7f209d512000-7f20a3d11000 ---p 00000000 00:00 0
7f20a3d11000-7f20a40a1000 rwxp 00000000 00:00 0
7f20a40a1000-7f20a4452000 ---p 00000000 00:00 0
7f20a4452000-7f20a4872000 rwxp 00000000 00:00 0
7f20a4872000-7f20ab8b2000 ---p 00000000 00:00 0
7f20ab8b2000-7f20b4000000 r--s 00000000 08:30 54556                      /usr/lib/jvm/java-21-amazon-corretto/lib/modules
7f20b4000000-7f20b7e6b000 rw-p 00000000 00:00 0
7f20b7e6b000-7f20b8000000 ---p 00000000 00:00 0
7f20b8003000-7f20b8005000 r--p 00000000 08:30 59729                      /usr/lib/x86_64-linux-gnu/libjbig.so.0
7f20b8005000-7f20b800e000 r-xp 00002000 08:30 59729                      /usr/lib/x86_64-linux-gnu/libjbig.so.0
7f20b800e000-7f20b8010000 r--p 0000b000 08:30 59729                      /usr/lib/x86_64-linux-gnu/libjbig.so.0
7f20b8010000-7f20b8011000 r--p 0000c000 08:30 59729                      /usr/lib/x86_64-linux-gnu/libjbig.so.0
7f20b8011000-7f20b8014000 rw-p 0000d000 08:30 59729                      /usr/lib/x86_64-linux-gnu/libjbig.so.0
7f20b8014000-7f20b8029000 r--p 00000000 08:30 59661                      /usr/lib/x86_64-linux-gnu/libgeos_c.so.1.17.1
7f20b8029000-7f20b8049000 r-xp 00015000 08:30 59661                      /usr/lib/x86_64-linux-gnu/libgeos_c.so.1.17.1
7f20b8049000-7f20b8057000 r--p 00035000 08:30 59661                      /usr/lib/x86_64-linux-gnu/libgeos_c.so.1.17.1
7f20b8057000-7f20b8059000 r--p 00042000 08:30 59661                      /usr/lib/x86_64-linux-gnu/libgeos_c.so.1.17.1
7f20b8059000-7f20b805a000 rw-p 00044000 08:30 59661                      /usr/lib/x86_64-linux-gnu/libgeos_c.so.1.17.1
7f20b805a000-7f20b80d4000 rw-p 00000000 00:00 0
7f20b80d4000-7f20b87f3000 ---p 00000000 00:00 0
7f20b87f3000-7f20b9400000 rw-p 00000000 00:00 0
7f20b9400000-7f20b9420000 r-xp 00000000 08:30 54531                      /usr/lib/jvm/java-21-amazon-corretto/lib/libjava.so
7f20b9420000-7f20b961f000 ---p 00020000 08:30 54531                      /usr/lib/jvm/java-21-amazon-corretto/lib/libjava.so
7f20b961f000-7f20b9620000 r--p 0001f000 08:30 54531                      /usr/lib/jvm/java-21-amazon-corretto/lib/libjava.so
7f20b9620000-7f20b9621000 rw-p 00020000 08:30 54531                      /usr/lib/jvm/java-21-amazon-corretto/lib/libjava.so
7f20b9621000-7f20b9622000 rw-p 00000000 00:00 0
7f20b9624000-7f20b9627000 r--p 00000000 08:30 1037                       /usr/lib/x86_64-linux-gnu/libgcc_s.so.1
7f20b9627000-7f20b963e000 r-xp 00003000 08:30 1037                       /usr/lib/x86_64-linux-gnu/libgcc_s.so.1
7f20b963e000-7f20b9642000 r--p 0001a000 08:30 1037                       /usr/lib/x86_64-linux-gnu/libgcc_s.so.1
7f20b9642000-7f20b9643000 r--p 0001d000 08:30 1037                       /usr/lib/x86_64-linux-gnu/libgcc_s.so.1
7f20b9643000-7f20b9644000 rw-p 0001e000 08:30 1037                       /usr/lib/x86_64-linux-gnu/libgcc_s.so.1
7f20b9644000-7f20b9800000 rw-p 00000000 00:00 0
7f20b9800000-7f20b980a000 r-xp 00000000 08:30 54526                      /usr/lib/jvm/java-21-amazon-corretto/lib/libinstrument.so
7f20b980a000-7f20b9a09000 ---p 0000a000 08:30 54526                      /usr/lib/jvm/java-21-amazon-corretto/lib/libinstrument.so
7f20b9a09000-7f20b9a0a000 r--p 00009000 08:30 54526                      /usr/lib/jvm/java-21-amazon-corretto/lib/libinstrument.so
7f20b9a0a000-7f20b9a0b000 rw-p 0000a000 08:30 54526                      /usr/lib/jvm/java-21-amazon-corretto/lib/libinstrument.so
7f20b9a0b000-7f20b9a0e000 r--p 00000000 08:30 59758                      /usr/lib/x86_64-linux-gnu/liblber-2.5.so.0.1.8
7f20b9a0e000-7f20b9a16000 r-xp 00003000 08:30 59758                      /usr/lib/x86_64-linux-gnu/liblber-2.5.so.0.1.8
7f20b9a16000-7f20b9a19000 r--p 0000b000 08:30 59758                      /usr/lib/x86_64-linux-gnu/liblber-2.5.so.0.1.8
7f20b9a19000-7f20b9a1a000 r--p 0000e000 08:30 59758                      /usr/lib/x86_64-linux-gnu/liblber-2.5.so.0.1.8
7f20b9a1a000-7f20b9a1b000 rw-p 0000f000 08:30 59758                      /usr/lib/x86_64-linux-gnu/liblber-2.5.so.0.1.8
7f20b9a1b000-7f20b9a1f000 r--p 00000000 08:30 59737                      /usr/lib/x86_64-linux-gnu/libjson-c.so.5.2.0
7f20b9a1f000-7f20b9a28000 r-xp 00004000 08:30 59737                      /usr/lib/x86_64-linux-gnu/libjson-c.so.5.2.0
7f20b9a28000-7f20b9a2c000 r--p 0000d000 08:30 59737                      /usr/lib/x86_64-linux-gnu/libjson-c.so.5.2.0
7f20b9a2c000-7f20b9a2d000 r--p 00010000 08:30 59737                      /usr/lib/x86_64-linux-gnu/libjson-c.so.5.2.0
7f20b9a2d000-7f20b9a2e000 rw-p 00011000 08:30 59737                      /usr/lib/x86_64-linux-gnu/libjson-c.so.5.2.0
7f20b9a2e000-7f20b9a37000 rw-p 00000000 00:00 0
7f20b9a37000-7f20b9b17000 ---p 00000000 00:00 0
7f20b9b17000-7f20b9b30000 rw-p 00000000 00:00 0
7f20b9b30000-7f20b9c00000 ---p 00000000 00:00 0
7f20b9c00000-7f20b9c1b000 r-xp 00000000 08:30 54535                      /usr/lib/jvm/java-21-amazon-corretto/lib/libjimage.so
7f20b9c1b000-7f20b9e1a000 ---p 0001b000 08:30 54535                      /usr/lib/jvm/java-21-amazon-corretto/lib/libjimage.so
7f20b9e1a000-7f20b9e1c000 r--p 0001a000 08:30 54535                      /usr/lib/jvm/java-21-amazon-corretto/lib/libjimage.so
7f20b9e1c000-7f20b9e1d000 rw-p 0001c000 08:30 54535                      /usr/lib/jvm/java-21-amazon-corretto/lib/libjimage.so
7f20b9e20000-7f20b9e24000 ---p 00000000 00:00 0
7f20b9e24000-7f20b9f20000 rw-p 00000000 00:00 0
7f20b9f20000-7f20b9f30000 r--p 00000000 08:30 1054                       /usr/lib/x86_64-linux-gnu/libm.so.6
7f20b9f30000-7f20b9fa4000 r-xp 00010000 08:30 1054                       /usr/lib/x86_64-linux-gnu/libm.so.6
7f20b9fa4000-7f20b9ffe000 r--p 00084000 08:30 1054                       /usr/lib/x86_64-linux-gnu/libm.so.6
7f20b9ffe000-7f20b9fff000 r--p 000dd000 08:30 1054                       /usr/lib/x86_64-linux-gnu/libm.so.6
7f20b9fff000-7f20ba000000 rw-p 000de000 08:30 1054                       /usr/lib/x86_64-linux-gnu/libm.so.6
7f20ba000000-7f20bb457000 r-xp 00000000 08:30 54568                      /usr/lib/jvm/java-21-amazon-corretto/lib/server/libjvm.so
7f20bb457000-7f20bb656000 ---p 01457000 08:30 54568                      /usr/lib/jvm/java-21-amazon-corretto/lib/server/libjvm.so
7f20bb656000-7f20bb72a000 r--p 01456000 08:30 54568                      /usr/lib/jvm/java-21-amazon-corretto/lib/server/libjvm.so
7f20bb72a000-7f20bb75a000 rw-p 0152a000 08:30 54568                      /usr/lib/jvm/java-21-amazon-corretto/lib/server/libjvm.so
7f20bb75a000-7f20bb7c0000 rw-p 00000000 00:00 0
7f20bb7c7000-7f20bb810000 rw-p 00000000 00:00 0
7f20bb810000-7f20bb817000 ---p 00000000 00:00 0
7f20bb817000-7f20bb81f000 rw-s 00000000 08:30 95177                      /tmp/hsperfdata_root/17967
7f20bb81f000-7f20bb845000 r--p 00000000 08:30 1015                       /usr/lib/x86_64-linux-gnu/libc.so.6
7f20bb845000-7f20bb99a000 r-xp 00026000 08:30 1015                       /usr/lib/x86_64-linux-gnu/libc.so.6
7f20bb99a000-7f20bb9ed000 r--p 0017b000 08:30 1015                       /usr/lib/x86_64-linux-gnu/libc.so.6
7f20bb9ed000-7f20bb9f1000 r--p 001ce000 08:30 1015                       /usr/lib/x86_64-linux-gnu/libc.so.6
7f20bb9f1000-7f20bb9f3000 rw-p 001d2000 08:30 1015                       /usr/lib/x86_64-linux-gnu/libc.so.6
7f20bb9f3000-7f20bba00000 rw-p 00000000 00:00 0
7f20bba00000-7f20bba0f000 r-xp 00000000 08:30 54536                      /usr/lib/jvm/java-21-amazon-corretto/lib/libjli.so
7f20bba0f000-7f20bbc0f000 ---p 0000f000 08:30 54536                      /usr/lib/jvm/java-21-amazon-corretto/lib/libjli.so
7f20bbc0f000-7f20bbc10000 r--p 0000f000 08:30 54536                      /usr/lib/jvm/java-21-amazon-corretto/lib/libjli.so
7f20bbc10000-7f20bbc11000 rw-p 00010000 08:30 54536                      /usr/lib/jvm/java-21-amazon-corretto/lib/libjli.so
7f20bbc11000-7f20bbc13000 r--p 00000000 08:30 1022                       /usr/lib/x86_64-linux-gnu/libcom_err.so.2.1
7f20bbc13000-7f20bbc14000 r-xp 00002000 08:30 1022                       /usr/lib/x86_64-linux-gnu/libcom_err.so.2.1
7f20bbc14000-7f20bbc15000 r--p 00003000 08:30 1022                       /usr/lib/x86_64-linux-gnu/libcom_err.so.2.1
7f20bbc15000-7f20bbc16000 r--p 00003000 08:30 1022                       /usr/lib/x86_64-linux-gnu/libcom_err.so.2.1
7f20bbc16000-7f20bbc17000 rw-p 00004000 08:30 1022                       /usr/lib/x86_64-linux-gnu/libcom_err.so.2.1
7f20bbc17000-7f20bbc18000 r--p 00000000 08:30 1083                       /usr/lib/x86_64-linux-gnu/librt.so.1
7f20bbc18000-7f20bbc19000 r-xp 00001000 08:30 1083                       /usr/lib/x86_64-linux-gnu/librt.so.1
7f20bbc19000-7f20bbc1a000 r--p 00002000 08:30 1083                       /usr/lib/x86_64-linux-gnu/librt.so.1
7f20bbc1a000-7f20bbc1b000 r--p 00002000 08:30 1083                       /usr/lib/x86_64-linux-gnu/librt.so.1
7f20bbc1b000-7f20bbc1c000 rw-p 00003000 08:30 1083                       /usr/lib/x86_64-linux-gnu/librt.so.1
7f20bbc1c000-7f20bbc20000 rw-p 00000000 00:00 0
7f20bbc20000-7f20bbc21000 r--p 00000000 08:30 1028                       /usr/lib/x86_64-linux-gnu/libdl.so.2
7f20bbc21000-7f20bbc22000 r-xp 00001000 08:30 1028                       /usr/lib/x86_64-linux-gnu/libdl.so.2
7f20bbc22000-7f20bbc23000 r--p 00002000 08:30 1028                       /usr/lib/x86_64-linux-gnu/libdl.so.2
7f20bbc23000-7f20bbc24000 r--p 00002000 08:30 1028                       /usr/lib/x86_64-linux-gnu/libdl.so.2
7f20bbc24000-7f20bbc25000 rw-p 00003000 08:30 1028                       /usr/lib/x86_64-linux-gnu/libdl.so.2
7f20bbc25000-7f20bbc26000 r--p 00000000 08:30 1081                       /usr/lib/x86_64-linux-gnu/libpthread.so.0
7f20bbc26000-7f20bbc27000 r-xp 00001000 08:30 1081                       /usr/lib/x86_64-linux-gnu/libpthread.so.0
7f20bbc27000-7f20bbc28000 r--p 00002000 08:30 1081                       /usr/lib/x86_64-linux-gnu/libpthread.so.0
7f20bbc28000-7f20bbc29000 r--p 00002000 08:30 1081                       /usr/lib/x86_64-linux-gnu/libpthread.so.0
7f20bbc29000-7f20bbc2a000 rw-p 00003000 08:30 1081                       /usr/lib/x86_64-linux-gnu/libpthread.so.0
7f20bbc2a000-7f20bbc2d000 r--p 00000000 08:30 1114                       /usr/lib/x86_64-linux-gnu/libz.so.1.2.13
7f20bbc2d000-7f20bbc40000 r-xp 00003000 08:30 1114                       /usr/lib/x86_64-linux-gnu/libz.so.1.2.13
7f20bbc40000-7f20bbc47000 r--p 00016000 08:30 1114                       /usr/lib/x86_64-linux-gnu/libz.so.1.2.13
7f20bbc47000-7f20bbc48000 r--p 0001c000 08:30 1114                       /usr/lib/x86_64-linux-gnu/libz.so.1.2.13
7f20bbc48000-7f20bbc49000 rw-p 0001d000 08:30 1114                       /usr/lib/x86_64-linux-gnu/libz.so.1.2.13
7f20bbc4c000-7f20bbc4d000 r-xp 00000000 00:00 0
7f20bbc4d000-7f20bbc4e000 ---p 00000000 00:00 0
7f20bbc4e000-7f20bbc4f000 r--p 00000000 00:00 0
7f20bbc4f000-7f20bbc50000 ---p 00000000 00:00 0
7f20bbc50000-7f20bbc52000 rw-p 00000000 00:00 0
7f20bbc52000-7f20bbc53000 r--p 00000000 08:30 997                        /usr/lib/x86_64-linux-gnu/ld-linux-x86-64.so.2
7f20bbc53000-7f20bbc79000 r-xp 00001000 08:30 997                        /usr/lib/x86_64-linux-gnu/ld-linux-x86-64.so.2
7f20bbc79000-7f20bbc83000 r--p 00027000 08:30 997                        /usr/lib/x86_64-linux-gnu/ld-linux-x86-64.so.2
7f20bbc83000-7f20bbc85000 r--p 00031000 08:30 997                        /usr/lib/x86_64-linux-gnu/ld-linux-x86-64.so.2
7f20bbc85000-7f20bbc87000 rw-p 00033000 08:30 997                        /usr/lib/x86_64-linux-gnu/ld-linux-x86-64.so.2
7ffd56a89000-7ffd56aaa000 rw-p 00000000 00:00 0                          [stack]
7ffd56b35000-7ffd56b39000 r--p 00000000 00:00 0                          [vvar]
7ffd56b39000-7ffd56b3b000 r-xp 00000000 00:00 0                          [vdso]
Total number of mappings: 557


VM Arguments:
jvm_args: -javaagent:/root/.m2/repository/org/jacoco/org.jacoco.agent/0.8.11/org.jacoco.agent-0.8.11-runtime.jar=destfile=/usr/local/jmeos/target/jacoco.exec
java_command: /usr/local/jmeos/target/surefire/surefirebooter-20250905100721159_3.jar /usr/local/jmeos/target/surefire 2025-09-05T10-07-20_570-jvmRun1 surefire-20250905100721159_1tmp surefire_0-20250905100721159_2tmp
java_class_path (initial): /usr/local/jmeos/target/surefire/surefirebooter-20250905100721159_3.jar
Launcher Type: SUN_STANDARD

[Global flags]
     intx CICompilerCount                          = 12                                        {product} {ergonomic}
     uint ConcGCThreads                            = 3                                         {product} {ergonomic}
     uint G1ConcRefinementThreads                  = 13                                        {product} {ergonomic}
   size_t G1HeapRegionSize                         = 2097152                                   {product} {ergonomic}
    uintx GCDrainStackTargetSize                   = 64                                        {product} {ergonomic}
   size_t InitialHeapSize                          = 255852544                                 {product} {ergonomic}
   size_t MarkStackSize                            = 4194304                                   {product} {ergonomic}
   size_t MaxHeapSize                              = 4081057792                                {product} {ergonomic}
   size_t MaxNewSize                               = 2447376384                                {product} {ergonomic}
   size_t MinHeapDeltaBytes                        = 2097152                                   {product} {ergonomic}
   size_t MinHeapSize                              = 8388608                                   {product} {ergonomic}
    uintx NonNMethodCodeHeapSize                   = 7602480                                {pd product} {ergonomic}
    uintx NonProfiledCodeHeapSize                  = 122027880                              {pd product} {ergonomic}
    uintx ProfiledCodeHeapSize                     = 122027880                              {pd product} {ergonomic}
    uintx ReservedCodeCacheSize                    = 251658240                              {pd product} {ergonomic}
     bool SegmentedCodeCache                       = true                                      {product} {ergonomic}
   size_t SoftMaxHeapSize                          = 4081057792                             {manageable} {ergonomic}
     bool UseCompressedOops                        = true                           {product lp64_product} {ergonomic}
     bool UseG1GC                                  = true                                      {product} {ergonomic}

Logging:
Log output configuration:
 #0: stdout all=warning uptime,level,tags foldmultilines=false
 #1: stderr all=off uptime,level,tags foldmultilines=false

Environment Variables:
PATH=/vscode/vscode-server/bin/linux-x64/2901c5ac6db8a986a5666c3af51ff804d05af0d4/bin/remote-cli:/usr/local/sbin:/usr/local/bin:/usr/sbin:/usr/bin:/sbin:/bin
SHELL=/bin/bash
LANG=en_US.UTF-8
TERM=xterm-256color

Active Locale:
LC_ALL=C
LC_COLLATE=C
LC_CTYPE=C
LC_MESSAGES=C
LC_MONETARY=C
LC_NUMERIC=C
LC_TIME=C

Signal Handlers:
   SIGSEGV: crash_handler in libjvm.so, mask=11100100010111111101111111111110, flags=SA_RESTART|SA_SIGINFO, unblocked
    SIGBUS: crash_handler in libjvm.so, mask=11100100010111111101111111111110, flags=SA_RESTART|SA_SIGINFO, unblocked
    SIGFPE: crash_handler in libjvm.so, mask=11100100010111111101111111111110, flags=SA_RESTART|SA_SIGINFO, unblocked
   SIGPIPE: javaSignalHandler in libjvm.so, mask=11100100010111111101111111111110, flags=SA_RESTART|SA_SIGINFO, blocked
   SIGXFSZ: javaSignalHandler in libjvm.so, mask=11100100010111111101111111111110, flags=SA_RESTART|SA_SIGINFO, blocked
    SIGILL: crash_handler in libjvm.so, mask=11100100010111111101111111111110, flags=SA_RESTART|SA_SIGINFO, unblocked
   SIGUSR2: SR_handler in libjvm.so, mask=00000000000000000000000000000000, flags=SA_RESTART|SA_SIGINFO, blocked
    SIGHUP: UserHandler in libjvm.so, mask=11100100010111111101111111111110, flags=SA_RESTART|SA_SIGINFO, blocked
    SIGINT: UserHandler in libjvm.so, mask=11100100010111111101111111111110, flags=SA_RESTART|SA_SIGINFO, blocked
   SIGTERM: UserHandler in libjvm.so, mask=11100100010111111101111111111110, flags=SA_RESTART|SA_SIGINFO, blocked
   SIGQUIT: UserHandler in libjvm.so, mask=11100100010111111101111111111110, flags=SA_RESTART|SA_SIGINFO, blocked
   SIGTRAP: crash_handler in libjvm.so, mask=11100100010111111101111111111110, flags=SA_RESTART|SA_SIGINFO, unblocked


Periodic native trim disabled

---------------  S Y S T E M  ---------------

OS:
PRETTY_NAME="Debian GNU/Linux 12 (bookworm)"
NAME="Debian GNU/Linux"
VERSION_ID="12"
VERSION="12 (bookworm)"
VERSION_CODENAME=bookworm
ID=debian
HOME_URL="https://www.debian.org/"
SUPPORT_URL="https://www.debian.org/support"
BUG_REPORT_URL="https://bugs.debian.org/"
uname: Linux 5.15.167.4-microsoft-standard-WSL2 #1 SMP Tue Nov 5 00:21:55 UTC 2024 x86_64
OS uptime: 0 days 1:36 hours
libc: glibc 2.36 NPTL 2.36
rlimit (soft/hard): STACK 8192k/infinity , CORE 0k/infinity , NPROC infinity/infinity , NOFILE 1048576/1048576 , AS infinity/infinity , CPU infinity/infinity , DATA infinity/infinity , FSIZE infinity/infinity , MEMLOCK infinity/infinity
load average: 1.19 0.42 0.20

/proc/meminfo:
MemTotal:       15937872 kB
MemFree:        13319208 kB
MemAvailable:   13603704 kB
Buffers:            6296 kB
Cached:           507624 kB
SwapCached:            0 kB
Active:           137140 kB
Inactive:        2082940 kB
Active(anon):       2212 kB
Inactive(anon):  1707636 kB
Active(file):     134928 kB
Inactive(file):   375304 kB
Unevictable:           0 kB
Mlocked:               0 kB
SwapTotal:       4194304 kB
SwapFree:        4194304 kB
Dirty:              1296 kB
Writeback:             0 kB
AnonPages:       1662292 kB
Mapped:           376168 kB
Shmem:              3652 kB
KReclaimable:      41916 kB
Slab:             112204 kB
SReclaimable:      41916 kB
SUnreclaim:        70288 kB
KernelStack:       10080 kB
PageTables:        15748 kB
NFS_Unstable:          0 kB
Bounce:                0 kB
WritebackTmp:          0 kB
CommitLimit:    12163240 kB
Committed_AS:    3225628 kB
VmallocTotal:   34359738367 kB
VmallocUsed:       32812 kB
VmallocChunk:          0 kB
Percpu:             5568 kB
AnonHugePages:    768000 kB
ShmemHugePages:        0 kB
ShmemPmdMapped:        0 kB
FileHugePages:         0 kB
FilePmdMapped:         0 kB
HugePages_Total:       0
HugePages_Free:        0
HugePages_Rsvd:        0
HugePages_Surp:        0
Hugepagesize:       2048 kB
Hugetlb:               0 kB
DirectMap4k:       29696 kB
DirectMap2M:     5812224 kB
DirectMap1G:    18874368 kB

/sys/kernel/mm/transparent_hugepage/enabled: [always] madvise never
/sys/kernel/mm/transparent_hugepage/hpage_pmd_size: 2097152
/sys/kernel/mm/transparent_hugepage/defrag (defrag/compaction efforts parameter): always defer defer+madvise [madvise] never

Process Memory:
Virtual Size: 8261832K (peak: 8261832K)
Resident Set Size: 470332K (peak: 470336K) (anon: 433656K, file: 36676K, shmem: 0K)
Swapped out: 0K
C-Heap outstanding allocations: 129439K, retained: 50488K
glibc malloc tunables: (default)

/proc/sys/kernel/threads-max (system-wide limit on the number of threads): 124460
/proc/sys/vm/max_map_count (maximum number of memory map areas a process may have): 262144
/proc/sys/vm/swappiness (control to define how aggressively the kernel swaps out anonymous memory): 60
/proc/sys/kernel/pid_max (system-wide limit on number of process identifiers): 99999

container (cgroup) information:
container_type: cgroupv1
cpu_cpuset_cpus: 0-15
cpu_memory_nodes: 0
active_processor_count: 16
cpu_quota: no quota
cpu_period: 100000
cpu_shares: no shares
memory_limit_in_bytes: unlimited
memory_and_swap_limit_in_bytes: unlimited
memory_soft_limit_in_bytes: unlimited
memory_usage_in_bytes: 1479880 k
memory_max_usage_in_bytes: 1488000 k
kernel_memory_usage_in_bytes: 26012 k
kernel_memory_max_usage_in_bytes: unlimited
kernel_memory_limit_in_bytes: 28116 k
maximum number of tasks: unlimited
current number of tasks: 160

Hyper-V virtualization detected
Steal ticks since vm start: 0
Steal ticks percentage since vm start:  0.000

CPU: total 16 (initial active 16) (16 cores per cpu, 2 threads per core) family 25 model 97 stepping 2 microcode 0xffffffff, cx8, cmov, fxsr, ht, mmx, 3dnowpref, sse, sse2, sse3, ssse3, sse4a, sse4.1, sse4.2, popcnt, lzcnt, tsc, tscinvbit, avx, avx2, aes, erms, clmul, bmi1, bmi2, adx, avx512f, avx512dq, avx512cd, avx512bw, avx512vl, sha, fma, vzeroupper, avx512_vpopcntdq, avx512_vpclmulqdq, avx512_vaes, avx512_vnni, clflush, clflushopt, avx512_vbmi2, avx512_vbmi, hv, rdtscp, rdpid, fsrm, gfni, avx512_bitalg, f16c, cet_ss, avx512_ifma
CPU Model and flags from /proc/cpuinfo:
model name	: AMD Ryzen 7 7800X3D 8-Core Processor
flags		: fpu vme de pse tsc msr pae mce cx8 apic sep mtrr pge mca cmov pat pse36 clflush mmx fxsr sse sse2 ht syscall nx mmxext fxsr_opt pdpe1gb rdtscp lm constant_tsc rep_good nopl tsc_reliable nonstop_tsc cpuid extd_apicid pni pclmulqdq ssse3 fma cx16 sse4_1 sse4_2 movbe popcnt aes xsave avx f16c rdrand hypervisor lahf_lm cmp_legacy svm cr8_legacy abm sse4a misalignsse 3dnowprefetch osvw topoext perfctr_core ssbd ibrs ibpb stibp vmmcall fsgsbase bmi1 avx2 smep bmi2 erms invpcid avx512f avx512dq rdseed adx smap avx512ifma clflushopt clwb avx512cd sha_ni avx512bw avx512vl xsaveopt xsavec xgetbv1 xsaves avx512_bf16 clzero xsaveerptr arat npt nrip_save tsc_scale vmcb_clean flushbyasid decodeassists pausefilter pfthreshold v_vmsave_vmload avx512vbmi umip avx512_vbmi2 gfni vaes vpclmulqdq avx512_vnni avx512_bitalg avx512_vpopcntdq rdpid fsrm

Online cpus: 0-15
Offline cpus:
BIOS frequency limitation: <Not Available>
Frequency switch latency (ns): <Not Available>
Available cpu frequencies: <Not Available>
Current governor: <Not Available>
Core performance/turbo boost: <Not Available>

Memory: 4k page, physical 15937872k(13603704k free), swap 4194304k(4194304k free)
Page Sizes: 4k

vm_info: OpenJDK 64-Bit Server VM (21.0.6+7-LTS) for linux-amd64 JRE (21.0.6+7-LTS), built on 2025-01-07T23:42:45Z by "jenkins" with gcc 7.3.1 20180303 (Red Hat 7.3.1-5)

END.
